datetime,path,source,status,bytes_in,bytes_out,msg
2025-10-02T21:02:34,imagesnew1/lens/lens1/AEL0001_アイエクリプス_グレムーン_1day_lens.jpg,https://raw.githubusercontent.com/y4m4usr/HL001-quiz-karacon-academia-new/e2cbacf2d8d24222662151e6c4ed3edab7444774/imagesnew1/lens/lens1/AEL0001_アイエクリプス_グレムーン_1day_lens.jpg,NG,606984,0,decode/reencode failed
2025-10-02T21:02:34,imagesnew1/lens/lens1/AEL0001_アイエクリプス_ブルムーン_1day_lens.jpg,https://raw.githubusercontent.com/y4m4usr/HL001-quiz-karacon-academia-new/e2cbacf2d8d24222662151e6c4ed3edab7444774/imagesnew1/lens/lens1/AEL0001_アイエクリプス_ブルムーン_1day_lens.jpg,NG,606472,0,decode/reencode failed
2025-10-02T21:02:35,imagesnew1/lens/lens1/AEL0001_アイエクリプス_ライトムーン_1day_lens.jpg,https://raw.githubusercontent.com/y4m4usr/HL001-quiz-karacon-academia-new/e2cbacf2d8d24222662151e6c4ed3edab7444774/imagesnew1/lens/lens1/AEL0001_アイエクリプス_ライトムーン_1day_lens.jpg,NG,606709,0,decode/reencode failed
2025-10-02T21:02:35,imagesnew1/lens/lens1/AEL0002_アイエクリプス_サターン_1day_lens.jpg,https://raw.githubusercontent.com/y4m4usr/HL001-quiz-karacon-academia-new/e2cbacf2d8d24222662151e6c4ed3edab7444774/imagesnew1/lens/lens1/AEL0002_アイエクリプス_サターン_1day_lens.jpg,NG,606618,0,decode/reencode failed
2025-10-02T21:02:35,imagesnew1/lens/lens1/AEL0002_アイエクリプス_ブラムーン_1day_lens.jpg,https://raw.githubusercontent.com/y4m4usr/HL001-quiz-karacon-academia-new/e2cbacf2d8d24222662151e6c4ed3edab7444774/imagesnew1/lens/lens1/AEL0002_アイエクリプス_ブラムーン_1day_lens.jpg,NG,607050,0,decode/reencode failed
2025-10-02T21:02:35,imagesnew1/lens/lens1/AEL0003_アイエクリプス_グレムーン_1month_lens.jpg,https://raw.githubusercontent.com/y4m4usr/HL001-quiz-karacon-academia-new/e2cbacf2d8d24222662151e6c4ed3edab7444774/imagesnew1/lens/lens1/AEL0003_アイエクリプス_グレムーン_1month_lens.jpg,NG,606817,0,decode/reencode failed
2025-10-02T21:02:36,imagesnew1/lens/lens1/AG0003_バンビシリーズ_アーモンド_1day_lens.jpg,https://raw.githubusercontent.com/y4m4usr/HL001-quiz-karacon-academia-new/e2cbacf2d8d24222662151e6c4ed3edab7444774/imagesnew1/lens/lens1/AG0003_バンビシリーズ_アーモンド_1day_lens.jpg,NG,606722,0,decode/reencode failed
2025-10-02T21:02:36,imagesnew1/lens/lens1/AG0003_バンビシリーズ_カシスブラウン_1day_lens.jpg,https://raw.githubusercontent.com/y4m4usr/HL001-quiz-karacon-academia-new/e2cbacf2d8d24222662151e6c4ed3edab7444774/imagesnew1/lens/lens1/AG0003_バンビシリーズ_カシスブラウン_1day_lens.jpg,NG,606790,0,decode/reencode failed
2025-10-02T21:02:36,imagesnew1/lens/lens1/AG0003_バンビシリーズ_クリームピンク_1day_lens.jpg,https://raw.githubusercontent.com/y4m4usr/HL001-quiz-karacon-academia-new/e2cbacf2d8d24222662151e6c4ed3edab7444774/imagesnew1/lens/lens1/AG0003_バンビシリーズ_クリームピンク_1day_lens.jpg,NG,606498,0,decode/reencode failed
2025-10-02T21:02:36,imagesnew1/lens/lens1/AG0003_バンビシリーズ_ショコラ_1day_lens.jpg,https://raw.githubusercontent.com/y4m4usr/HL001-quiz-karacon-academia-new/e2cbacf2d8d24222662151e6c4ed3edab7444774/imagesnew1/lens/lens1/AG0003_バンビシリーズ_ショコラ_1day_lens.jpg,NG,606558,0,decode/reencode failed
2025-10-02T21:02:37,imagesnew1/lens/lens1/AG0003_バンビシリーズ_スワングレー_1day_lens.jpg,https://raw.githubusercontent.com/y4m4usr/HL001-quiz-karacon-academia-new/e2cbacf2d8d24222662151e6c4ed3edab7444774/imagesnew1/lens/lens1/AG0003_バンビシリーズ_スワングレー_1day_lens.jpg,NG,607042,0,decode/reencode failed
2025-10-02T21:02:37,imagesnew1/lens/lens1/AG0003_バンビシリーズ_スワンブルー_1day_lens.jpg,https://raw.githubusercontent.com/y4m4usr/HL001-quiz-karacon-academia-new/e2cbacf2d8d24222662151e6c4ed3edab7444774/imagesnew1/lens/lens1/AG0003_バンビシリーズ_スワンブルー_1day_lens.jpg,NG,606697,0,decode/reencode failed
2025-10-02T21:02:37,imagesnew1/lens/lens1/AG0003_バンビシリーズ_パールグレー_1day_lens.jpg,https://raw.githubusercontent.com/y4m4usr/HL001-quiz-karacon-academia-new/e2cbacf2d8d24222662151e6c4ed3edab7444774/imagesnew1/lens/lens1/AG0003_バンビシリーズ_パールグレー_1day_lens.jpg,NG,606734,0,decode/reencode failed
2025-10-02T21:02:38,imagesnew1/lens/lens1/AG0003_バンビシリーズ_ミルクベージュ_1day_lens.jpg,https://raw.githubusercontent.com/y4m4usr/HL001-quiz-karacon-academia-new/e2cbacf2d8d24222662151e6c4ed3edab7444774/imagesnew1/lens/lens1/AG0003_バンビシリーズ_ミルクベージュ_1day_lens.jpg,NG,606643,0,decode/reencode failed
2025-10-02T21:02:38,imagesnew1/lens/lens1/AG0003_バンビシリーズ_レモンヘーゼル_1day_lens.jpg,https://raw.githubusercontent.com/y4m4usr/HL001-quiz-karacon-academia-new/e2cbacf2d8d24222662151e6c4ed3edab7444774/imagesnew1/lens/lens1/AG0003_バンビシリーズ_レモンヘーゼル_1day_lens.jpg,NG,606718,0,decode/reencode failed
2025-10-02T21:02:38,imagesnew1/lens/lens1/AG0005_バンビシリーズ_アーモンド_1month_lens.jpg,https://raw.githubusercontent.com/y4m4usr/HL001-quiz-karacon-academia-new/e2cbacf2d8d24222662151e6c4ed3edab7444774/imagesnew1/lens/lens1/AG0005_バンビシリーズ_アーモンド_1month_lens.jpg,NG,606634,0,decode/reencode failed
2025-10-02T21:02:38,imagesnew1/lens/lens1/AG0005_バンビシリーズ_スワングレー_1month_lens.jpg,https://raw.githubusercontent.com/y4m4usr/HL001-quiz-karacon-academia-new/e2cbacf2d8d24222662151e6c4ed3edab7444774/imagesnew1/lens/lens1/AG0005_バンビシリーズ_スワングレー_1month_lens.jpg,NG,606645,0,decode/reencode failed
2025-10-02T21:02:39,imagesnew1/lens/lens1/AG0005_バンビシリーズ_スワンブルー_1month_lens.jpg,https://raw.githubusercontent.com/y4m4usr/HL001-quiz-karacon-academia-new/e2cbacf2d8d24222662151e6c4ed3edab7444774/imagesnew1/lens/lens1/AG0005_バンビシリーズ_スワンブルー_1month_lens.jpg,NG,606586,0,decode/reencode failed
2025-10-02T21:02:39,imagesnew1/lens/lens1/AG0007_バンビシリーズ_セサミムーン_1day_lens.jpg,https://raw.githubusercontent.com/y4m4usr/HL001-quiz-karacon-academia-new/e2cbacf2d8d24222662151e6c4ed3edab7444774/imagesnew1/lens/lens1/AG0007_バンビシリーズ_セサミムーン_1day_lens.jpg,NG,606921,0,decode/reencode failed
2025-10-02T21:02:39,imagesnew1/lens/lens1/AG0007_バンビシリーズ_ハニームーン_1day_lens.jpg,https://raw.githubusercontent.com/y4m4usr/HL001-quiz-karacon-academia-new/e2cbacf2d8d24222662151e6c4ed3edab7444774/imagesnew1/lens/lens1/AG0007_バンビシリーズ_ハニームーン_1day_lens.jpg,NG,606698,0,decode/reencode failed
2025-10-02T21:02:40,imagesnew1/lens/lens1/AG0007_バンビシリーズ_ブルーベリームーン_1day_lens.jpg,https://raw.githubusercontent.com/y4m4usr/HL001-quiz-karacon-academia-new/e2cbacf2d8d24222662151e6c4ed3edab7444774/imagesnew1/lens/lens1/AG0007_バンビシリーズ_ブルーベリームーン_1day_lens.jpg,NG,606672,0,decode/reencode failed
2025-10-02T21:02:40,imagesnew1/lens/lens1/AG0021_バンビシリーズ ヴィンテージ_ヴィンテージクラシック_1day_lens.jpg,https://raw.githubusercontent.com/y4m4usr/HL001-quiz-karacon-academia-new/e2cbacf2d8d24222662151e6c4ed3edab7444774/imagesnew1/lens/lens1/AG0021_バンビシリーズ ヴィンテージ_ヴィンテージクラシック_1day_lens.jpg,NG,606462,0,decode/reencode failed
2025-10-02T21:02:40,imagesnew1/lens/lens1/AG0021_バンビシリーズ ヴィンテージ_ヴィンテージグレー_1day_lens.jpg,https://raw.githubusercontent.com/y4m4usr/HL001-quiz-karacon-academia-new/e2cbacf2d8d24222662151e6c4ed3edab7444774/imagesnew1/lens/lens1/AG0021_バンビシリーズ ヴィンテージ_ヴィンテージグレー_1day_lens.jpg,NG,606841,0,decode/reencode failed
2025-10-02T21:02:41,imagesnew1/lens/lens1/AG0021_バンビシリーズ ヴィンテージ_ヴィンテージグレージュ_1day_lens.jpg,https://raw.githubusercontent.com/y4m4usr/HL001-quiz-karacon-academia-new/e2cbacf2d8d24222662151e6c4ed3edab7444774/imagesnew1/lens/lens1/AG0021_バンビシリーズ ヴィンテージ_ヴィンテージグレージュ_1day_lens.jpg,NG,606886,0,decode/reencode failed
2025-10-02T21:02:41,imagesnew1/lens/lens1/AG0021_バンビシリーズ ヴィンテージ_ヴィンテージセージ_1day_lens.jpg,https://raw.githubusercontent.com/y4m4usr/HL001-quiz-karacon-academia-new/e2cbacf2d8d24222662151e6c4ed3edab7444774/imagesnew1/lens/lens1/AG0021_バンビシリーズ ヴィンテージ_ヴィンテージセージ_1day_lens.jpg,NG,607962,0,decode/reencode failed
2025-10-02T21:02:41,imagesnew1/lens/lens1/AG0021_バンビシリーズ ヴィンテージ_ヴィンテージピスタチオ_1day_lens.jpg,https://raw.githubusercontent.com/y4m4usr/HL001-quiz-karacon-academia-new/e2cbacf2d8d24222662151e6c4ed3edab7444774/imagesnew1/lens/lens1/AG0021_バンビシリーズ ヴィンテージ_ヴィンテージピスタチオ_1day_lens.jpg,NG,606818,0,decode/reencode failed
2025-10-02T21:02:41,imagesnew1/lens/lens1/AG0021_バンビシリーズ ヴィンテージ_ヴィンテージベアー_1day_lens.jpg,https://raw.githubusercontent.com/y4m4usr/HL001-quiz-karacon-academia-new/e2cbacf2d8d24222662151e6c4ed3edab7444774/imagesnew1/lens/lens1/AG0021_バンビシリーズ ヴィンテージ_ヴィンテージベアー_1day_lens.jpg,NG,606547,0,decode/reencode failed
2025-10-02T21:02:42,imagesnew1/lens/lens1/AG0021_バンビシリーズ ヴィンテージ_ヴィンテージヘーゼル_1day_lens.jpg,https://raw.githubusercontent.com/y4m4usr/HL001-quiz-karacon-academia-new/e2cbacf2d8d24222662151e6c4ed3edab7444774/imagesnew1/lens/lens1/AG0021_バンビシリーズ ヴィンテージ_ヴィンテージヘーゼル_1day_lens.jpg,NG,606748,0,decode/reencode failed
2025-10-02T21:02:42,imagesnew1/lens/lens1/AG0021_バンビシリーズ ヴィンテージ_ヴィンテージラベンダー_1day_lens.jpg,https://raw.githubusercontent.com/y4m4usr/HL001-quiz-karacon-academia-new/e2cbacf2d8d24222662151e6c4ed3edab7444774/imagesnew1/lens/lens1/AG0021_バンビシリーズ ヴィンテージ_ヴィンテージラベンダー_1day_lens.jpg,NG,606543,0,decode/reencode failed
2025-10-02T21:02:42,imagesnew1/lens/lens1/AG0021_バンビシリーズ ヴィンテージ_ナチュラルヌード_1day_lens.jpg,https://raw.githubusercontent.com/y4m4usr/HL001-quiz-karacon-academia-new/e2cbacf2d8d24222662151e6c4ed3edab7444774/imagesnew1/lens/lens1/AG0021_バンビシリーズ ヴィンテージ_ナチュラルヌード_1day_lens.jpg,NG,606430,0,decode/reencode failed
2025-10-02T21:02:42,imagesnew1/lens/lens1/AG0021_バンビシリーズ ヴィンテージ_ナチュラルブラウン_1day_lens.jpg,https://raw.githubusercontent.com/y4m4usr/HL001-quiz-karacon-academia-new/e2cbacf2d8d24222662151e6c4ed3edab7444774/imagesnew1/lens/lens1/AG0021_バンビシリーズ ヴィンテージ_ナチュラルブラウン_1day_lens.jpg,NG,606942,0,decode/reencode failed
2025-10-02T21:02:43,imagesnew1/lens/lens1/AG0021_バンビシリーズ ヴィンテージ_ピュアブラウン_1day_lens.jpg,https://raw.githubusercontent.com/y4m4usr/HL001-quiz-karacon-academia-new/e2cbacf2d8d24222662151e6c4ed3edab7444774/imagesnew1/lens/lens1/AG0021_バンビシリーズ ヴィンテージ_ピュアブラウン_1day_lens.jpg,NG,606238,0,decode/reencode failed
2025-10-02T21:02:43,imagesnew1/lens/lens1/AMU0001_アミュリー_テディボア_1day_lens.jpg,https://raw.githubusercontent.com/y4m4usr/HL001-quiz-karacon-academia-new/e2cbacf2d8d24222662151e6c4ed3edab7444774/imagesnew1/lens/lens1/AMU0001_アミュリー_テディボア_1day_lens.jpg,NG,606493,0,decode/reencode failed
2025-10-02T21:02:43,imagesnew1/lens/lens1/AMU0001_アミュリー_トフィークラウン_1day_lens.jpg,https://raw.githubusercontent.com/y4m4usr/HL001-quiz-karacon-academia-new/e2cbacf2d8d24222662151e6c4ed3edab7444774/imagesnew1/lens/lens1/AMU0001_アミュリー_トフィークラウン_1day_lens.jpg,NG,606529,0,decode/reencode failed
2025-10-02T21:02:43,imagesnew1/lens/lens1/AMU0001_アミュリー_ブランデーメリィ_1day_lens.jpg,https://raw.githubusercontent.com/y4m4usr/HL001-quiz-karacon-academia-new/e2cbacf2d8d24222662151e6c4ed3edab7444774/imagesnew1/lens/lens1/AMU0001_アミュリー_ブランデーメリィ_1day_lens.jpg,NG,606417,0,decode/reencode failed
2025-10-02T21:02:44,imagesnew1/lens/lens1/AMU0001_アミュリー_ミュウグリス_1day_lens.jpg,https://raw.githubusercontent.com/y4m4usr/HL001-quiz-karacon-academia-new/e2cbacf2d8d24222662151e6c4ed3edab7444774/imagesnew1/lens/lens1/AMU0001_アミュリー_ミュウグリス_1day_lens.jpg,NG,606840,0,decode/reencode failed
2025-10-02T21:02:44,imagesnew1/lens/lens1/BA0001_バブリス_アメリーブラウン_1day_lens.jpg,https://raw.githubusercontent.com/y4m4usr/HL001-quiz-karacon-academia-new/e2cbacf2d8d24222662151e6c4ed3edab7444774/imagesnew1/lens/lens1/BA0001_バブリス_アメリーブラウン_1day_lens.jpg,NG,606720,0,decode/reencode failed
2025-10-02T21:02:44,imagesnew1/lens/lens1/BA0001_バブリス_ダーリーグレージュ_1day_lens.jpg,https://raw.githubusercontent.com/y4m4usr/HL001-quiz-karacon-academia-new/e2cbacf2d8d24222662151e6c4ed3edab7444774/imagesnew1/lens/lens1/BA0001_バブリス_ダーリーグレージュ_1day_lens.jpg,NG,606457,0,decode/reencode failed
2025-10-02T21:02:44,imagesnew1/lens/lens1/BA0001_バブリス_ダーリーベージュ_1day_lens.jpg,https://raw.githubusercontent.com/y4m4usr/HL001-quiz-karacon-academia-new/e2cbacf2d8d24222662151e6c4ed3edab7444774/imagesnew1/lens/lens1/BA0001_バブリス_ダーリーベージュ_1day_lens.jpg,NG,607066,0,decode/reencode failed
2025-10-02T21:02:45,imagesnew1/lens/lens1/BA0001_バブリス_ルナリーグレー_1day_lens.jpg,https://raw.githubusercontent.com/y4m4usr/HL001-quiz-karacon-academia-new/e2cbacf2d8d24222662151e6c4ed3edab7444774/imagesnew1/lens/lens1/BA0001_バブリス_ルナリーグレー_1day_lens.jpg,NG,607068,0,decode/reencode failed
2025-10-02T21:02:45,imagesnew1/lens/lens1/CHM0001_チューズミー_エッセンスベージュ_1day_lens.jpg,https://raw.githubusercontent.com/y4m4usr/HL001-quiz-karacon-academia-new/e2cbacf2d8d24222662151e6c4ed3edab7444774/imagesnew1/lens/lens1/CHM0001_チューズミー_エッセンスベージュ_1day_lens.jpg,NG,606565,0,decode/reencode failed
2025-10-02T21:02:45,imagesnew1/lens/lens1/CHM0001_チューズミー_グロスブラウン_1day_lens.jpg,https://raw.githubusercontent.com/y4m4usr/HL001-quiz-karacon-academia-new/e2cbacf2d8d24222662151e6c4ed3edab7444774/imagesnew1/lens/lens1/CHM0001_チューズミー_グロスブラウン_1day_lens.jpg,NG,606835,0,decode/reencode failed
2025-10-02T21:02:46,imagesnew1/lens/lens1/CHM0001_チューズミー_シフォンブラウン_1day_lens.jpg,https://raw.githubusercontent.com/y4m4usr/HL001-quiz-karacon-academia-new/e2cbacf2d8d24222662151e6c4ed3edab7444774/imagesnew1/lens/lens1/CHM0001_チューズミー_シフォンブラウン_1day_lens.jpg,NG,606589,0,decode/reencode failed
2025-10-02T21:02:46,imagesnew1/lens/lens1/CHM0001_チューズミー_セラムグレー_1day_lens.jpg,https://raw.githubusercontent.com/y4m4usr/HL001-quiz-karacon-academia-new/e2cbacf2d8d24222662151e6c4ed3edab7444774/imagesnew1/lens/lens1/CHM0001_チューズミー_セラムグレー_1day_lens.jpg,NG,606816,0,decode/reencode failed
2025-10-02T21:02:46,imagesnew1/lens/lens1/CHM0001_チューズミー_チョコブラウン_1day_lens.jpg,https://raw.githubusercontent.com/y4m4usr/HL001-quiz-karacon-academia-new/e2cbacf2d8d24222662151e6c4ed3edab7444774/imagesnew1/lens/lens1/CHM0001_チューズミー_チョコブラウン_1day_lens.jpg,NG,606582,0,decode/reencode failed
2025-10-02T21:02:46,imagesnew1/lens/lens1/CHM0001_チューズミー_ティアーオリーブ_1day_lens.jpg,https://raw.githubusercontent.com/y4m4usr/HL001-quiz-karacon-academia-new/e2cbacf2d8d24222662151e6c4ed3edab7444774/imagesnew1/lens/lens1/CHM0001_チューズミー_ティアーオリーブ_1day_lens.jpg,NG,606844,0,decode/reencode failed
2025-10-02T21:02:47,imagesnew1/lens/lens1/CHM0001_チューズミー_ハニーベージュ_1day_lens.jpg,https://raw.githubusercontent.com/y4m4usr/HL001-quiz-karacon-academia-new/e2cbacf2d8d24222662151e6c4ed3edab7444774/imagesnew1/lens/lens1/CHM0001_チューズミー_ハニーベージュ_1day_lens.jpg,NG,606866,0,decode/reencode failed
2025-10-02T21:02:47,imagesnew1/lens/lens1/CHM0001_チューズミー_ピーチブラウン_1day_lens.jpg,https://raw.githubusercontent.com/y4m4usr/HL001-quiz-karacon-academia-new/e2cbacf2d8d24222662151e6c4ed3edab7444774/imagesnew1/lens/lens1/CHM0001_チューズミー_ピーチブラウン_1day_lens.jpg,NG,606737,0,decode/reencode failed
2025-10-02T21:02:47,imagesnew1/lens/lens1/CHM0001_チューズミー_ピュアベール_1day_lens.jpg,https://raw.githubusercontent.com/y4m4usr/HL001-quiz-karacon-academia-new/e2cbacf2d8d24222662151e6c4ed3edab7444774/imagesnew1/lens/lens1/CHM0001_チューズミー_ピュアベール_1day_lens.jpg,NG,607638,0,decode/reencode failed
2025-10-02T21:02:47,imagesnew1/lens/lens1/CHM0001_チューズミー_ベイビーブラウン_1day_lens.jpg,https://raw.githubusercontent.com/y4m4usr/HL001-quiz-karacon-academia-new/e2cbacf2d8d24222662151e6c4ed3edab7444774/imagesnew1/lens/lens1/CHM0001_チューズミー_ベイビーブラウン_1day_lens.jpg,NG,606637,0,decode/reencode failed
2025-10-02T21:02:48,imagesnew1/lens/lens1/CHM0001_チューズミー_ムードグレージュ_1day_lens.jpg,https://raw.githubusercontent.com/y4m4usr/HL001-quiz-karacon-academia-new/e2cbacf2d8d24222662151e6c4ed3edab7444774/imagesnew1/lens/lens1/CHM0001_チューズミー_ムードグレージュ_1day_lens.jpg,NG,606727,0,decode/reencode failed
2025-10-02T21:02:48,imagesnew1/lens/lens1/CHM0001_チューズミー_モイストブラウン_1day_lens.jpg,https://raw.githubusercontent.com/y4m4usr/HL001-quiz-karacon-academia-new/e2cbacf2d8d24222662151e6c4ed3edab7444774/imagesnew1/lens/lens1/CHM0001_チューズミー_モイストブラウン_1day_lens.jpg,NG,606758,0,decode/reencode failed
2025-10-02T21:02:48,imagesnew1/lens/lens1/CHM0001_チューズミー_リリーベージュ_1day_lens.jpg,https://raw.githubusercontent.com/y4m4usr/HL001-quiz-karacon-academia-new/e2cbacf2d8d24222662151e6c4ed3edab7444774/imagesnew1/lens/lens1/CHM0001_チューズミー_リリーベージュ_1day_lens.jpg,NG,606398,0,decode/reencode failed
2025-10-02T21:02:48,imagesnew1/lens/lens1/CHM0002_チューズミー_シュガーグレージュ_1day_lens.jpg,https://raw.githubusercontent.com/y4m4usr/HL001-quiz-karacon-academia-new/e2cbacf2d8d24222662151e6c4ed3edab7444774/imagesnew1/lens/lens1/CHM0002_チューズミー_シュガーグレージュ_1day_lens.jpg,NG,606537,0,decode/reencode failed
2025-10-02T21:02:49,imagesnew1/lens/lens1/CHM0002_チューズミー_ホイップベリー_1day_lens.jpg,https://raw.githubusercontent.com/y4m4usr/HL001-quiz-karacon-academia-new/e2cbacf2d8d24222662151e6c4ed3edab7444774/imagesnew1/lens/lens1/CHM0002_チューズミー_ホイップベリー_1day_lens.jpg,NG,606589,0,decode/reencode failed
2025-10-02T21:02:49,imagesnew1/lens/lens1/CHM0002_チューズミー_マロンラテ_1day_lens.jpg,https://raw.githubusercontent.com/y4m4usr/HL001-quiz-karacon-academia-new/e2cbacf2d8d24222662151e6c4ed3edab7444774/imagesnew1/lens/lens1/CHM0002_チューズミー_マロンラテ_1day_lens.jpg,NG,606529,0,decode/reencode failed
2025-10-02T21:02:49,imagesnew1/lens/lens1/CHM0002_チューズミー_ミルキーチャイ_1day_lens.jpg,https://raw.githubusercontent.com/y4m4usr/HL001-quiz-karacon-academia-new/e2cbacf2d8d24222662151e6c4ed3edab7444774/imagesnew1/lens/lens1/CHM0002_チューズミー_ミルキーチャイ_1day_lens.jpg,NG,606867,0,decode/reencode failed
2025-10-02T21:02:49,imagesnew1/lens/lens1/CHM0002_チューズミー_メルティーココア_1day_lens.jpg,https://raw.githubusercontent.com/y4m4usr/HL001-quiz-karacon-academia-new/e2cbacf2d8d24222662151e6c4ed3edab7444774/imagesnew1/lens/lens1/CHM0002_チューズミー_メルティーココア_1day_lens.jpg,NG,606681,0,decode/reencode failed
2025-10-02T21:02:50,imagesnew1/lens/lens1/CHM0004_チューズミー_シフォンブラウン_1month_lens.jpg,https://raw.githubusercontent.com/y4m4usr/HL001-quiz-karacon-academia-new/e2cbacf2d8d24222662151e6c4ed3edab7444774/imagesnew1/lens/lens1/CHM0004_チューズミー_シフォンブラウン_1month_lens.jpg,NG,606697,0,decode/reencode failed
2025-10-02T21:02:50,imagesnew1/lens/lens1/CHM0004_チューズミー_ハニーベージュ_1month_lens.jpg,https://raw.githubusercontent.com/y4m4usr/HL001-quiz-karacon-academia-new/e2cbacf2d8d24222662151e6c4ed3edab7444774/imagesnew1/lens/lens1/CHM0004_チューズミー_ハニーベージュ_1month_lens.jpg,NG,606768,0,decode/reencode failed
2025-10-02T21:02:50,imagesnew1/lens/lens1/CHM0004_チューズミー_ピーチブラウン_1month_lens.jpg,https://raw.githubusercontent.com/y4m4usr/HL001-quiz-karacon-academia-new/e2cbacf2d8d24222662151e6c4ed3edab7444774/imagesnew1/lens/lens1/CHM0004_チューズミー_ピーチブラウン_1month_lens.jpg,NG,606759,0,decode/reencode failed
2025-10-02T21:02:50,imagesnew1/lens/lens1/CHM0004_チューズミー_ベイビーブラウン_1month_lens.jpg,https://raw.githubusercontent.com/y4m4usr/HL001-quiz-karacon-academia-new/e2cbacf2d8d24222662151e6c4ed3edab7444774/imagesnew1/lens/lens1/CHM0004_チューズミー_ベイビーブラウン_1month_lens.jpg,NG,606561,0,decode/reencode failed
2025-10-02T21:02:51,imagesnew1/lens/lens1/CHM0004_チューズミー_ミューテッドグレージュ_1month_lens.jpg,https://raw.githubusercontent.com/y4m4usr/HL001-quiz-karacon-academia-new/e2cbacf2d8d24222662151e6c4ed3edab7444774/imagesnew1/lens/lens1/CHM0004_チューズミー_ミューテッドグレージュ_1month_lens.jpg,NG,606237,0,decode/reencode failed
2025-10-02T21:02:51,imagesnew1/lens/lens1/CHM0004_チューズミー_メロウキャメル_1month_lens.jpg,https://raw.githubusercontent.com/y4m4usr/HL001-quiz-karacon-academia-new/e2cbacf2d8d24222662151e6c4ed3edab7444774/imagesnew1/lens/lens1/CHM0004_チューズミー_メロウキャメル_1month_lens.jpg,NG,606811,0,decode/reencode failed
2025-10-02T21:02:51,imagesnew1/lens/lens1/CHM0004_チューズミー_モイストブラウン_1month_lens.jpg,https://raw.githubusercontent.com/y4m4usr/HL001-quiz-karacon-academia-new/e2cbacf2d8d24222662151e6c4ed3edab7444774/imagesnew1/lens/lens1/CHM0004_チューズミー_モイストブラウン_1month_lens.jpg,NG,606965,0,decode/reencode failed
2025-10-02T21:02:51,imagesnew1/lens/lens1/CHP0001_シャプン_きらゆめブラウン_1day_lens.jpg,https://raw.githubusercontent.com/y4m4usr/HL001-quiz-karacon-academia-new/e2cbacf2d8d24222662151e6c4ed3edab7444774/imagesnew1/lens/lens1/CHP0001_シャプン_きらゆめブラウン_1day_lens.jpg,NG,606610,0,decode/reencode failed
2025-10-02T21:02:52,imagesnew1/lens/lens1/CHP0001_シャプン_ときとめグレー_1day_lens.jpg,https://raw.githubusercontent.com/y4m4usr/HL001-quiz-karacon-academia-new/e2cbacf2d8d24222662151e6c4ed3edab7444774/imagesnew1/lens/lens1/CHP0001_シャプン_ときとめグレー_1day_lens.jpg,NG,606799,0,decode/reencode failed
2025-10-02T21:02:52,imagesnew1/lens/lens1/CHP0001_シャプン_ときとめブラウン_1day_lens.jpg,https://raw.githubusercontent.com/y4m4usr/HL001-quiz-karacon-academia-new/e2cbacf2d8d24222662151e6c4ed3edab7444774/imagesnew1/lens/lens1/CHP0001_シャプン_ときとめブラウン_1day_lens.jpg,NG,606913,0,decode/reencode failed
2025-10-02T21:02:52,imagesnew1/lens/lens1/CHP0001_シャプン_ぬけがけグレージュ_1day_lens.jpg,https://raw.githubusercontent.com/y4m4usr/HL001-quiz-karacon-academia-new/e2cbacf2d8d24222662151e6c4ed3edab7444774/imagesnew1/lens/lens1/CHP0001_シャプン_ぬけがけグレージュ_1day_lens.jpg,NG,606691,0,decode/reencode failed
2025-10-02T21:02:52,imagesnew1/lens/lens1/CHP0002_シャプン_いとおしブラック_1day_lens.jpg,https://raw.githubusercontent.com/y4m4usr/HL001-quiz-karacon-academia-new/e2cbacf2d8d24222662151e6c4ed3edab7444774/imagesnew1/lens/lens1/CHP0002_シャプン_いとおしブラック_1day_lens.jpg,NG,606532,0,decode/reencode failed
2025-10-02T21:02:53,imagesnew1/lens/lens1/CHP0002_シャプン_ずるモテベージュ_1day_lens.jpg,https://raw.githubusercontent.com/y4m4usr/HL001-quiz-karacon-academia-new/e2cbacf2d8d24222662151e6c4ed3edab7444774/imagesnew1/lens/lens1/CHP0002_シャプン_ずるモテベージュ_1day_lens.jpg,NG,606425,0,decode/reencode failed
2025-10-02T21:02:53,imagesnew1/lens/lens1/CLR0001_チャロル_チャーナグレージュ_1day_lens.jpg,https://raw.githubusercontent.com/y4m4usr/HL001-quiz-karacon-academia-new/e2cbacf2d8d24222662151e6c4ed3edab7444774/imagesnew1/lens/lens1/CLR0001_チャロル_チャーナグレージュ_1day_lens.jpg,NG,606782,0,decode/reencode failed
2025-10-02T21:02:53,imagesnew1/lens/lens1/CLR0001_チャロル_ルアヘーゼル_1day_lens.jpg,https://raw.githubusercontent.com/y4m4usr/HL001-quiz-karacon-academia-new/e2cbacf2d8d24222662151e6c4ed3edab7444774/imagesnew1/lens/lens1/CLR0001_チャロル_ルアヘーゼル_1day_lens.jpg,NG,606877,0,decode/reencode failed
2025-10-02T21:02:53,imagesnew1/lens/lens1/CLR0001_チャロル_ロイブラウン_1day_lens.jpg,https://raw.githubusercontent.com/y4m4usr/HL001-quiz-karacon-academia-new/e2cbacf2d8d24222662151e6c4ed3edab7444774/imagesnew1/lens/lens1/CLR0001_チャロル_ロイブラウン_1day_lens.jpg,NG,606823,0,decode/reencode failed
2025-10-02T21:02:54,imagesnew1/lens/lens1/CM0009_シークレットキャンディーマジック_NO.14ヘーゼル_1month_lens.jpg,https://raw.githubusercontent.com/y4m4usr/HL001-quiz-karacon-academia-new/e2cbacf2d8d24222662151e6c4ed3edab7444774/imagesnew1/lens/lens1/CM0009_シークレットキャンディーマジック_NO.14ヘーゼル_1month_lens.jpg,NG,606540,0,decode/reencode failed
2025-10-02T21:02:54,imagesnew1/lens/lens1/CM0009_シークレットキャンディーマジック_NO.1チョコレート_1month_lens.jpg,https://raw.githubusercontent.com/y4m4usr/HL001-quiz-karacon-academia-new/e2cbacf2d8d24222662151e6c4ed3edab7444774/imagesnew1/lens/lens1/CM0009_シークレットキャンディーマジック_NO.1チョコレート_1month_lens.jpg,NG,606741,0,decode/reencode failed
2025-10-02T21:02:54,imagesnew1/lens/lens1/CM0009_シークレットキャンディーマジック_NO.5ブラック_1month_lens.jpg,https://raw.githubusercontent.com/y4m4usr/HL001-quiz-karacon-academia-new/e2cbacf2d8d24222662151e6c4ed3edab7444774/imagesnew1/lens/lens1/CM0009_シークレットキャンディーマジック_NO.5ブラック_1month_lens.jpg,NG,606966,0,decode/reencode failed
2025-10-02T21:02:55,imagesnew1/lens/lens1/CM0009_シークレットキャンディーマジック_NO.6ブラウン_1month_lens.jpg,https://raw.githubusercontent.com/y4m4usr/HL001-quiz-karacon-academia-new/e2cbacf2d8d24222662151e6c4ed3edab7444774/imagesnew1/lens/lens1/CM0009_シークレットキャンディーマジック_NO.6ブラウン_1month_lens.jpg,NG,606836,0,decode/reencode failed
2025-10-02T21:02:55,imagesnew1/lens/lens1/CM0009_シークレットキャンディーマジック_NO.9ブラウン_1month_lens.jpg,https://raw.githubusercontent.com/y4m4usr/HL001-quiz-karacon-academia-new/e2cbacf2d8d24222662151e6c4ed3edab7444774/imagesnew1/lens/lens1/CM0009_シークレットキャンディーマジック_NO.9ブラウン_1month_lens.jpg,NG,608020,0,decode/reencode failed
2025-10-02T21:02:55,imagesnew1/lens/lens1/CM0009_シークレットキャンディーマジック_クリアグレー_1month_lens.jpg,https://raw.githubusercontent.com/y4m4usr/HL001-quiz-karacon-academia-new/e2cbacf2d8d24222662151e6c4ed3edab7444774/imagesnew1/lens/lens1/CM0009_シークレットキャンディーマジック_クリアグレー_1month_lens.jpg,NG,606484,0,decode/reencode failed
2025-10-02T21:02:55,imagesnew1/lens/lens1/CM0009_シークレットキャンディーマジック_シマーブラウン_1month_lens.jpg,https://raw.githubusercontent.com/y4m4usr/HL001-quiz-karacon-academia-new/e2cbacf2d8d24222662151e6c4ed3edab7444774/imagesnew1/lens/lens1/CM0009_シークレットキャンディーマジック_シマーブラウン_1month_lens.jpg,NG,606893,0,decode/reencode failed
2025-10-02T21:02:56,imagesnew1/lens/lens1/CM0009_シークレットキャンディーマジック_バターブラウン_1month_lens.jpg,https://raw.githubusercontent.com/y4m4usr/HL001-quiz-karacon-academia-new/e2cbacf2d8d24222662151e6c4ed3edab7444774/imagesnew1/lens/lens1/CM0009_シークレットキャンディーマジック_バターブラウン_1month_lens.jpg,NG,606529,0,decode/reencode failed
2025-10-02T21:02:56,imagesnew1/lens/lens1/CM0009_シークレットキャンディーマジック_バニラブラウン_1month_lens.jpg,https://raw.githubusercontent.com/y4m4usr/HL001-quiz-karacon-academia-new/e2cbacf2d8d24222662151e6c4ed3edab7444774/imagesnew1/lens/lens1/CM0009_シークレットキャンディーマジック_バニラブラウン_1month_lens.jpg,NG,606999,0,decode/reencode failed
2025-10-02T21:02:56,imagesnew1/lens/lens1/CM0009_シークレットキャンディーマジック_ピンクベージュ_1month_lens.jpg,https://raw.githubusercontent.com/y4m4usr/HL001-quiz-karacon-academia-new/e2cbacf2d8d24222662151e6c4ed3edab7444774/imagesnew1/lens/lens1/CM0009_シークレットキャンディーマジック_ピンクベージュ_1month_lens.jpg,NG,606874,0,decode/reencode failed
2025-10-02T21:02:56,imagesnew1/lens/lens1/CM0009_シークレットキャンディーマジック_プルモグレー_1month_lens.jpg,https://raw.githubusercontent.com/y4m4usr/HL001-quiz-karacon-academia-new/e2cbacf2d8d24222662151e6c4ed3edab7444774/imagesnew1/lens/lens1/CM0009_シークレットキャンディーマジック_プルモグレー_1month_lens.jpg,NG,606435,0,decode/reencode failed
2025-10-02T21:02:57,imagesnew1/lens/lens1/CM0009_シークレットキャンディーマジック_モモピンク_1month_lens.jpg,https://raw.githubusercontent.com/y4m4usr/HL001-quiz-karacon-academia-new/e2cbacf2d8d24222662151e6c4ed3edab7444774/imagesnew1/lens/lens1/CM0009_シークレットキャンディーマジック_モモピンク_1month_lens.jpg,NG,606575,0,decode/reencode failed
2025-10-02T21:02:57,imagesnew1/lens/lens1/CM0009_シークレットキャンディーマジック_ラテベージュ_1month_lens.jpg,https://raw.githubusercontent.com/y4m4usr/HL001-quiz-karacon-academia-new/e2cbacf2d8d24222662151e6c4ed3edab7444774/imagesnew1/lens/lens1/CM0009_シークレットキャンディーマジック_ラテベージュ_1month_lens.jpg,NG,606646,0,decode/reencode failed
2025-10-02T21:02:57,imagesnew1/lens/lens1/CM0011_シークレットキャンディーマジック_グレージュ_1month_lens.jpg,https://raw.githubusercontent.com/y4m4usr/HL001-quiz-karacon-academia-new/e2cbacf2d8d24222662151e6c4ed3edab7444774/imagesnew1/lens/lens1/CM0011_シークレットキャンディーマジック_グレージュ_1month_lens.jpg,NG,606594,0,decode/reencode failed
2025-10-02T21:02:57,imagesnew1/lens/lens1/CM0011_シークレットキャンディーマジック_ダークモカ_1month_lens.jpg,https://raw.githubusercontent.com/y4m4usr/HL001-quiz-karacon-academia-new/e2cbacf2d8d24222662151e6c4ed3edab7444774/imagesnew1/lens/lens1/CM0011_シークレットキャンディーマジック_ダークモカ_1month_lens.jpg,NG,606465,0,decode/reencode failed
2025-10-02T21:02:58,imagesnew1/lens/lens1/CM0019_キャンディーマジック_アリアナヘーゼル_1month_lens.jpg,https://raw.githubusercontent.com/y4m4usr/HL001-quiz-karacon-academia-new/e2cbacf2d8d24222662151e6c4ed3edab7444774/imagesnew1/lens/lens1/CM0019_キャンディーマジック_アリアナヘーゼル_1month_lens.jpg,NG,606581,0,decode/reencode failed
2025-10-02T21:02:58,imagesnew1/lens/lens1/CM0019_キャンディーマジック_キングブラウン_1month_lens.jpg,https://raw.githubusercontent.com/y4m4usr/HL001-quiz-karacon-academia-new/e2cbacf2d8d24222662151e6c4ed3edab7444774/imagesnew1/lens/lens1/CM0019_キャンディーマジック_キングブラウン_1month_lens.jpg,NG,607602,0,decode/reencode failed
2025-10-02T21:02:58,imagesnew1/lens/lens1/CM0019_キャンディーマジック_グラスブラウン_1month_lens.jpg,https://raw.githubusercontent.com/y4m4usr/HL001-quiz-karacon-academia-new/e2cbacf2d8d24222662151e6c4ed3edab7444774/imagesnew1/lens/lens1/CM0019_キャンディーマジック_グラスブラウン_1month_lens.jpg,NG,606250,0,decode/reencode failed
2025-10-02T21:02:59,imagesnew1/lens/lens1/CM0019_キャンディーマジック_デートブラウン_1month_lens.jpg,https://raw.githubusercontent.com/y4m4usr/HL001-quiz-karacon-academia-new/e2cbacf2d8d24222662151e6c4ed3edab7444774/imagesnew1/lens/lens1/CM0019_キャンディーマジック_デートブラウン_1month_lens.jpg,NG,607214,0,decode/reencode failed
2025-10-02T21:03:00,imagesnew1/lens/lens1/CM0019_キャンディーマジック_ネネヘーゼル_1month_lens.jpg,https://raw.githubusercontent.com/y4m4usr/HL001-quiz-karacon-academia-new/e2cbacf2d8d24222662151e6c4ed3edab7444774/imagesnew1/lens/lens1/CM0019_キャンディーマジック_ネネヘーゼル_1month_lens.jpg,NG,606548,0,decode/reencode failed
2025-10-02T21:03:00,imagesnew1/lens/lens1/CM0019_キャンディーマジック_ビギナーブラック_1month_lens.jpg,https://raw.githubusercontent.com/y4m4usr/HL001-quiz-karacon-academia-new/e2cbacf2d8d24222662151e6c4ed3edab7444774/imagesnew1/lens/lens1/CM0019_キャンディーマジック_ビギナーブラック_1month_lens.jpg,NG,606781,0,decode/reencode failed
2025-10-02T21:03:01,imagesnew1/lens/lens1/CM0019_キャンディーマジック_マリアージュモカ_1month_lens.jpg,https://raw.githubusercontent.com/y4m4usr/HL001-quiz-karacon-academia-new/e2cbacf2d8d24222662151e6c4ed3edab7444774/imagesnew1/lens/lens1/CM0019_キャンディーマジック_マリアージュモカ_1month_lens.jpg,NG,606741,0,decode/reencode failed
2025-10-02T21:03:01,imagesnew1/lens/lens1/CM0019_キャンディーマジック_ミミグレー_1month_lens.jpg,https://raw.githubusercontent.com/y4m4usr/HL001-quiz-karacon-academia-new/e2cbacf2d8d24222662151e6c4ed3edab7444774/imagesnew1/lens/lens1/CM0019_キャンディーマジック_ミミグレー_1month_lens.jpg,NG,606870,0,decode/reencode failed
2025-10-02T21:03:02,imagesnew1/lens/lens1/CM0019_キャンディーマジック_ミミブラウン_1month_lens.jpg,https://raw.githubusercontent.com/y4m4usr/HL001-quiz-karacon-academia-new/e2cbacf2d8d24222662151e6c4ed3edab7444774/imagesnew1/lens/lens1/CM0019_キャンディーマジック_ミミブラウン_1month_lens.jpg,NG,606350,0,decode/reencode failed
2025-10-02T21:03:02,imagesnew1/lens/lens1/CM0019_キャンディーマジック_メログレー_1month_lens.jpg,https://raw.githubusercontent.com/y4m4usr/HL001-quiz-karacon-academia-new/e2cbacf2d8d24222662151e6c4ed3edab7444774/imagesnew1/lens/lens1/CM0019_キャンディーマジック_メログレー_1month_lens.jpg,NG,606799,0,decode/reencode failed
2025-10-02T21:03:03,imagesnew1/lens/lens1/CM0019_キャンディーマジック_メロブラウン_1month_lens.jpg,https://raw.githubusercontent.com/y4m4usr/HL001-quiz-karacon-academia-new/e2cbacf2d8d24222662151e6c4ed3edab7444774/imagesnew1/lens/lens1/CM0019_キャンディーマジック_メロブラウン_1month_lens.jpg,NG,606625,0,decode/reencode failed
2025-10-02T21:03:04,imagesnew1/lens/lens1/CM0019_キャンディーマジック_ルルブラウン_1month_lens.jpg,https://raw.githubusercontent.com/y4m4usr/HL001-quiz-karacon-academia-new/e2cbacf2d8d24222662151e6c4ed3edab7444774/imagesnew1/lens/lens1/CM0019_キャンディーマジック_ルルブラウン_1month_lens.jpg,NG,607115,0,decode/reencode failed
2025-10-02T21:03:04,imagesnew1/lens/lens1/CM0020_キャンディーマジック_アリアナヘーゼル_1day_lens.jpg,https://raw.githubusercontent.com/y4m4usr/HL001-quiz-karacon-academia-new/e2cbacf2d8d24222662151e6c4ed3edab7444774/imagesnew1/lens/lens1/CM0020_キャンディーマジック_アリアナヘーゼル_1day_lens.jpg,NG,606813,0,decode/reencode failed
2025-10-02T21:03:04,imagesnew1/lens/lens1/CM0020_キャンディーマジック_キングブラウン_1day_lens.jpg,https://raw.githubusercontent.com/y4m4usr/HL001-quiz-karacon-academia-new/e2cbacf2d8d24222662151e6c4ed3edab7444774/imagesnew1/lens/lens1/CM0020_キャンディーマジック_キングブラウン_1day_lens.jpg,NG,606902,0,decode/reencode failed
2025-10-02T21:03:05,imagesnew1/lens/lens1/CM0020_キャンディーマジック_グラスブラウン_1day_lens.jpg,https://raw.githubusercontent.com/y4m4usr/HL001-quiz-karacon-academia-new/e2cbacf2d8d24222662151e6c4ed3edab7444774/imagesnew1/lens/lens1/CM0020_キャンディーマジック_グラスブラウン_1day_lens.jpg,NG,606702,0,decode/reencode failed
2025-10-02T21:03:05,imagesnew1/lens/lens1/CM0020_キャンディーマジック_シェリーグレージュ_1day_lens.jpg,https://raw.githubusercontent.com/y4m4usr/HL001-quiz-karacon-academia-new/e2cbacf2d8d24222662151e6c4ed3edab7444774/imagesnew1/lens/lens1/CM0020_キャンディーマジック_シェリーグレージュ_1day_lens.jpg,NG,606965,0,decode/reencode failed
2025-10-02T21:03:05,imagesnew1/lens/lens1/CM0020_キャンディーマジック_チョコミュー_1day_lens.jpg,https://raw.githubusercontent.com/y4m4usr/HL001-quiz-karacon-academia-new/e2cbacf2d8d24222662151e6c4ed3edab7444774/imagesnew1/lens/lens1/CM0020_キャンディーマジック_チョコミュー_1day_lens.jpg,NG,606681,0,decode/reencode failed
2025-10-02T21:03:06,imagesnew1/lens/lens1/CM0020_キャンディーマジック_デートブラウン_1day_lens.jpg,https://raw.githubusercontent.com/y4m4usr/HL001-quiz-karacon-academia-new/e2cbacf2d8d24222662151e6c4ed3edab7444774/imagesnew1/lens/lens1/CM0020_キャンディーマジック_デートブラウン_1day_lens.jpg,NG,606430,0,decode/reencode failed
2025-10-02T21:03:07,imagesnew1/lens/lens1/CM0020_キャンディーマジック_ネネヘーゼル_1day_lens.jpg,https://raw.githubusercontent.com/y4m4usr/HL001-quiz-karacon-academia-new/e2cbacf2d8d24222662151e6c4ed3edab7444774/imagesnew1/lens/lens1/CM0020_キャンディーマジック_ネネヘーゼル_1day_lens.jpg,NG,606562,0,decode/reencode failed
2025-10-02T21:03:07,imagesnew1/lens/lens1/CM0020_キャンディーマジック_ビギナーチョコレート_1day_lens.jpg,https://raw.githubusercontent.com/y4m4usr/HL001-quiz-karacon-academia-new/e2cbacf2d8d24222662151e6c4ed3edab7444774/imagesnew1/lens/lens1/CM0020_キャンディーマジック_ビギナーチョコレート_1day_lens.jpg,NG,606530,0,decode/reencode failed
2025-10-02T21:03:08,imagesnew1/lens/lens1/CM0020_キャンディーマジック_ビギナーブラック_1day_lens.jpg,https://raw.githubusercontent.com/y4m4usr/HL001-quiz-karacon-academia-new/e2cbacf2d8d24222662151e6c4ed3edab7444774/imagesnew1/lens/lens1/CM0020_キャンディーマジック_ビギナーブラック_1day_lens.jpg,NG,606720,0,decode/reencode failed
2025-10-02T21:03:09,imagesnew1/lens/lens1/CM0020_キャンディーマジック_マリアージュモカ_1day_lens.jpg,https://raw.githubusercontent.com/y4m4usr/HL001-quiz-karacon-academia-new/e2cbacf2d8d24222662151e6c4ed3edab7444774/imagesnew1/lens/lens1/CM0020_キャンディーマジック_マリアージュモカ_1day_lens.jpg,NG,606406,0,decode/reencode failed
2025-10-02T21:03:09,imagesnew1/lens/lens1/CM0020_キャンディーマジック_ミミグレー_1day_lens.jpg,https://raw.githubusercontent.com/y4m4usr/HL001-quiz-karacon-academia-new/e2cbacf2d8d24222662151e6c4ed3edab7444774/imagesnew1/lens/lens1/CM0020_キャンディーマジック_ミミグレー_1day_lens.jpg,NG,606651,0,decode/reencode failed
2025-10-02T21:03:10,imagesnew1/lens/lens1/CM0020_キャンディーマジック_ミミブラウン_1day_lens.jpg,https://raw.githubusercontent.com/y4m4usr/HL001-quiz-karacon-academia-new/e2cbacf2d8d24222662151e6c4ed3edab7444774/imagesnew1/lens/lens1/CM0020_キャンディーマジック_ミミブラウン_1day_lens.jpg,NG,606623,0,decode/reencode failed
2025-10-02T21:03:10,imagesnew1/lens/lens1/CM0020_キャンディーマジック_メルティハニー_1day_lens.jpg,https://raw.githubusercontent.com/y4m4usr/HL001-quiz-karacon-academia-new/e2cbacf2d8d24222662151e6c4ed3edab7444774/imagesnew1/lens/lens1/CM0020_キャンディーマジック_メルティハニー_1day_lens.jpg,NG,606795,0,decode/reencode failed
2025-10-02T21:03:11,imagesnew1/lens/lens1/CM0020_キャンディーマジック_メログレー_1day_lens.jpg,https://raw.githubusercontent.com/y4m4usr/HL001-quiz-karacon-academia-new/e2cbacf2d8d24222662151e6c4ed3edab7444774/imagesnew1/lens/lens1/CM0020_キャンディーマジック_メログレー_1day_lens.jpg,NG,606878,0,decode/reencode failed
2025-10-02T21:03:11,imagesnew1/lens/lens1/CM0020_キャンディーマジック_メロブラウン_1day_lens.jpg,https://raw.githubusercontent.com/y4m4usr/HL001-quiz-karacon-academia-new/e2cbacf2d8d24222662151e6c4ed3edab7444774/imagesnew1/lens/lens1/CM0020_キャンディーマジック_メロブラウン_1day_lens.jpg,NG,606385,0,decode/reencode failed
2025-10-02T21:03:12,imagesnew1/lens/lens1/CM0020_キャンディーマジック_ルルブラウン_1day_lens.jpg,https://raw.githubusercontent.com/y4m4usr/HL001-quiz-karacon-academia-new/e2cbacf2d8d24222662151e6c4ed3edab7444774/imagesnew1/lens/lens1/CM0020_キャンディーマジック_ルルブラウン_1day_lens.jpg,NG,606662,0,decode/reencode failed
2025-10-02T21:03:12,imagesnew1/lens/lens1/CM0021_ファビュラス_NO.3ブラウン_1month_lens.jpg,https://raw.githubusercontent.com/y4m4usr/HL001-quiz-karacon-academia-new/e2cbacf2d8d24222662151e6c4ed3edab7444774/imagesnew1/lens/lens1/CM0021_ファビュラス_NO.3ブラウン_1month_lens.jpg,NG,606793,0,decode/reencode failed
2025-10-02T21:03:12,imagesnew1/lens/lens1/CM0021_ファビュラス_NO.5ブラック_1month_lens.jpg,https://raw.githubusercontent.com/y4m4usr/HL001-quiz-karacon-academia-new/e2cbacf2d8d24222662151e6c4ed3edab7444774/imagesnew1/lens/lens1/CM0021_ファビュラス_NO.5ブラック_1month_lens.jpg,NG,606425,0,decode/reencode failed
2025-10-02T21:03:13,imagesnew1/lens/lens1/CM0021_ファビュラス_キングブラウン_1month_lens.jpg,https://raw.githubusercontent.com/y4m4usr/HL001-quiz-karacon-academia-new/e2cbacf2d8d24222662151e6c4ed3edab7444774/imagesnew1/lens/lens1/CM0021_ファビュラス_キングブラウン_1month_lens.jpg,NG,606399,0,decode/reencode failed
2025-10-02T21:03:13,imagesnew1/lens/lens1/CM0021_ファビュラス_シアーセーブル_1month_lens.jpg,https://raw.githubusercontent.com/y4m4usr/HL001-quiz-karacon-academia-new/e2cbacf2d8d24222662151e6c4ed3edab7444774/imagesnew1/lens/lens1/CM0021_ファビュラス_シアーセーブル_1month_lens.jpg,NG,608232,0,decode/reencode failed
2025-10-02T21:03:13,imagesnew1/lens/lens1/CM0021_ファビュラス_バターブラウン_1month_lens.jpg,https://raw.githubusercontent.com/y4m4usr/HL001-quiz-karacon-academia-new/e2cbacf2d8d24222662151e6c4ed3edab7444774/imagesnew1/lens/lens1/CM0021_ファビュラス_バターブラウン_1month_lens.jpg,NG,606569,0,decode/reencode failed
2025-10-02T21:03:14,imagesnew1/lens/lens1/CM0021_ファビュラス_バニラブラウン_1month_lens.jpg,https://raw.githubusercontent.com/y4m4usr/HL001-quiz-karacon-academia-new/e2cbacf2d8d24222662151e6c4ed3edab7444774/imagesnew1/lens/lens1/CM0021_ファビュラス_バニラブラウン_1month_lens.jpg,NG,606542,0,decode/reencode failed
2025-10-02T21:03:14,imagesnew1/lens/lens1/CM0021_ファビュラス_メログレー_1month_lens.jpg,https://raw.githubusercontent.com/y4m4usr/HL001-quiz-karacon-academia-new/e2cbacf2d8d24222662151e6c4ed3edab7444774/imagesnew1/lens/lens1/CM0021_ファビュラス_メログレー_1month_lens.jpg,NG,606783,0,decode/reencode failed
2025-10-02T21:03:15,imagesnew1/lens/lens1/CM0021_ファビュラス_メロブラウン_1month_lens.jpg,https://raw.githubusercontent.com/y4m4usr/HL001-quiz-karacon-academia-new/e2cbacf2d8d24222662151e6c4ed3edab7444774/imagesnew1/lens/lens1/CM0021_ファビュラス_メロブラウン_1month_lens.jpg,NG,606763,0,decode/reencode failed
2025-10-02T21:03:15,imagesnew1/lens/lens1/CM0021_ファビュラス_ラテベージュ_1month_lens.jpg,https://raw.githubusercontent.com/y4m4usr/HL001-quiz-karacon-academia-new/e2cbacf2d8d24222662151e6c4ed3edab7444774/imagesnew1/lens/lens1/CM0021_ファビュラス_ラテベージュ_1month_lens.jpg,NG,606573,0,decode/reencode failed
2025-10-02T21:03:15,imagesnew1/lens/lens1/CM0022_シークレットキャンディーマジック_NO.14ヘーゼル_1day_lens.jpg,https://raw.githubusercontent.com/y4m4usr/HL001-quiz-karacon-academia-new/e2cbacf2d8d24222662151e6c4ed3edab7444774/imagesnew1/lens/lens1/CM0022_シークレットキャンディーマジック_NO.14ヘーゼル_1day_lens.jpg,NG,606844,0,decode/reencode failed
2025-10-02T21:03:16,imagesnew1/lens/lens1/CM0022_シークレットキャンディーマジック_NO.1チョコレート_1day_lens.jpg,https://raw.githubusercontent.com/y4m4usr/HL001-quiz-karacon-academia-new/e2cbacf2d8d24222662151e6c4ed3edab7444774/imagesnew1/lens/lens1/CM0022_シークレットキャンディーマジック_NO.1チョコレート_1day_lens.jpg,NG,606509,0,decode/reencode failed
2025-10-02T21:03:16,imagesnew1/lens/lens1/CM0022_シークレットキャンディーマジック_NO.3ブラウン_1day_lens.jpg,https://raw.githubusercontent.com/y4m4usr/HL001-quiz-karacon-academia-new/e2cbacf2d8d24222662151e6c4ed3edab7444774/imagesnew1/lens/lens1/CM0022_シークレットキャンディーマジック_NO.3ブラウン_1day_lens.jpg,NG,607006,0,decode/reencode failed
2025-10-02T21:03:16,imagesnew1/lens/lens1/CM0022_シークレットキャンディーマジック_NO.5ブラック_1day_lens.jpg,https://raw.githubusercontent.com/y4m4usr/HL001-quiz-karacon-academia-new/e2cbacf2d8d24222662151e6c4ed3edab7444774/imagesnew1/lens/lens1/CM0022_シークレットキャンディーマジック_NO.5ブラック_1day_lens.jpg,NG,606686,0,decode/reencode failed
2025-10-02T21:03:17,imagesnew1/lens/lens1/CM0022_シークレットキャンディーマジック_NO.6ブラウン_1day_lens.jpg,https://raw.githubusercontent.com/y4m4usr/HL001-quiz-karacon-academia-new/e2cbacf2d8d24222662151e6c4ed3edab7444774/imagesnew1/lens/lens1/CM0022_シークレットキャンディーマジック_NO.6ブラウン_1day_lens.jpg,NG,607054,0,decode/reencode failed
2025-10-02T21:03:18,imagesnew1/lens/lens1/CM0022_シークレットキャンディーマジック_NO.9ブラウン_1day_lens.jpg,https://raw.githubusercontent.com/y4m4usr/HL001-quiz-karacon-academia-new/e2cbacf2d8d24222662151e6c4ed3edab7444774/imagesnew1/lens/lens1/CM0022_シークレットキャンディーマジック_NO.9ブラウン_1day_lens.jpg,NG,607917,0,decode/reencode failed
2025-10-02T21:03:19,imagesnew1/lens/lens1/CM0022_シークレットキャンディーマジック_クリアグレー_1day_lens.jpg,https://raw.githubusercontent.com/y4m4usr/HL001-quiz-karacon-academia-new/e2cbacf2d8d24222662151e6c4ed3edab7444774/imagesnew1/lens/lens1/CM0022_シークレットキャンディーマジック_クリアグレー_1day_lens.jpg,NG,607066,0,decode/reencode failed
2025-10-02T21:03:19,imagesnew1/lens/lens1/CM0022_シークレットキャンディーマジック_グレージュ_1day_lens.jpg,https://raw.githubusercontent.com/y4m4usr/HL001-quiz-karacon-academia-new/e2cbacf2d8d24222662151e6c4ed3edab7444774/imagesnew1/lens/lens1/CM0022_シークレットキャンディーマジック_グレージュ_1day_lens.jpg,NG,606547,0,decode/reencode failed
2025-10-02T21:03:19,imagesnew1/lens/lens1/CM0022_シークレットキャンディーマジック_シマーブラウン_1day_lens.jpg,https://raw.githubusercontent.com/y4m4usr/HL001-quiz-karacon-academia-new/e2cbacf2d8d24222662151e6c4ed3edab7444774/imagesnew1/lens/lens1/CM0022_シークレットキャンディーマジック_シマーブラウン_1day_lens.jpg,NG,606634,0,decode/reencode failed
2025-10-02T21:03:20,imagesnew1/lens/lens1/CM0022_シークレットキャンディーマジック_ダークモカ_1day_lens.jpg,https://raw.githubusercontent.com/y4m4usr/HL001-quiz-karacon-academia-new/e2cbacf2d8d24222662151e6c4ed3edab7444774/imagesnew1/lens/lens1/CM0022_シークレットキャンディーマジック_ダークモカ_1day_lens.jpg,NG,606669,0,decode/reencode failed
2025-10-02T21:03:20,imagesnew1/lens/lens1/CM0022_シークレットキャンディーマジック_バターブラウン_1day_lens.jpg,https://raw.githubusercontent.com/y4m4usr/HL001-quiz-karacon-academia-new/e2cbacf2d8d24222662151e6c4ed3edab7444774/imagesnew1/lens/lens1/CM0022_シークレットキャンディーマジック_バターブラウン_1day_lens.jpg,NG,606470,0,decode/reencode failed
2025-10-02T21:03:20,imagesnew1/lens/lens1/CM0022_シークレットキャンディーマジック_バニラブラウン_1day_lens.jpg,https://raw.githubusercontent.com/y4m4usr/HL001-quiz-karacon-academia-new/e2cbacf2d8d24222662151e6c4ed3edab7444774/imagesnew1/lens/lens1/CM0022_シークレットキャンディーマジック_バニラブラウン_1day_lens.jpg,NG,606811,0,decode/reencode failed
2025-10-02T21:03:21,imagesnew1/lens/lens1/CM0022_シークレットキャンディーマジック_ピンクベージュ_1day_lens.jpg,https://raw.githubusercontent.com/y4m4usr/HL001-quiz-karacon-academia-new/e2cbacf2d8d24222662151e6c4ed3edab7444774/imagesnew1/lens/lens1/CM0022_シークレットキャンディーマジック_ピンクベージュ_1day_lens.jpg,NG,606600,0,decode/reencode failed
2025-10-02T21:03:21,imagesnew1/lens/lens1/CM0022_シークレットキャンディーマジック_プルモグレー_1day_lens.jpg,https://raw.githubusercontent.com/y4m4usr/HL001-quiz-karacon-academia-new/e2cbacf2d8d24222662151e6c4ed3edab7444774/imagesnew1/lens/lens1/CM0022_シークレットキャンディーマジック_プルモグレー_1day_lens.jpg,NG,606054,0,decode/reencode failed
2025-10-02T21:03:21,imagesnew1/lens/lens1/CM0022_シークレットキャンディーマジック_モモピンク_1day_lens.jpg,https://raw.githubusercontent.com/y4m4usr/HL001-quiz-karacon-academia-new/e2cbacf2d8d24222662151e6c4ed3edab7444774/imagesnew1/lens/lens1/CM0022_シークレットキャンディーマジック_モモピンク_1day_lens.jpg,NG,607900,0,decode/reencode failed
2025-10-02T21:03:21,imagesnew1/lens/lens1/CM0022_シークレットキャンディーマジック_ラテベージュ_1day_lens.jpg,https://raw.githubusercontent.com/y4m4usr/HL001-quiz-karacon-academia-new/e2cbacf2d8d24222662151e6c4ed3edab7444774/imagesnew1/lens/lens1/CM0022_シークレットキャンディーマジック_ラテベージュ_1day_lens.jpg,NG,606769,0,decode/reencode failed
2025-10-02T21:03:22,imagesnew1/lens/lens1/CO0001_カラーズ_ハーフグレイ_1month_lens.jpg,https://raw.githubusercontent.com/y4m4usr/HL001-quiz-karacon-academia-new/e2cbacf2d8d24222662151e6c4ed3edab7444774/imagesnew1/lens/lens1/CO0001_カラーズ_ハーフグレイ_1month_lens.jpg,NG,606778,0,decode/reencode failed
2025-10-02T21:03:22,imagesnew1/lens/lens1/CO0001_カラーズ_メガブラウン_1day_lens.jpg,https://raw.githubusercontent.com/y4m4usr/HL001-quiz-karacon-academia-new/e2cbacf2d8d24222662151e6c4ed3edab7444774/imagesnew1/lens/lens1/CO0001_カラーズ_メガブラウン_1day_lens.jpg,NG,606948,0,decode/reencode failed
2025-10-02T21:03:22,imagesnew1/lens/lens1/CO0001_カラーズ_メガブラウン_1month_lens.jpg,https://raw.githubusercontent.com/y4m4usr/HL001-quiz-karacon-academia-new/e2cbacf2d8d24222662151e6c4ed3edab7444774/imagesnew1/lens/lens1/CO0001_カラーズ_メガブラウン_1month_lens.jpg,NG,606552,0,decode/reencode failed
2025-10-02T21:03:23,imagesnew1/lens/lens1/CO0002_カラーズ_エアリーブラウン_1day_lens.jpg,https://raw.githubusercontent.com/y4m4usr/HL001-quiz-karacon-academia-new/e2cbacf2d8d24222662151e6c4ed3edab7444774/imagesnew1/lens/lens1/CO0002_カラーズ_エアリーブラウン_1day_lens.jpg,NG,606897,0,decode/reencode failed
2025-10-02T21:03:24,imagesnew1/lens/lens1/CO0002_カラーズ_エアリーブラウン_1month_lens.jpg,https://raw.githubusercontent.com/y4m4usr/HL001-quiz-karacon-academia-new/e2cbacf2d8d24222662151e6c4ed3edab7444774/imagesnew1/lens/lens1/CO0002_カラーズ_エアリーブラウン_1month_lens.jpg,NG,606482,0,decode/reencode failed
2025-10-02T21:03:24,imagesnew1/lens/lens1/CO0002_カラーズ_ナチュラルウォームブラウン_1day_lens.jpg,https://raw.githubusercontent.com/y4m4usr/HL001-quiz-karacon-academia-new/e2cbacf2d8d24222662151e6c4ed3edab7444774/imagesnew1/lens/lens1/CO0002_カラーズ_ナチュラルウォームブラウン_1day_lens.jpg,NG,606929,0,decode/reencode failed
2025-10-02T21:03:24,imagesnew1/lens/lens1/CO0002_カラーズ_ナチュラルダークブラウン_1month_lens.jpg,https://raw.githubusercontent.com/y4m4usr/HL001-quiz-karacon-academia-new/e2cbacf2d8d24222662151e6c4ed3edab7444774/imagesnew1/lens/lens1/CO0002_カラーズ_ナチュラルダークブラウン_1month_lens.jpg,NG,606866,0,decode/reencode failed
2025-10-02T21:03:25,imagesnew1/lens/lens1/CO0002_カラーズ_メガブラウンフラワー_1month_lens.jpg,https://raw.githubusercontent.com/y4m4usr/HL001-quiz-karacon-academia-new/e2cbacf2d8d24222662151e6c4ed3edab7444774/imagesnew1/lens/lens1/CO0002_カラーズ_メガブラウンフラワー_1month_lens.jpg,NG,606693,0,decode/reencode failed
2025-10-02T21:03:25,imagesnew1/lens/lens1/CO0002_カラーズ_メガベージュ_1month_lens.jpg,https://raw.githubusercontent.com/y4m4usr/HL001-quiz-karacon-academia-new/e2cbacf2d8d24222662151e6c4ed3edab7444774/imagesnew1/lens/lens1/CO0002_カラーズ_メガベージュ_1month_lens.jpg,NG,606546,0,decode/reencode failed
2025-10-02T21:03:25,imagesnew1/lens/lens1/CO0004_カラーズ_ナチュラルシルキーブラウン_1day_lens.jpg,https://raw.githubusercontent.com/y4m4usr/HL001-quiz-karacon-academia-new/e2cbacf2d8d24222662151e6c4ed3edab7444774/imagesnew1/lens/lens1/CO0004_カラーズ_ナチュラルシルキーブラウン_1day_lens.jpg,NG,606826,0,decode/reencode failed
2025-10-02T21:03:25,imagesnew1/lens/lens1/CO0004_カラーズ_ナチュラルリングブラウン_1day_lens.jpg,https://raw.githubusercontent.com/y4m4usr/HL001-quiz-karacon-academia-new/e2cbacf2d8d24222662151e6c4ed3edab7444774/imagesnew1/lens/lens1/CO0004_カラーズ_ナチュラルリングブラウン_1day_lens.jpg,NG,606525,0,decode/reencode failed
2025-10-02T21:03:26,imagesnew1/lens/lens1/CO0004_カラーズ_ハーフグレーゴールド_1day_lens.jpg,https://raw.githubusercontent.com/y4m4usr/HL001-quiz-karacon-academia-new/e2cbacf2d8d24222662151e6c4ed3edab7444774/imagesnew1/lens/lens1/CO0004_カラーズ_ハーフグレーゴールド_1day_lens.jpg,NG,606735,0,decode/reencode failed
2025-10-02T21:03:26,imagesnew1/lens/lens1/CO0004_カラーズ_メガリングドーナツ_1day_lens.jpg,https://raw.githubusercontent.com/y4m4usr/HL001-quiz-karacon-academia-new/e2cbacf2d8d24222662151e6c4ed3edab7444774/imagesnew1/lens/lens1/CO0004_カラーズ_メガリングドーナツ_1day_lens.jpg,NG,606690,0,decode/reencode failed
2025-10-02T21:03:26,imagesnew1/lens/lens1/CO0005_カラーズ_ナチュラルヘーゼルブラウン_1day_lens.jpg,https://raw.githubusercontent.com/y4m4usr/HL001-quiz-karacon-academia-new/e2cbacf2d8d24222662151e6c4ed3edab7444774/imagesnew1/lens/lens1/CO0005_カラーズ_ナチュラルヘーゼルブラウン_1day_lens.jpg,NG,606642,0,decode/reencode failed
2025-10-02T21:03:27,imagesnew1/lens/lens1/CO0005_カラーズ_メガシャイニーブラウン_1day_lens.jpg,https://raw.githubusercontent.com/y4m4usr/HL001-quiz-karacon-academia-new/e2cbacf2d8d24222662151e6c4ed3edab7444774/imagesnew1/lens/lens1/CO0005_カラーズ_メガシャイニーブラウン_1day_lens.jpg,NG,606673,0,decode/reencode failed
2025-10-02T21:03:27,imagesnew1/lens/lens1/CO0005_カラーズ_メガドーナツブラウン_1day_lens.jpg,https://raw.githubusercontent.com/y4m4usr/HL001-quiz-karacon-academia-new/e2cbacf2d8d24222662151e6c4ed3edab7444774/imagesnew1/lens/lens1/CO0005_カラーズ_メガドーナツブラウン_1day_lens.jpg,NG,606593,0,decode/reencode failed
2025-10-02T21:03:27,imagesnew1/lens/lens1/CO0005_カラーズ_メガナチュラルブラウン_1day_lens.jpg,https://raw.githubusercontent.com/y4m4usr/HL001-quiz-karacon-academia-new/e2cbacf2d8d24222662151e6c4ed3edab7444774/imagesnew1/lens/lens1/CO0005_カラーズ_メガナチュラルブラウン_1day_lens.jpg,NG,606193,0,decode/reencode failed
2025-10-02T21:03:28,imagesnew1/lens/lens1/CO0006_カラーズ_ハーフオリーブブラウン_1day_lens.jpg,https://raw.githubusercontent.com/y4m4usr/HL001-quiz-karacon-academia-new/e2cbacf2d8d24222662151e6c4ed3edab7444774/imagesnew1/lens/lens1/CO0006_カラーズ_ハーフオリーブブラウン_1day_lens.jpg,NG,606795,0,decode/reencode failed
2025-10-02T21:03:28,imagesnew1/lens/lens1/CO0008_カラーズ_オールドファッション_1month_lens.jpg,https://raw.githubusercontent.com/y4m4usr/HL001-quiz-karacon-academia-new/e2cbacf2d8d24222662151e6c4ed3edab7444774/imagesnew1/lens/lens1/CO0008_カラーズ_オールドファッション_1month_lens.jpg,NG,606575,0,decode/reencode failed
2025-10-02T21:03:29,imagesnew1/lens/lens1/CO0008_カラーズ_ハニーディップ_1month_lens.jpg,https://raw.githubusercontent.com/y4m4usr/HL001-quiz-karacon-academia-new/e2cbacf2d8d24222662151e6c4ed3edab7444774/imagesnew1/lens/lens1/CO0008_カラーズ_ハニーディップ_1month_lens.jpg,NG,606602,0,decode/reencode failed
2025-10-02T21:03:29,imagesnew1/lens/lens1/CO0008_カラーズ_ヒビキ_1day_lens.jpg,https://raw.githubusercontent.com/y4m4usr/HL001-quiz-karacon-academia-new/e2cbacf2d8d24222662151e6c4ed3edab7444774/imagesnew1/lens/lens1/CO0008_カラーズ_ヒビキ_1day_lens.jpg,NG,606734,0,decode/reencode failed
2025-10-02T21:03:29,imagesnew1/lens/lens1/CO0008_カラーズ_ヒビキ_1month_lens.jpg,https://raw.githubusercontent.com/y4m4usr/HL001-quiz-karacon-academia-new/e2cbacf2d8d24222662151e6c4ed3edab7444774/imagesnew1/lens/lens1/CO0008_カラーズ_ヒビキ_1month_lens.jpg,NG,606637,0,decode/reencode failed
2025-10-02T21:03:29,imagesnew1/lens/lens1/CO0008_カラーズ_ヒビコ_1day_lens.jpg,https://raw.githubusercontent.com/y4m4usr/HL001-quiz-karacon-academia-new/e2cbacf2d8d24222662151e6c4ed3edab7444774/imagesnew1/lens/lens1/CO0008_カラーズ_ヒビコ_1day_lens.jpg,NG,606718,0,decode/reencode failed
2025-10-02T21:03:30,imagesnew1/lens/lens1/CO0008_カラーズ_ヒビコ_1month_lens.jpg,https://raw.githubusercontent.com/y4m4usr/HL001-quiz-karacon-academia-new/e2cbacf2d8d24222662151e6c4ed3edab7444774/imagesnew1/lens/lens1/CO0008_カラーズ_ヒビコ_1month_lens.jpg,NG,606717,0,decode/reencode failed
2025-10-02T21:03:30,imagesnew1/lens/lens1/CO0009_カラーズ_チョコレートリング_1month_lens.jpg,https://raw.githubusercontent.com/y4m4usr/HL001-quiz-karacon-academia-new/e2cbacf2d8d24222662151e6c4ed3edab7444774/imagesnew1/lens/lens1/CO0009_カラーズ_チョコレートリング_1month_lens.jpg,NG,606681,0,decode/reencode failed
2025-10-02T21:03:31,imagesnew1/lens/lens1/CO0009_カラーズ_フレンチクルーラー_1month_lens.jpg,https://raw.githubusercontent.com/y4m4usr/HL001-quiz-karacon-academia-new/e2cbacf2d8d24222662151e6c4ed3edab7444774/imagesnew1/lens/lens1/CO0009_カラーズ_フレンチクルーラー_1month_lens.jpg,NG,606669,0,decode/reencode failed
2025-10-02T21:03:31,imagesnew1/lens/lens1/CO0010_カラーズ_スパークリンググレー_1day_lens.jpg,https://raw.githubusercontent.com/y4m4usr/HL001-quiz-karacon-academia-new/e2cbacf2d8d24222662151e6c4ed3edab7444774/imagesnew1/lens/lens1/CO0010_カラーズ_スパークリンググレー_1day_lens.jpg,NG,606481,0,decode/reencode failed
2025-10-02T21:03:32,imagesnew1/lens/lens1/CO0010_カラーズ_ブラックパール_1day_lens.jpg,https://raw.githubusercontent.com/y4m4usr/HL001-quiz-karacon-academia-new/e2cbacf2d8d24222662151e6c4ed3edab7444774/imagesnew1/lens/lens1/CO0010_カラーズ_ブラックパール_1day_lens.jpg,NG,606734,0,decode/reencode failed
2025-10-02T21:03:32,imagesnew1/lens/lens1/CRM0001_クルーム_アイシードール_1day_lens.jpg,https://raw.githubusercontent.com/y4m4usr/HL001-quiz-karacon-academia-new/e2cbacf2d8d24222662151e6c4ed3edab7444774/imagesnew1/lens/lens1/CRM0001_クルーム_アイシードール_1day_lens.jpg,NG,606454,0,decode/reencode failed
2025-10-02T21:03:33,imagesnew1/lens/lens1/CRM0001_クルーム_アズール_1day_lens.jpg,https://raw.githubusercontent.com/y4m4usr/HL001-quiz-karacon-academia-new/e2cbacf2d8d24222662151e6c4ed3edab7444774/imagesnew1/lens/lens1/CRM0001_クルーム_アズール_1day_lens.jpg,NG,606666,0,decode/reencode failed
2025-10-02T21:03:33,imagesnew1/lens/lens1/CRM0001_クルーム_アッシュ_1day_lens.jpg,https://raw.githubusercontent.com/y4m4usr/HL001-quiz-karacon-academia-new/e2cbacf2d8d24222662151e6c4ed3edab7444774/imagesnew1/lens/lens1/CRM0001_クルーム_アッシュ_1day_lens.jpg,NG,606566,0,decode/reencode failed
2025-10-02T21:03:33,imagesnew1/lens/lens1/CRM0001_クルーム_サンフラワー_1day_lens.jpg,https://raw.githubusercontent.com/y4m4usr/HL001-quiz-karacon-academia-new/e2cbacf2d8d24222662151e6c4ed3edab7444774/imagesnew1/lens/lens1/CRM0001_クルーム_サンフラワー_1day_lens.jpg,NG,606538,0,decode/reencode failed
2025-10-02T21:03:34,imagesnew1/lens/lens1/CRM0001_クルーム_マカダミア_1day_lens.jpg,https://raw.githubusercontent.com/y4m4usr/HL001-quiz-karacon-academia-new/e2cbacf2d8d24222662151e6c4ed3edab7444774/imagesnew1/lens/lens1/CRM0001_クルーム_マカダミア_1day_lens.jpg,NG,606842,0,decode/reencode failed
2025-10-02T21:03:34,imagesnew1/lens/lens1/CRM0002_クルーム_アクア_1day_lens.jpg,https://raw.githubusercontent.com/y4m4usr/HL001-quiz-karacon-academia-new/e2cbacf2d8d24222662151e6c4ed3edab7444774/imagesnew1/lens/lens1/CRM0002_クルーム_アクア_1day_lens.jpg,NG,607030,0,decode/reencode failed
2025-10-02T21:03:34,imagesnew1/lens/lens1/CRM0002_クルーム_イブニング_1day_lens.jpg,https://raw.githubusercontent.com/y4m4usr/HL001-quiz-karacon-academia-new/e2cbacf2d8d24222662151e6c4ed3edab7444774/imagesnew1/lens/lens1/CRM0002_クルーム_イブニング_1day_lens.jpg,NG,606807,0,decode/reencode failed
2025-10-02T21:03:35,imagesnew1/lens/lens1/CRM0002_クルーム_スモークグレー_1day_lens.jpg,https://raw.githubusercontent.com/y4m4usr/HL001-quiz-karacon-academia-new/e2cbacf2d8d24222662151e6c4ed3edab7444774/imagesnew1/lens/lens1/CRM0002_クルーム_スモークグレー_1day_lens.jpg,NG,607051,0,decode/reencode failed
2025-10-02T21:03:35,imagesnew1/lens/lens1/CRM0002_クルーム_ピンクホリック_1day_lens.jpg,https://raw.githubusercontent.com/y4m4usr/HL001-quiz-karacon-academia-new/e2cbacf2d8d24222662151e6c4ed3edab7444774/imagesnew1/lens/lens1/CRM0002_クルーム_ピンクホリック_1day_lens.jpg,NG,607035,0,decode/reencode failed
2025-10-02T21:03:35,imagesnew1/lens/lens1/CRM0002_クルーム_ペアーミルク_1day_lens.jpg,https://raw.githubusercontent.com/y4m4usr/HL001-quiz-karacon-academia-new/e2cbacf2d8d24222662151e6c4ed3edab7444774/imagesnew1/lens/lens1/CRM0002_クルーム_ペアーミルク_1day_lens.jpg,NG,607078,0,decode/reencode failed
2025-10-02T21:03:35,imagesnew1/lens/lens1/CRM0002_クルーム_ベイビーキャット_1day_lens.jpg,https://raw.githubusercontent.com/y4m4usr/HL001-quiz-karacon-academia-new/e2cbacf2d8d24222662151e6c4ed3edab7444774/imagesnew1/lens/lens1/CRM0002_クルーム_ベイビーキャット_1day_lens.jpg,NG,606646,0,decode/reencode failed
2025-10-02T21:03:36,imagesnew1/lens/lens1/CRM0002_クルーム_リーフ_1day_lens.jpg,https://raw.githubusercontent.com/y4m4usr/HL001-quiz-karacon-academia-new/e2cbacf2d8d24222662151e6c4ed3edab7444774/imagesnew1/lens/lens1/CRM0002_クルーム_リーフ_1day_lens.jpg,NG,606422,0,decode/reencode failed
2025-10-02T21:03:36,imagesnew1/lens/lens1/DS0001_ダスティティー_依存ピンク_1day_lens.jpg,https://raw.githubusercontent.com/y4m4usr/HL001-quiz-karacon-academia-new/e2cbacf2d8d24222662151e6c4ed3edab7444774/imagesnew1/lens/lens1/DS0001_ダスティティー_依存ピンク_1day_lens.jpg,NG,606574,0,decode/reencode failed
2025-10-02T21:03:36,imagesnew1/lens/lens1/DS0001_ダスティティー_煩悩ブルー_1day_lens.jpg,https://raw.githubusercontent.com/y4m4usr/HL001-quiz-karacon-academia-new/e2cbacf2d8d24222662151e6c4ed3edab7444774/imagesnew1/lens/lens1/DS0001_ダスティティー_煩悩ブルー_1day_lens.jpg,NG,606527,0,decode/reencode failed
2025-10-02T21:03:37,imagesnew1/lens/lens1/DS0002_ダスティティー_狂愛ブラウン_1day_lens.jpg,https://raw.githubusercontent.com/y4m4usr/HL001-quiz-karacon-academia-new/e2cbacf2d8d24222662151e6c4ed3edab7444774/imagesnew1/lens/lens1/DS0002_ダスティティー_狂愛ブラウン_1day_lens.jpg,NG,606394,0,decode/reencode failed
2025-10-02T21:03:37,imagesnew1/lens/lens1/DS0002_ダスティティー_欲望グレー_1day_lens.jpg,https://raw.githubusercontent.com/y4m4usr/HL001-quiz-karacon-academia-new/e2cbacf2d8d24222662151e6c4ed3edab7444774/imagesnew1/lens/lens1/DS0002_ダスティティー_欲望グレー_1day_lens.jpg,NG,606799,0,decode/reencode failed
2025-10-02T21:03:37,imagesnew1/lens/lens1/DW0005_ドープウィンク_スパイシーグレー_1month_lens.jpg,https://raw.githubusercontent.com/y4m4usr/HL001-quiz-karacon-academia-new/e2cbacf2d8d24222662151e6c4ed3edab7444774/imagesnew1/lens/lens1/DW0005_ドープウィンク_スパイシーグレー_1month_lens.jpg,NG,606473,0,decode/reencode failed
2025-10-02T21:03:38,imagesnew1/lens/lens1/DW0005_ドープウィンク_チャームブラウン_1month_lens.jpg,https://raw.githubusercontent.com/y4m4usr/HL001-quiz-karacon-academia-new/e2cbacf2d8d24222662151e6c4ed3edab7444774/imagesnew1/lens/lens1/DW0005_ドープウィンク_チャームブラウン_1month_lens.jpg,NG,606831,0,decode/reencode failed
2025-10-02T21:03:38,imagesnew1/lens/lens1/DW0005_ドープウィンク_ブライトヘーゼル_1month_lens.jpg,https://raw.githubusercontent.com/y4m4usr/HL001-quiz-karacon-academia-new/e2cbacf2d8d24222662151e6c4ed3edab7444774/imagesnew1/lens/lens1/DW0005_ドープウィンク_ブライトヘーゼル_1month_lens.jpg,NG,606765,0,decode/reencode failed
2025-10-02T21:03:38,imagesnew1/lens/lens1/DW0009_ドープウィンク_アートグレー_1day_lens.jpg,https://raw.githubusercontent.com/y4m4usr/HL001-quiz-karacon-academia-new/e2cbacf2d8d24222662151e6c4ed3edab7444774/imagesnew1/lens/lens1/DW0009_ドープウィンク_アートグレー_1day_lens.jpg,NG,606669,0,decode/reencode failed
2025-10-02T21:03:39,imagesnew1/lens/lens1/DW0009_ドープウィンク_アシッドヘーゼル_1day_lens.jpg,https://raw.githubusercontent.com/y4m4usr/HL001-quiz-karacon-academia-new/e2cbacf2d8d24222662151e6c4ed3edab7444774/imagesnew1/lens/lens1/DW0009_ドープウィンク_アシッドヘーゼル_1day_lens.jpg,NG,606799,0,decode/reencode failed
2025-10-02T21:03:39,imagesnew1/lens/lens1/DW0009_ドープウィンク_インディゴアッシュ_1day_lens.jpg,https://raw.githubusercontent.com/y4m4usr/HL001-quiz-karacon-academia-new/e2cbacf2d8d24222662151e6c4ed3edab7444774/imagesnew1/lens/lens1/DW0009_ドープウィンク_インディゴアッシュ_1day_lens.jpg,NG,606593,0,decode/reencode failed
2025-10-02T21:03:39,imagesnew1/lens/lens1/DW0009_ドープウィンク_ヴェスタベージュ_1day_lens.jpg,https://raw.githubusercontent.com/y4m4usr/HL001-quiz-karacon-academia-new/e2cbacf2d8d24222662151e6c4ed3edab7444774/imagesnew1/lens/lens1/DW0009_ドープウィンク_ヴェスタベージュ_1day_lens.jpg,NG,606606,0,decode/reencode failed
2025-10-02T21:03:40,imagesnew1/lens/lens1/DW0009_ドープウィンク_サニーヘーゼル_1day_lens.jpg,https://raw.githubusercontent.com/y4m4usr/HL001-quiz-karacon-academia-new/e2cbacf2d8d24222662151e6c4ed3edab7444774/imagesnew1/lens/lens1/DW0009_ドープウィンク_サニーヘーゼル_1day_lens.jpg,NG,606507,0,decode/reencode failed
2025-10-02T21:03:40,imagesnew1/lens/lens1/DW0009_ドープウィンク_スタイルグレー_1day_lens.jpg,https://raw.githubusercontent.com/y4m4usr/HL001-quiz-karacon-academia-new/e2cbacf2d8d24222662151e6c4ed3edab7444774/imagesnew1/lens/lens1/DW0009_ドープウィンク_スタイルグレー_1day_lens.jpg,NG,606548,0,decode/reencode failed
2025-10-02T21:03:40,imagesnew1/lens/lens1/DW0009_ドープウィンク_スパイシーグレー_1day_lens.jpg,https://raw.githubusercontent.com/y4m4usr/HL001-quiz-karacon-academia-new/e2cbacf2d8d24222662151e6c4ed3edab7444774/imagesnew1/lens/lens1/DW0009_ドープウィンク_スパイシーグレー_1day_lens.jpg,NG,606297,0,decode/reencode failed
2025-10-02T21:03:40,imagesnew1/lens/lens1/DW0009_ドープウィンク_スルーベージュ_1day_lens.jpg,https://raw.githubusercontent.com/y4m4usr/HL001-quiz-karacon-academia-new/e2cbacf2d8d24222662151e6c4ed3edab7444774/imagesnew1/lens/lens1/DW0009_ドープウィンク_スルーベージュ_1day_lens.jpg,NG,606797,0,decode/reencode failed
2025-10-02T21:03:41,imagesnew1/lens/lens1/DW0009_ドープウィンク_ダスクベージュ_1day_lens.jpg,https://raw.githubusercontent.com/y4m4usr/HL001-quiz-karacon-academia-new/e2cbacf2d8d24222662151e6c4ed3edab7444774/imagesnew1/lens/lens1/DW0009_ドープウィンク_ダスクベージュ_1day_lens.jpg,NG,607901,0,decode/reencode failed
2025-10-02T21:03:41,imagesnew1/lens/lens1/DW0009_ドープウィンク_ビターブラウン_1day_lens.jpg,https://raw.githubusercontent.com/y4m4usr/HL001-quiz-karacon-academia-new/e2cbacf2d8d24222662151e6c4ed3edab7444774/imagesnew1/lens/lens1/DW0009_ドープウィンク_ビターブラウン_1day_lens.jpg,NG,606544,0,decode/reencode failed
2025-10-02T21:03:42,imagesnew1/lens/lens1/DW0009_ドープウィンク_ピンクオパール_1day_lens.jpg,https://raw.githubusercontent.com/y4m4usr/HL001-quiz-karacon-academia-new/e2cbacf2d8d24222662151e6c4ed3edab7444774/imagesnew1/lens/lens1/DW0009_ドープウィンク_ピンクオパール_1day_lens.jpg,NG,606538,0,decode/reencode failed
2025-10-02T21:03:42,imagesnew1/lens/lens1/DW0009_ドープウィンク_ヘーゼルベージュ_1day_lens.jpg,https://raw.githubusercontent.com/y4m4usr/HL001-quiz-karacon-academia-new/e2cbacf2d8d24222662151e6c4ed3edab7444774/imagesnew1/lens/lens1/DW0009_ドープウィンク_ヘーゼルベージュ_1day_lens.jpg,NG,607081,0,decode/reencode failed
2025-10-02T21:03:42,imagesnew1/lens/lens1/DW0011_ドープウィンク_イーヴンブラウン_1month_lens.jpg,https://raw.githubusercontent.com/y4m4usr/HL001-quiz-karacon-academia-new/e2cbacf2d8d24222662151e6c4ed3edab7444774/imagesnew1/lens/lens1/DW0011_ドープウィンク_イーヴンブラウン_1month_lens.jpg,NG,606985,0,decode/reencode failed
2025-10-02T21:03:43,imagesnew1/lens/lens1/DW0011_ドープウィンク_エゴグレー_1month_lens.jpg,https://raw.githubusercontent.com/y4m4usr/HL001-quiz-karacon-academia-new/e2cbacf2d8d24222662151e6c4ed3edab7444774/imagesnew1/lens/lens1/DW0011_ドープウィンク_エゴグレー_1month_lens.jpg,NG,607295,0,decode/reencode failed
2025-10-02T21:03:43,imagesnew1/lens/lens1/DW0014_ドープウィンク_ミラーベージュ_1month_lens.jpg,https://raw.githubusercontent.com/y4m4usr/HL001-quiz-karacon-academia-new/e2cbacf2d8d24222662151e6c4ed3edab7444774/imagesnew1/lens/lens1/DW0014_ドープウィンク_ミラーベージュ_1month_lens.jpg,NG,606731,0,decode/reencode failed
2025-10-02T21:03:43,imagesnew1/lens/lens1/DW0014_ドープウィンク_ラウンドブラウン_1month_lens.jpg,https://raw.githubusercontent.com/y4m4usr/HL001-quiz-karacon-academia-new/e2cbacf2d8d24222662151e6c4ed3edab7444774/imagesnew1/lens/lens1/DW0014_ドープウィンク_ラウンドブラウン_1month_lens.jpg,NG,606782,0,decode/reencode failed
2025-10-02T21:03:43,imagesnew1/lens/lens1/EC0002_エバーカラー_アプリコットブラウン_1day_lens.jpg,https://raw.githubusercontent.com/y4m4usr/HL001-quiz-karacon-academia-new/e2cbacf2d8d24222662151e6c4ed3edab7444774/imagesnew1/lens/lens1/EC0002_エバーカラー_アプリコットブラウン_1day_lens.jpg,NG,606471,0,decode/reencode failed
2025-10-02T21:03:44,imagesnew1/lens/lens1/EC0002_エバーカラー_くぎづけの心_1day_lens.jpg,https://raw.githubusercontent.com/y4m4usr/HL001-quiz-karacon-academia-new/e2cbacf2d8d24222662151e6c4ed3edab7444774/imagesnew1/lens/lens1/EC0002_エバーカラー_くぎづけの心_1day_lens.jpg,NG,606962,0,decode/reencode failed
2025-10-02T21:03:44,imagesnew1/lens/lens1/EC0002_エバーカラー_クラシックチーク_1day_lens.jpg,https://raw.githubusercontent.com/y4m4usr/HL001-quiz-karacon-academia-new/e2cbacf2d8d24222662151e6c4ed3edab7444774/imagesnew1/lens/lens1/EC0002_エバーカラー_クラシックチーク_1day_lens.jpg,NG,606765,0,decode/reencode failed
2025-10-02T21:03:45,imagesnew1/lens/lens1/EC0002_エバーカラー_クリアキャメル_1day_lens.jpg,https://raw.githubusercontent.com/y4m4usr/HL001-quiz-karacon-academia-new/e2cbacf2d8d24222662151e6c4ed3edab7444774/imagesnew1/lens/lens1/EC0002_エバーカラー_クリアキャメル_1day_lens.jpg,NG,606413,0,decode/reencode failed
2025-10-02T21:03:45,imagesnew1/lens/lens1/EC0002_エバーカラー_シャンパンブラウン_1day_lens.jpg,https://raw.githubusercontent.com/y4m4usr/HL001-quiz-karacon-academia-new/e2cbacf2d8d24222662151e6c4ed3edab7444774/imagesnew1/lens/lens1/EC0002_エバーカラー_シャンパンブラウン_1day_lens.jpg,NG,606713,0,decode/reencode failed
2025-10-02T21:03:45,imagesnew1/lens/lens1/EC0002_エバーカラー_スムースコーラル_1day_lens.jpg,https://raw.githubusercontent.com/y4m4usr/HL001-quiz-karacon-academia-new/e2cbacf2d8d24222662151e6c4ed3edab7444774/imagesnew1/lens/lens1/EC0002_エバーカラー_スムースコーラル_1day_lens.jpg,NG,606514,0,decode/reencode failed
2025-10-02T21:03:46,imagesnew1/lens/lens1/EC0002_エバーカラー_テディモカ_1day_lens.jpg,https://raw.githubusercontent.com/y4m4usr/HL001-quiz-karacon-academia-new/e2cbacf2d8d24222662151e6c4ed3edab7444774/imagesnew1/lens/lens1/EC0002_エバーカラー_テディモカ_1day_lens.jpg,NG,606508,0,decode/reencode failed
2025-10-02T21:03:46,imagesnew1/lens/lens1/EC0002_エバーカラー_ナチュラルブラウン_1day_lens.jpg,https://raw.githubusercontent.com/y4m4usr/HL001-quiz-karacon-academia-new/e2cbacf2d8d24222662151e6c4ed3edab7444774/imagesnew1/lens/lens1/EC0002_エバーカラー_ナチュラルブラウン_1day_lens.jpg,NG,606696,0,decode/reencode failed
2025-10-02T21:03:46,imagesnew1/lens/lens1/EC0002_エバーカラー_ナチュラルブラック_1day_lens.jpg,https://raw.githubusercontent.com/y4m4usr/HL001-quiz-karacon-academia-new/e2cbacf2d8d24222662151e6c4ed3edab7444774/imagesnew1/lens/lens1/EC0002_エバーカラー_ナチュラルブラック_1day_lens.jpg,NG,606527,0,decode/reencode failed
2025-10-02T21:03:46,imagesnew1/lens/lens1/EC0002_エバーカラー_ナチュラルモカ_1day_lens.jpg,https://raw.githubusercontent.com/y4m4usr/HL001-quiz-karacon-academia-new/e2cbacf2d8d24222662151e6c4ed3edab7444774/imagesnew1/lens/lens1/EC0002_エバーカラー_ナチュラルモカ_1day_lens.jpg,NG,606699,0,decode/reencode failed
2025-10-02T21:03:47,imagesnew1/lens/lens1/EC0002_エバーカラー_パールスノーグレー_1day_lens.jpg,https://raw.githubusercontent.com/y4m4usr/HL001-quiz-karacon-academia-new/e2cbacf2d8d24222662151e6c4ed3edab7444774/imagesnew1/lens/lens1/EC0002_エバーカラー_パールスノーグレー_1day_lens.jpg,NG,606617,0,decode/reencode failed
2025-10-02T21:03:47,imagesnew1/lens/lens1/EC0002_エバーカラー_パールベージュ_1day_lens.jpg,https://raw.githubusercontent.com/y4m4usr/HL001-quiz-karacon-academia-new/e2cbacf2d8d24222662151e6c4ed3edab7444774/imagesnew1/lens/lens1/EC0002_エバーカラー_パールベージュ_1day_lens.jpg,NG,606701,0,decode/reencode failed
2025-10-02T21:03:47,imagesnew1/lens/lens1/EC0002_エバーカラー_ひとめぼれの恋_1day_lens.jpg,https://raw.githubusercontent.com/y4m4usr/HL001-quiz-karacon-academia-new/e2cbacf2d8d24222662151e6c4ed3edab7444774/imagesnew1/lens/lens1/EC0002_エバーカラー_ひとめぼれの恋_1day_lens.jpg,NG,606730,0,decode/reencode failed
2025-10-02T21:03:48,imagesnew1/lens/lens1/EC0002_エバーカラー_ミルクブラウニー_1day_lens.jpg,https://raw.githubusercontent.com/y4m4usr/HL001-quiz-karacon-academia-new/e2cbacf2d8d24222662151e6c4ed3edab7444774/imagesnew1/lens/lens1/EC0002_エバーカラー_ミルクブラウニー_1day_lens.jpg,NG,606577,0,decode/reencode failed
2025-10-02T21:03:48,imagesnew1/lens/lens1/EC0005_エバーカラー_ティアーミューズ_1day_lens.jpg,https://raw.githubusercontent.com/y4m4usr/HL001-quiz-karacon-academia-new/e2cbacf2d8d24222662151e6c4ed3edab7444774/imagesnew1/lens/lens1/EC0005_エバーカラー_ティアーミューズ_1day_lens.jpg,NG,606259,0,decode/reencode failed
2025-10-02T21:03:48,imagesnew1/lens/lens1/EC0005_エバーカラー_ブラウンマリアージュ_1day_lens.jpg,https://raw.githubusercontent.com/y4m4usr/HL001-quiz-karacon-academia-new/e2cbacf2d8d24222662151e6c4ed3edab7444774/imagesnew1/lens/lens1/EC0005_エバーカラー_ブラウンマリアージュ_1day_lens.jpg,NG,606605,0,decode/reencode failed
2025-10-02T21:03:49,imagesnew1/lens/lens1/EC0005_エバーカラー_ローズミューズ_1day_lens.jpg,https://raw.githubusercontent.com/y4m4usr/HL001-quiz-karacon-academia-new/e2cbacf2d8d24222662151e6c4ed3edab7444774/imagesnew1/lens/lens1/EC0005_エバーカラー_ローズミューズ_1day_lens.jpg,NG,606829,0,decode/reencode failed
2025-10-02T21:03:49,imagesnew1/lens/lens1/EC0010_エバーカラー_あまえんぼカカオ_1day_lens.jpg,https://raw.githubusercontent.com/y4m4usr/HL001-quiz-karacon-academia-new/e2cbacf2d8d24222662151e6c4ed3edab7444774/imagesnew1/lens/lens1/EC0010_エバーカラー_あまえんぼカカオ_1day_lens.jpg,NG,606781,0,decode/reencode failed
2025-10-02T21:03:49,imagesnew1/lens/lens1/EC0010_エバーカラー_おねだりパール_1day_lens.jpg,https://raw.githubusercontent.com/y4m4usr/HL001-quiz-karacon-academia-new/e2cbacf2d8d24222662151e6c4ed3edab7444774/imagesnew1/lens/lens1/EC0010_エバーカラー_おねだりパール_1day_lens.jpg,NG,606563,0,decode/reencode failed
2025-10-02T21:03:50,imagesnew1/lens/lens1/EC0010_エバーカラー_じらしてショコラ_1day_lens.jpg,https://raw.githubusercontent.com/y4m4usr/HL001-quiz-karacon-academia-new/e2cbacf2d8d24222662151e6c4ed3edab7444774/imagesnew1/lens/lens1/EC0010_エバーカラー_じらしてショコラ_1day_lens.jpg,NG,606669,0,decode/reencode failed
2025-10-02T21:03:50,imagesnew1/lens/lens1/EC0010_エバーカラー_ときめきホイップ_1day_lens.jpg,https://raw.githubusercontent.com/y4m4usr/HL001-quiz-karacon-academia-new/e2cbacf2d8d24222662151e6c4ed3edab7444774/imagesnew1/lens/lens1/EC0010_エバーカラー_ときめきホイップ_1day_lens.jpg,NG,606318,0,decode/reencode failed
2025-10-02T21:03:50,imagesnew1/lens/lens1/EC0010_エバーカラー_なまいきシュガー_1day_lens.jpg,https://raw.githubusercontent.com/y4m4usr/HL001-quiz-karacon-academia-new/e2cbacf2d8d24222662151e6c4ed3edab7444774/imagesnew1/lens/lens1/EC0010_エバーカラー_なまいきシュガー_1day_lens.jpg,NG,606178,0,decode/reencode failed
2025-10-02T21:03:50,imagesnew1/lens/lens1/EC0010_エバーカラー_はじらいベイビー_1day_lens.jpg,https://raw.githubusercontent.com/y4m4usr/HL001-quiz-karacon-academia-new/e2cbacf2d8d24222662151e6c4ed3edab7444774/imagesnew1/lens/lens1/EC0010_エバーカラー_はじらいベイビー_1day_lens.jpg,NG,606710,0,decode/reencode failed
2025-10-02T21:03:51,imagesnew1/lens/lens1/EC0010_エバーカラー_まどわせパール_1day_lens.jpg,https://raw.githubusercontent.com/y4m4usr/HL001-quiz-karacon-academia-new/e2cbacf2d8d24222662151e6c4ed3edab7444774/imagesnew1/lens/lens1/EC0010_エバーカラー_まどわせパール_1day_lens.jpg,NG,606427,0,decode/reencode failed
2025-10-02T21:03:51,imagesnew1/lens/lens1/EC0010_エバーカラー_よくばりシロップ_1day_lens.jpg,https://raw.githubusercontent.com/y4m4usr/HL001-quiz-karacon-academia-new/e2cbacf2d8d24222662151e6c4ed3edab7444774/imagesnew1/lens/lens1/EC0010_エバーカラー_よくばりシロップ_1day_lens.jpg,NG,606931,0,decode/reencode failed
2025-10-02T21:03:51,imagesnew1/lens/lens1/EC0011_エバーカラー_アプリコットブラウン_1month_lens.jpg,https://raw.githubusercontent.com/y4m4usr/HL001-quiz-karacon-academia-new/e2cbacf2d8d24222662151e6c4ed3edab7444774/imagesnew1/lens/lens1/EC0011_エバーカラー_アプリコットブラウン_1month_lens.jpg,NG,606470,0,decode/reencode failed
2025-10-02T21:03:52,imagesnew1/lens/lens1/EC0011_エバーカラー_シロップリング_1month_lens.jpg,https://raw.githubusercontent.com/y4m4usr/HL001-quiz-karacon-academia-new/e2cbacf2d8d24222662151e6c4ed3edab7444774/imagesnew1/lens/lens1/EC0011_エバーカラー_シロップリング_1month_lens.jpg,NG,606309,0,decode/reencode failed
2025-10-02T21:03:52,imagesnew1/lens/lens1/EC0011_エバーカラー_ナチュラルブラウン_1month_lens.jpg,https://raw.githubusercontent.com/y4m4usr/HL001-quiz-karacon-academia-new/e2cbacf2d8d24222662151e6c4ed3edab7444774/imagesnew1/lens/lens1/EC0011_エバーカラー_ナチュラルブラウン_1month_lens.jpg,NG,606787,0,decode/reencode failed
2025-10-02T21:03:53,imagesnew1/lens/lens1/EC0011_エバーカラー_ナチュラルブラック_1month_lens.jpg,https://raw.githubusercontent.com/y4m4usr/HL001-quiz-karacon-academia-new/e2cbacf2d8d24222662151e6c4ed3edab7444774/imagesnew1/lens/lens1/EC0011_エバーカラー_ナチュラルブラック_1month_lens.jpg,NG,606949,0,decode/reencode failed
2025-10-02T21:03:53,imagesnew1/lens/lens1/EC0011_エバーカラー_パールスノーグレー_1month_lens.jpg,https://raw.githubusercontent.com/y4m4usr/HL001-quiz-karacon-academia-new/e2cbacf2d8d24222662151e6c4ed3edab7444774/imagesnew1/lens/lens1/EC0011_エバーカラー_パールスノーグレー_1month_lens.jpg,NG,606749,0,decode/reencode failed
2025-10-02T21:03:53,imagesnew1/lens/lens1/EC0011_エバーカラー_パールベージュ_1month_lens.jpg,https://raw.githubusercontent.com/y4m4usr/HL001-quiz-karacon-academia-new/e2cbacf2d8d24222662151e6c4ed3edab7444774/imagesnew1/lens/lens1/EC0011_エバーカラー_パールベージュ_1month_lens.jpg,NG,606609,0,decode/reencode failed
2025-10-02T21:03:54,imagesnew1/lens/lens1/EC0011_エバーカラー_ピュアマカロン_1month_lens.jpg,https://raw.githubusercontent.com/y4m4usr/HL001-quiz-karacon-academia-new/e2cbacf2d8d24222662151e6c4ed3edab7444774/imagesnew1/lens/lens1/EC0011_エバーカラー_ピュアマカロン_1month_lens.jpg,NG,606350,0,decode/reencode failed
2025-10-02T21:03:54,imagesnew1/lens/lens1/EC0011_エバーカラー_ベイビードロップ_1month_lens.jpg,https://raw.githubusercontent.com/y4m4usr/HL001-quiz-karacon-academia-new/e2cbacf2d8d24222662151e6c4ed3edab7444774/imagesnew1/lens/lens1/EC0011_エバーカラー_ベイビードロップ_1month_lens.jpg,NG,606473,0,decode/reencode failed
2025-10-02T21:03:55,imagesnew1/lens/lens1/ECC0001_アイシクル_ウィンター_1day_lens.jpg,https://raw.githubusercontent.com/y4m4usr/HL001-quiz-karacon-academia-new/e2cbacf2d8d24222662151e6c4ed3edab7444774/imagesnew1/lens/lens1/ECC0001_アイシクル_ウィンター_1day_lens.jpg,NG,607073,0,decode/reencode failed
2025-10-02T21:03:55,imagesnew1/lens/lens1/ECC0001_アイシクル_トワイライト_1day_lens.jpg,https://raw.githubusercontent.com/y4m4usr/HL001-quiz-karacon-academia-new/e2cbacf2d8d24222662151e6c4ed3edab7444774/imagesnew1/lens/lens1/ECC0001_アイシクル_トワイライト_1day_lens.jpg,NG,606591,0,decode/reencode failed
2025-10-02T21:03:55,imagesnew1/lens/lens1/ECC0001_アイシクル_ノクターナル_1day_lens.jpg,https://raw.githubusercontent.com/y4m4usr/HL001-quiz-karacon-academia-new/e2cbacf2d8d24222662151e6c4ed3edab7444774/imagesnew1/lens/lens1/ECC0001_アイシクル_ノクターナル_1day_lens.jpg,NG,606551,0,decode/reencode failed
2025-10-02T21:03:56,imagesnew1/lens/lens1/ECC0001_アイシクル_ブラウンネージュ_1day_lens.jpg,https://raw.githubusercontent.com/y4m4usr/HL001-quiz-karacon-academia-new/e2cbacf2d8d24222662151e6c4ed3edab7444774/imagesnew1/lens/lens1/ECC0001_アイシクル_ブラウンネージュ_1day_lens.jpg,NG,607017,0,decode/reencode failed
2025-10-02T21:03:56,imagesnew1/lens/lens1/ECC0001_アイシクル_ポラリス_1day_lens.jpg,https://raw.githubusercontent.com/y4m4usr/HL001-quiz-karacon-academia-new/e2cbacf2d8d24222662151e6c4ed3edab7444774/imagesnew1/lens/lens1/ECC0001_アイシクル_ポラリス_1day_lens.jpg,NG,606789,0,decode/reencode failed
2025-10-02T21:03:56,imagesnew1/lens/lens1/ECL0001_アイクローゼット_ガウスショコラ_1month_lens.jpg,https://raw.githubusercontent.com/y4m4usr/HL001-quiz-karacon-academia-new/e2cbacf2d8d24222662151e6c4ed3edab7444774/imagesnew1/lens/lens1/ECL0001_アイクローゼット_ガウスショコラ_1month_lens.jpg,NG,606766,0,decode/reencode failed
2025-10-02T21:03:57,imagesnew1/lens/lens1/ECL0001_アイクローゼット_クリアベージュ_1month_lens.jpg,https://raw.githubusercontent.com/y4m4usr/HL001-quiz-karacon-academia-new/e2cbacf2d8d24222662151e6c4ed3edab7444774/imagesnew1/lens/lens1/ECL0001_アイクローゼット_クリアベージュ_1month_lens.jpg,NG,607870,0,decode/reencode failed
2025-10-02T21:03:57,imagesnew1/lens/lens1/ECL0001_アイクローゼット_さつまいも_1month_lens.jpg,https://raw.githubusercontent.com/y4m4usr/HL001-quiz-karacon-academia-new/e2cbacf2d8d24222662151e6c4ed3edab7444774/imagesnew1/lens/lens1/ECL0001_アイクローゼット_さつまいも_1month_lens.jpg,NG,606362,0,decode/reencode failed
2025-10-02T21:03:57,imagesnew1/lens/lens1/ECL0001_アイクローゼット_しずく_1month_lens.jpg,https://raw.githubusercontent.com/y4m4usr/HL001-quiz-karacon-academia-new/e2cbacf2d8d24222662151e6c4ed3edab7444774/imagesnew1/lens/lens1/ECL0001_アイクローゼット_しずく_1month_lens.jpg,NG,606601,0,decode/reencode failed
2025-10-02T21:03:58,imagesnew1/lens/lens1/ECL0001_アイクローゼット_シナモンエンジェル_1month_lens.jpg,https://raw.githubusercontent.com/y4m4usr/HL001-quiz-karacon-academia-new/e2cbacf2d8d24222662151e6c4ed3edab7444774/imagesnew1/lens/lens1/ECL0001_アイクローゼット_シナモンエンジェル_1month_lens.jpg,NG,606697,0,decode/reencode failed
2025-10-02T21:03:58,imagesnew1/lens/lens1/ECL0001_アイクローゼット_シナモンラテ_1month_lens.jpg,https://raw.githubusercontent.com/y4m4usr/HL001-quiz-karacon-academia-new/e2cbacf2d8d24222662151e6c4ed3edab7444774/imagesnew1/lens/lens1/ECL0001_アイクローゼット_シナモンラテ_1month_lens.jpg,NG,606398,0,decode/reencode failed
2025-10-02T21:03:58,imagesnew1/lens/lens1/ECL0001_アイクローゼット_ショコラベーグル_1month_lens.jpg,https://raw.githubusercontent.com/y4m4usr/HL001-quiz-karacon-academia-new/e2cbacf2d8d24222662151e6c4ed3edab7444774/imagesnew1/lens/lens1/ECL0001_アイクローゼット_ショコラベーグル_1month_lens.jpg,NG,606763,0,decode/reencode failed
2025-10-02T21:03:59,imagesnew1/lens/lens1/ECL0001_アイクローゼット_シルエットキャメル_1month_lens.jpg,https://raw.githubusercontent.com/y4m4usr/HL001-quiz-karacon-academia-new/e2cbacf2d8d24222662151e6c4ed3edab7444774/imagesnew1/lens/lens1/ECL0001_アイクローゼット_シルエットキャメル_1month_lens.jpg,NG,606989,0,decode/reencode failed
2025-10-02T21:03:59,imagesnew1/lens/lens1/ECL0001_アイクローゼット_ピーナッツベーグル_1month_lens.jpg,https://raw.githubusercontent.com/y4m4usr/HL001-quiz-karacon-academia-new/e2cbacf2d8d24222662151e6c4ed3edab7444774/imagesnew1/lens/lens1/ECL0001_アイクローゼット_ピーナッツベーグル_1month_lens.jpg,NG,606814,0,decode/reencode failed
2025-10-02T21:03:59,imagesnew1/lens/lens1/ECL0001_アイクローゼット_ほっぺ_1month_lens.jpg,https://raw.githubusercontent.com/y4m4usr/HL001-quiz-karacon-academia-new/e2cbacf2d8d24222662151e6c4ed3edab7444774/imagesnew1/lens/lens1/ECL0001_アイクローゼット_ほっぺ_1month_lens.jpg,NG,606678,0,decode/reencode failed
2025-10-02T21:04:00,imagesnew1/lens/lens1/ECL0001_アイクローゼット_ホログレー_1month_lens.jpg,https://raw.githubusercontent.com/y4m4usr/HL001-quiz-karacon-academia-new/e2cbacf2d8d24222662151e6c4ed3edab7444774/imagesnew1/lens/lens1/ECL0001_アイクローゼット_ホログレー_1month_lens.jpg,NG,606647,0,decode/reencode failed
2025-10-02T21:04:00,imagesnew1/lens/lens1/ECL0001_アイクローゼット_ホロブラウン_1month_lens.jpg,https://raw.githubusercontent.com/y4m4usr/HL001-quiz-karacon-academia-new/e2cbacf2d8d24222662151e6c4ed3edab7444774/imagesnew1/lens/lens1/ECL0001_アイクローゼット_ホロブラウン_1month_lens.jpg,NG,607002,0,decode/reencode failed
2025-10-02T21:04:00,imagesnew1/lens/lens1/ECL0001_アイクローゼット_ホロベージュ_1month_lens.jpg,https://raw.githubusercontent.com/y4m4usr/HL001-quiz-karacon-academia-new/e2cbacf2d8d24222662151e6c4ed3edab7444774/imagesnew1/lens/lens1/ECL0001_アイクローゼット_ホロベージュ_1month_lens.jpg,NG,606534,0,decode/reencode failed
2025-10-02T21:04:00,imagesnew1/lens/lens1/ECL0001_アイクローゼット_みずあめ_1month_lens.jpg,https://raw.githubusercontent.com/y4m4usr/HL001-quiz-karacon-academia-new/e2cbacf2d8d24222662151e6c4ed3edab7444774/imagesnew1/lens/lens1/ECL0001_アイクローゼット_みずあめ_1month_lens.jpg,NG,606871,0,decode/reencode failed
2025-10-02T21:04:01,imagesnew1/lens/lens1/ECL0001_アイクローゼット_ミルクティベーグル_1month_lens.jpg,https://raw.githubusercontent.com/y4m4usr/HL001-quiz-karacon-academia-new/e2cbacf2d8d24222662151e6c4ed3edab7444774/imagesnew1/lens/lens1/ECL0001_アイクローゼット_ミルクティベーグル_1month_lens.jpg,NG,606811,0,decode/reencode failed
2025-10-02T21:04:01,imagesnew1/lens/lens1/ECL0001_アイクローゼット_ロゼベージュ_1month_lens.jpg,https://raw.githubusercontent.com/y4m4usr/HL001-quiz-karacon-academia-new/e2cbacf2d8d24222662151e6c4ed3edab7444774/imagesnew1/lens/lens1/ECL0001_アイクローゼット_ロゼベージュ_1month_lens.jpg,NG,606588,0,decode/reencode failed
2025-10-02T21:04:01,imagesnew1/lens/lens1/ECL0002_アイクローゼット_ガウスショコラ_1day_lens.jpg,https://raw.githubusercontent.com/y4m4usr/HL001-quiz-karacon-academia-new/e2cbacf2d8d24222662151e6c4ed3edab7444774/imagesnew1/lens/lens1/ECL0002_アイクローゼット_ガウスショコラ_1day_lens.jpg,NG,606501,0,decode/reencode failed
2025-10-02T21:04:02,imagesnew1/lens/lens1/ECL0002_アイクローゼット_クリアベージュ_1day_lens.jpg,https://raw.githubusercontent.com/y4m4usr/HL001-quiz-karacon-academia-new/e2cbacf2d8d24222662151e6c4ed3edab7444774/imagesnew1/lens/lens1/ECL0002_アイクローゼット_クリアベージュ_1day_lens.jpg,NG,606249,0,decode/reencode failed
2025-10-02T21:04:02,imagesnew1/lens/lens1/ECL0002_アイクローゼット_クリアベージュコーラル_1day_lens.jpg,https://raw.githubusercontent.com/y4m4usr/HL001-quiz-karacon-academia-new/e2cbacf2d8d24222662151e6c4ed3edab7444774/imagesnew1/lens/lens1/ECL0002_アイクローゼット_クリアベージュコーラル_1day_lens.jpg,NG,606785,0,decode/reencode failed
2025-10-02T21:04:03,imagesnew1/lens/lens1/ECL0002_アイクローゼット_さつまいも_1day_lens.jpg,https://raw.githubusercontent.com/y4m4usr/HL001-quiz-karacon-academia-new/e2cbacf2d8d24222662151e6c4ed3edab7444774/imagesnew1/lens/lens1/ECL0002_アイクローゼット_さつまいも_1day_lens.jpg,NG,606591,0,decode/reencode failed
2025-10-02T21:04:03,imagesnew1/lens/lens1/ECL0002_アイクローゼット_しずく_1day_lens.jpg,https://raw.githubusercontent.com/y4m4usr/HL001-quiz-karacon-academia-new/e2cbacf2d8d24222662151e6c4ed3edab7444774/imagesnew1/lens/lens1/ECL0002_アイクローゼット_しずく_1day_lens.jpg,NG,606741,0,decode/reencode failed
2025-10-02T21:04:03,imagesnew1/lens/lens1/ECL0002_アイクローゼット_シナモンエンジェル_1day_lens.jpg,https://raw.githubusercontent.com/y4m4usr/HL001-quiz-karacon-academia-new/e2cbacf2d8d24222662151e6c4ed3edab7444774/imagesnew1/lens/lens1/ECL0002_アイクローゼット_シナモンエンジェル_1day_lens.jpg,NG,606731,0,decode/reencode failed
2025-10-02T21:04:04,imagesnew1/lens/lens1/ECL0002_アイクローゼット_ショコラベーグル_1day_lens.jpg,https://raw.githubusercontent.com/y4m4usr/HL001-quiz-karacon-academia-new/e2cbacf2d8d24222662151e6c4ed3edab7444774/imagesnew1/lens/lens1/ECL0002_アイクローゼット_ショコラベーグル_1day_lens.jpg,NG,606577,0,decode/reencode failed
2025-10-02T21:04:04,imagesnew1/lens/lens1/ECL0002_アイクローゼット_シルエットキャメル_1day_lens.jpg,https://raw.githubusercontent.com/y4m4usr/HL001-quiz-karacon-academia-new/e2cbacf2d8d24222662151e6c4ed3edab7444774/imagesnew1/lens/lens1/ECL0002_アイクローゼット_シルエットキャメル_1day_lens.jpg,NG,606547,0,decode/reencode failed
2025-10-02T21:04:04,imagesnew1/lens/lens1/ECL0002_アイクローゼット_ピーナッツベーグル_1day_lens.jpg,https://raw.githubusercontent.com/y4m4usr/HL001-quiz-karacon-academia-new/e2cbacf2d8d24222662151e6c4ed3edab7444774/imagesnew1/lens/lens1/ECL0002_アイクローゼット_ピーナッツベーグル_1day_lens.jpg,NG,606471,0,decode/reencode failed
2025-10-02T21:04:05,imagesnew1/lens/lens1/ECL0002_アイクローゼット_ほっぺ_1day_lens.jpg,https://raw.githubusercontent.com/y4m4usr/HL001-quiz-karacon-academia-new/e2cbacf2d8d24222662151e6c4ed3edab7444774/imagesnew1/lens/lens1/ECL0002_アイクローゼット_ほっぺ_1day_lens.jpg,NG,606815,0,decode/reencode failed
2025-10-02T21:04:05,imagesnew1/lens/lens1/ECL0002_アイクローゼット_ホログレー_1day_lens.jpg,https://raw.githubusercontent.com/y4m4usr/HL001-quiz-karacon-academia-new/e2cbacf2d8d24222662151e6c4ed3edab7444774/imagesnew1/lens/lens1/ECL0002_アイクローゼット_ホログレー_1day_lens.jpg,NG,606955,0,decode/reencode failed
2025-10-02T21:04:05,imagesnew1/lens/lens1/ECL0002_アイクローゼット_ホロブラウン_1day_lens.jpg,https://raw.githubusercontent.com/y4m4usr/HL001-quiz-karacon-academia-new/e2cbacf2d8d24222662151e6c4ed3edab7444774/imagesnew1/lens/lens1/ECL0002_アイクローゼット_ホロブラウン_1day_lens.jpg,NG,606549,0,decode/reencode failed
2025-10-02T21:04:06,imagesnew1/lens/lens1/ECL0002_アイクローゼット_ホロベージュ_1day_lens.jpg,https://raw.githubusercontent.com/y4m4usr/HL001-quiz-karacon-academia-new/e2cbacf2d8d24222662151e6c4ed3edab7444774/imagesnew1/lens/lens1/ECL0002_アイクローゼット_ホロベージュ_1day_lens.jpg,NG,606691,0,decode/reencode failed
2025-10-02T21:04:06,imagesnew1/lens/lens1/ECL0002_アイクローゼット_みずあめ_1day_lens.jpg,https://raw.githubusercontent.com/y4m4usr/HL001-quiz-karacon-academia-new/e2cbacf2d8d24222662151e6c4ed3edab7444774/imagesnew1/lens/lens1/ECL0002_アイクローゼット_みずあめ_1day_lens.jpg,NG,606790,0,decode/reencode failed
2025-10-02T21:04:06,imagesnew1/lens/lens1/ECL0002_アイクローゼット_ミルクティベーグル_1day_lens.jpg,https://raw.githubusercontent.com/y4m4usr/HL001-quiz-karacon-academia-new/e2cbacf2d8d24222662151e6c4ed3edab7444774/imagesnew1/lens/lens1/ECL0002_アイクローゼット_ミルクティベーグル_1day_lens.jpg,NG,606574,0,decode/reencode failed
2025-10-02T21:04:06,imagesnew1/lens/lens1/ECL0002_アイクローゼット_モクモクベーグル_1day_lens.jpg,https://raw.githubusercontent.com/y4m4usr/HL001-quiz-karacon-academia-new/e2cbacf2d8d24222662151e6c4ed3edab7444774/imagesnew1/lens/lens1/ECL0002_アイクローゼット_モクモクベーグル_1day_lens.jpg,NG,606459,0,decode/reencode failed
2025-10-02T21:04:07,imagesnew1/lens/lens1/ECL0006_アイクローゼット_アクアブラウン_1day_lens.jpg,https://raw.githubusercontent.com/y4m4usr/HL001-quiz-karacon-academia-new/e2cbacf2d8d24222662151e6c4ed3edab7444774/imagesnew1/lens/lens1/ECL0006_アイクローゼット_アクアブラウン_1day_lens.jpg,NG,606358,0,decode/reencode failed
2025-10-02T21:04:07,imagesnew1/lens/lens1/ECL0006_アイクローゼット_アクアブラック_1day_lens.jpg,https://raw.githubusercontent.com/y4m4usr/HL001-quiz-karacon-academia-new/e2cbacf2d8d24222662151e6c4ed3edab7444774/imagesnew1/lens/lens1/ECL0006_アイクローゼット_アクアブラック_1day_lens.jpg,NG,606577,0,decode/reencode failed
2025-10-02T21:04:07,imagesnew1/lens/lens1/ECL0006_アイクローゼット_イナズマピンク_1day_lens.jpg,https://raw.githubusercontent.com/y4m4usr/HL001-quiz-karacon-academia-new/e2cbacf2d8d24222662151e6c4ed3edab7444774/imagesnew1/lens/lens1/ECL0006_アイクローゼット_イナズマピンク_1day_lens.jpg,NG,606756,0,decode/reencode failed
2025-10-02T21:04:08,imagesnew1/lens/lens1/ECL0006_アイクローゼット_こっぺぱん_1day_lens.jpg,https://raw.githubusercontent.com/y4m4usr/HL001-quiz-karacon-academia-new/e2cbacf2d8d24222662151e6c4ed3edab7444774/imagesnew1/lens/lens1/ECL0006_アイクローゼット_こっぺぱん_1day_lens.jpg,NG,607751,0,decode/reencode failed
2025-10-02T21:04:08,imagesnew1/lens/lens1/ECL0006_アイクローゼット_シラタマブラウン_1day_lens.jpg,https://raw.githubusercontent.com/y4m4usr/HL001-quiz-karacon-academia-new/e2cbacf2d8d24222662151e6c4ed3edab7444774/imagesnew1/lens/lens1/ECL0006_アイクローゼット_シラタマブラウン_1day_lens.jpg,NG,606371,0,decode/reencode failed
2025-10-02T21:04:08,imagesnew1/lens/lens1/ECL0006_アイクローゼット_パウダー_1day_lens.jpg,https://raw.githubusercontent.com/y4m4usr/HL001-quiz-karacon-academia-new/e2cbacf2d8d24222662151e6c4ed3edab7444774/imagesnew1/lens/lens1/ECL0006_アイクローゼット_パウダー_1day_lens.jpg,NG,606439,0,decode/reencode failed
2025-10-02T21:04:09,imagesnew1/lens/lens1/ECL0006_アイクローゼット_ピンクグレープ_1day_lens.jpg,https://raw.githubusercontent.com/y4m4usr/HL001-quiz-karacon-academia-new/e2cbacf2d8d24222662151e6c4ed3edab7444774/imagesnew1/lens/lens1/ECL0006_アイクローゼット_ピンクグレープ_1day_lens.jpg,NG,606774,0,decode/reencode failed
2025-10-02T21:04:09,imagesnew1/lens/lens1/ECL0006_アイクローゼット_フワトログレージュ_1day_lens.jpg,https://raw.githubusercontent.com/y4m4usr/HL001-quiz-karacon-academia-new/e2cbacf2d8d24222662151e6c4ed3edab7444774/imagesnew1/lens/lens1/ECL0006_アイクローゼット_フワトログレージュ_1day_lens.jpg,NG,606518,0,decode/reencode failed
2025-10-02T21:04:09,imagesnew1/lens/lens1/ECL0006_アイクローゼット_マシュマロ_1day_lens.jpg,https://raw.githubusercontent.com/y4m4usr/HL001-quiz-karacon-academia-new/e2cbacf2d8d24222662151e6c4ed3edab7444774/imagesnew1/lens/lens1/ECL0006_アイクローゼット_マシュマロ_1day_lens.jpg,NG,606581,0,decode/reencode failed
2025-10-02T21:04:10,imagesnew1/lens/lens1/ECL0020_アイクローゼット_クリームコフレ_1day_lens.jpg,https://raw.githubusercontent.com/y4m4usr/HL001-quiz-karacon-academia-new/e2cbacf2d8d24222662151e6c4ed3edab7444774/imagesnew1/lens/lens1/ECL0020_アイクローゼット_クリームコフレ_1day_lens.jpg,NG,606669,0,decode/reencode failed
2025-10-02T21:04:10,imagesnew1/lens/lens1/ECL0020_アイクローゼット_コーヒーコフレ_1day_lens.jpg,https://raw.githubusercontent.com/y4m4usr/HL001-quiz-karacon-academia-new/e2cbacf2d8d24222662151e6c4ed3edab7444774/imagesnew1/lens/lens1/ECL0020_アイクローゼット_コーヒーコフレ_1day_lens.jpg,NG,606737,0,decode/reencode failed
2025-10-02T21:04:10,imagesnew1/lens/lens1/ECL0020_アイクローゼット_ブラウンコフレ_1day_lens.jpg,https://raw.githubusercontent.com/y4m4usr/HL001-quiz-karacon-academia-new/e2cbacf2d8d24222662151e6c4ed3edab7444774/imagesnew1/lens/lens1/ECL0020_アイクローゼット_ブラウンコフレ_1day_lens.jpg,NG,606933,0,decode/reencode failed
2025-10-02T21:04:10,imagesnew1/lens/lens1/ECL0020_アイクローゼット_ベージュコフレ_1day_lens.jpg,https://raw.githubusercontent.com/y4m4usr/HL001-quiz-karacon-academia-new/e2cbacf2d8d24222662151e6c4ed3edab7444774/imagesnew1/lens/lens1/ECL0020_アイクローゼット_ベージュコフレ_1day_lens.jpg,NG,606475,0,decode/reencode failed
2025-10-02T21:04:11,imagesnew1/lens/lens1/ECL0027_アイクローゼット_オレンジアーモンド_1day_lens.jpg,https://raw.githubusercontent.com/y4m4usr/HL001-quiz-karacon-academia-new/e2cbacf2d8d24222662151e6c4ed3edab7444774/imagesnew1/lens/lens1/ECL0027_アイクローゼット_オレンジアーモンド_1day_lens.jpg,NG,606886,0,decode/reencode failed
2025-10-02T21:04:11,imagesnew1/lens/lens1/ECL0027_アイクローゼット_モアブラック_1day_lens.jpg,https://raw.githubusercontent.com/y4m4usr/HL001-quiz-karacon-academia-new/e2cbacf2d8d24222662151e6c4ed3edab7444774/imagesnew1/lens/lens1/ECL0027_アイクローゼット_モアブラック_1day_lens.jpg,NG,606549,0,decode/reencode failed
2025-10-02T21:04:11,imagesnew1/lens/lens1/ECL0035_アイクローゼット_ヌードグレージュ_1day_lens.jpg,https://raw.githubusercontent.com/y4m4usr/HL001-quiz-karacon-academia-new/e2cbacf2d8d24222662151e6c4ed3edab7444774/imagesnew1/lens/lens1/ECL0035_アイクローゼット_ヌードグレージュ_1day_lens.jpg,NG,606812,0,decode/reencode failed
2025-10-02T21:04:12,imagesnew1/lens/lens1/ECL0035_アイクローゼット_ヌードベージュ_1day_lens.jpg,https://raw.githubusercontent.com/y4m4usr/HL001-quiz-karacon-academia-new/e2cbacf2d8d24222662151e6c4ed3edab7444774/imagesnew1/lens/lens1/ECL0035_アイクローゼット_ヌードベージュ_1day_lens.jpg,NG,606854,0,decode/reencode failed
2025-10-02T21:04:12,imagesnew1/lens/lens1/ECL0037_アイクローゼット_ヌードグレージュ_1month_lens.jpg,https://raw.githubusercontent.com/y4m4usr/HL001-quiz-karacon-academia-new/e2cbacf2d8d24222662151e6c4ed3edab7444774/imagesnew1/lens/lens1/ECL0037_アイクローゼット_ヌードグレージュ_1month_lens.jpg,NG,606729,0,decode/reencode failed
2025-10-02T21:04:12,imagesnew1/lens/lens1/ECL0037_アイクローゼット_ヌードベージュ_1month_lens.jpg,https://raw.githubusercontent.com/y4m4usr/HL001-quiz-karacon-academia-new/e2cbacf2d8d24222662151e6c4ed3edab7444774/imagesnew1/lens/lens1/ECL0037_アイクローゼット_ヌードベージュ_1month_lens.jpg,NG,606320,0,decode/reencode failed
2025-10-02T21:04:12,imagesnew1/lens/lens1/ECL0038_アイクローゼット_チョコクロ_1day_lens.jpg,https://raw.githubusercontent.com/y4m4usr/HL001-quiz-karacon-academia-new/e2cbacf2d8d24222662151e6c4ed3edab7444774/imagesnew1/lens/lens1/ECL0038_アイクローゼット_チョコクロ_1day_lens.jpg,NG,607313,0,decode/reencode failed
2025-10-02T21:04:13,imagesnew1/lens/lens1/ECL0038_アイクローゼット_ホイップクリーム_1day_lens.jpg,https://raw.githubusercontent.com/y4m4usr/HL001-quiz-karacon-academia-new/e2cbacf2d8d24222662151e6c4ed3edab7444774/imagesnew1/lens/lens1/ECL0038_アイクローゼット_ホイップクリーム_1day_lens.jpg,NG,606841,0,decode/reencode failed
2025-10-02T21:04:13,imagesnew1/lens/lens1/ECL0041_アイクローゼット_オレンジアーモンド_1month_lens.jpg,https://raw.githubusercontent.com/y4m4usr/HL001-quiz-karacon-academia-new/e2cbacf2d8d24222662151e6c4ed3edab7444774/imagesnew1/lens/lens1/ECL0041_アイクローゼット_オレンジアーモンド_1month_lens.jpg,NG,607005,0,decode/reencode failed
2025-10-02T21:04:13,imagesnew1/lens/lens1/ECL0044_アイクローゼット_クリアベージュミニ_1month_lens.jpg,https://raw.githubusercontent.com/y4m4usr/HL001-quiz-karacon-academia-new/e2cbacf2d8d24222662151e6c4ed3edab7444774/imagesnew1/lens/lens1/ECL0044_アイクローゼット_クリアベージュミニ_1month_lens.jpg,NG,606589,0,decode/reencode failed
2025-10-02T21:04:14,imagesnew1/lens/lens1/ECL0045_アイクローゼット_おもち_1day_lens.jpg,https://raw.githubusercontent.com/y4m4usr/HL001-quiz-karacon-academia-new/e2cbacf2d8d24222662151e6c4ed3edab7444774/imagesnew1/lens/lens1/ECL0045_アイクローゼット_おもち_1day_lens.jpg,NG,606402,0,decode/reencode failed
2025-10-02T21:04:14,imagesnew1/lens/lens1/ECL0047_アイクローゼット_クリアベージュミニ_1day_lens.jpg,https://raw.githubusercontent.com/y4m4usr/HL001-quiz-karacon-academia-new/e2cbacf2d8d24222662151e6c4ed3edab7444774/imagesnew1/lens/lens1/ECL0047_アイクローゼット_クリアベージュミニ_1day_lens.jpg,NG,606887,0,decode/reencode failed
2025-10-02T21:04:14,imagesnew1/lens/lens1/ECL0066_アイクローゼット_こっぺぱん_1month_lens.jpg,https://raw.githubusercontent.com/y4m4usr/HL001-quiz-karacon-academia-new/e2cbacf2d8d24222662151e6c4ed3edab7444774/imagesnew1/lens/lens1/ECL0066_アイクローゼット_こっぺぱん_1month_lens.jpg,NG,606707,0,decode/reencode failed
2025-10-02T21:04:15,imagesnew1/lens/lens1/ECL0066_アイクローゼット_シラタマブラウン_1month_lens.jpg,https://raw.githubusercontent.com/y4m4usr/HL001-quiz-karacon-academia-new/e2cbacf2d8d24222662151e6c4ed3edab7444774/imagesnew1/lens/lens1/ECL0066_アイクローゼット_シラタマブラウン_1month_lens.jpg,NG,606567,0,decode/reencode failed
2025-10-02T21:04:15,imagesnew1/lens/lens1/ECL0066_アイクローゼット_ひよこベージュ_1month_lens.jpg,https://raw.githubusercontent.com/y4m4usr/HL001-quiz-karacon-academia-new/e2cbacf2d8d24222662151e6c4ed3edab7444774/imagesnew1/lens/lens1/ECL0066_アイクローゼット_ひよこベージュ_1month_lens.jpg,NG,608049,0,decode/reencode failed
2025-10-02T21:04:15,imagesnew1/lens/lens1/ECL0066_アイクローゼット_ピンクグレープ_1month_lens.jpg,https://raw.githubusercontent.com/y4m4usr/HL001-quiz-karacon-academia-new/e2cbacf2d8d24222662151e6c4ed3edab7444774/imagesnew1/lens/lens1/ECL0066_アイクローゼット_ピンクグレープ_1month_lens.jpg,NG,607969,0,decode/reencode failed
2025-10-02T21:04:16,imagesnew1/lens/lens1/ECL0066_アイクローゼット_ミズタマブラック_1month_lens.jpg,https://raw.githubusercontent.com/y4m4usr/HL001-quiz-karacon-academia-new/e2cbacf2d8d24222662151e6c4ed3edab7444774/imagesnew1/lens/lens1/ECL0066_アイクローゼット_ミズタマブラック_1month_lens.jpg,NG,606763,0,decode/reencode failed
2025-10-02T21:04:16,imagesnew1/lens/lens1/ECL0068_アイクローゼット ジャンボ_でかこっぺぱん_1day_lens.jpg,https://raw.githubusercontent.com/y4m4usr/HL001-quiz-karacon-academia-new/e2cbacf2d8d24222662151e6c4ed3edab7444774/imagesnew1/lens/lens1/ECL0068_アイクローゼット ジャンボ_でかこっぺぱん_1day_lens.jpg,NG,606513,0,decode/reencode failed
2025-10-02T21:04:16,imagesnew1/lens/lens1/ECL0068_アイクローゼット ジャンボ_でかセサミ_1day_lens.jpg,https://raw.githubusercontent.com/y4m4usr/HL001-quiz-karacon-academia-new/e2cbacf2d8d24222662151e6c4ed3edab7444774/imagesnew1/lens/lens1/ECL0068_アイクローゼット ジャンボ_でかセサミ_1day_lens.jpg,NG,606711,0,decode/reencode failed
2025-10-02T21:04:17,imagesnew1/lens/lens1/ECL0068_アイクローゼット ジャンボ_でかデココ_1day_lens.jpg,https://raw.githubusercontent.com/y4m4usr/HL001-quiz-karacon-academia-new/e2cbacf2d8d24222662151e6c4ed3edab7444774/imagesnew1/lens/lens1/ECL0068_アイクローゼット ジャンボ_でかデココ_1day_lens.jpg,NG,606706,0,decode/reencode failed
2025-10-02T21:04:17,imagesnew1/lens/lens1/ECL0068_アイクローゼット ジャンボ_でかバター_1day_lens.jpg,https://raw.githubusercontent.com/y4m4usr/HL001-quiz-karacon-academia-new/e2cbacf2d8d24222662151e6c4ed3edab7444774/imagesnew1/lens/lens1/ECL0068_アイクローゼット ジャンボ_でかバター_1day_lens.jpg,NG,606687,0,decode/reencode failed
2025-10-02T21:04:17,imagesnew1/lens/lens1/ECL0068_アイクローゼット ジャンボ_でかフロマージュ_1day_lens.jpg,https://raw.githubusercontent.com/y4m4usr/HL001-quiz-karacon-academia-new/e2cbacf2d8d24222662151e6c4ed3edab7444774/imagesnew1/lens/lens1/ECL0068_アイクローゼット ジャンボ_でかフロマージュ_1day_lens.jpg,NG,606617,0,decode/reencode failed
2025-10-02T21:04:18,imagesnew1/lens/lens1/ECL0068_アイクローゼット ジャンボ_でかマシュマロ_1day_lens.jpg,https://raw.githubusercontent.com/y4m4usr/HL001-quiz-karacon-academia-new/e2cbacf2d8d24222662151e6c4ed3edab7444774/imagesnew1/lens/lens1/ECL0068_アイクローゼット ジャンボ_でかマシュマロ_1day_lens.jpg,NG,606602,0,decode/reencode failed
2025-10-02T21:04:18,imagesnew1/lens/lens1/ECL0068_アイクローゼット ジャンボ_でかラディッシュ_1day_lens.jpg,https://raw.githubusercontent.com/y4m4usr/HL001-quiz-karacon-academia-new/e2cbacf2d8d24222662151e6c4ed3edab7444774/imagesnew1/lens/lens1/ECL0068_アイクローゼット ジャンボ_でかラディッシュ_1day_lens.jpg,NG,607145,0,decode/reencode failed
2025-10-02T21:04:18,imagesnew1/lens/lens1/ECL0069_アイクローゼット_アッシュブラック_1day_lens.jpg,https://raw.githubusercontent.com/y4m4usr/HL001-quiz-karacon-academia-new/e2cbacf2d8d24222662151e6c4ed3edab7444774/imagesnew1/lens/lens1/ECL0069_アイクローゼット_アッシュブラック_1day_lens.jpg,NG,606809,0,decode/reencode failed
2025-10-02T21:04:18,imagesnew1/lens/lens1/ECL0069_アイクローゼット_ウォーターグレー_1day_lens.jpg,https://raw.githubusercontent.com/y4m4usr/HL001-quiz-karacon-academia-new/e2cbacf2d8d24222662151e6c4ed3edab7444774/imagesnew1/lens/lens1/ECL0069_アイクローゼット_ウォーターグレー_1day_lens.jpg,NG,606607,0,decode/reencode failed
2025-10-02T21:04:19,imagesnew1/lens/lens1/ECL0069_アイクローゼット_ノーティーブラウン_1day_lens.jpg,https://raw.githubusercontent.com/y4m4usr/HL001-quiz-karacon-academia-new/e2cbacf2d8d24222662151e6c4ed3edab7444774/imagesnew1/lens/lens1/ECL0069_アイクローゼット_ノーティーブラウン_1day_lens.jpg,NG,606518,0,decode/reencode failed
2025-10-02T21:04:19,imagesnew1/lens/lens1/ECL0073_アイクローゼット_ゼリーベア_1month_lens.jpg,https://raw.githubusercontent.com/y4m4usr/HL001-quiz-karacon-academia-new/e2cbacf2d8d24222662151e6c4ed3edab7444774/imagesnew1/lens/lens1/ECL0073_アイクローゼット_ゼリーベア_1month_lens.jpg,NG,606539,0,decode/reencode failed
2025-10-02T21:04:19,imagesnew1/lens/lens1/ECL0073_アイクローゼット_ゼリーモカ_1month_lens.jpg,https://raw.githubusercontent.com/y4m4usr/HL001-quiz-karacon-academia-new/e2cbacf2d8d24222662151e6c4ed3edab7444774/imagesnew1/lens/lens1/ECL0073_アイクローゼット_ゼリーモカ_1month_lens.jpg,NG,606215,0,decode/reencode failed
2025-10-02T21:04:20,imagesnew1/lens/lens1/ECL0077_アイクローゼット ジャンボ_でかこっぺぱん_1month_lens.jpg,https://raw.githubusercontent.com/y4m4usr/HL001-quiz-karacon-academia-new/e2cbacf2d8d24222662151e6c4ed3edab7444774/imagesnew1/lens/lens1/ECL0077_アイクローゼット ジャンボ_でかこっぺぱん_1month_lens.jpg,NG,606370,0,decode/reencode failed
2025-10-02T21:04:20,imagesnew1/lens/lens1/ECL0077_アイクローゼット ジャンボ_でかセサミ_1month_lens.jpg,https://raw.githubusercontent.com/y4m4usr/HL001-quiz-karacon-academia-new/e2cbacf2d8d24222662151e6c4ed3edab7444774/imagesnew1/lens/lens1/ECL0077_アイクローゼット ジャンボ_でかセサミ_1month_lens.jpg,NG,606201,0,decode/reencode failed
2025-10-02T21:04:20,imagesnew1/lens/lens1/ECL0077_アイクローゼット ジャンボ_でかフロマージュ_1month_lens.jpg,https://raw.githubusercontent.com/y4m4usr/HL001-quiz-karacon-academia-new/e2cbacf2d8d24222662151e6c4ed3edab7444774/imagesnew1/lens/lens1/ECL0077_アイクローゼット ジャンボ_でかフロマージュ_1month_lens.jpg,NG,606575,0,decode/reencode failed
2025-10-02T21:04:21,imagesnew1/lens/lens1/ECL0077_アイクローゼット ジャンボ_でかマシュマロ_1month_lens.jpg,https://raw.githubusercontent.com/y4m4usr/HL001-quiz-karacon-academia-new/e2cbacf2d8d24222662151e6c4ed3edab7444774/imagesnew1/lens/lens1/ECL0077_アイクローゼット ジャンボ_でかマシュマロ_1month_lens.jpg,NG,607742,0,decode/reencode failed
2025-10-02T21:04:21,imagesnew1/lens/lens1/ECL0077_アイクローゼット ジャンボ_でかラディッシュ_1month_lens.jpg,https://raw.githubusercontent.com/y4m4usr/HL001-quiz-karacon-academia-new/e2cbacf2d8d24222662151e6c4ed3edab7444774/imagesnew1/lens/lens1/ECL0077_アイクローゼット ジャンボ_でかラディッシュ_1month_lens.jpg,NG,606567,0,decode/reencode failed
2025-10-02T21:04:21,imagesnew1/lens/lens1/ECL0080_アイクローゼット_シュガードーナツ_1month_lens.jpg,https://raw.githubusercontent.com/y4m4usr/HL001-quiz-karacon-academia-new/e2cbacf2d8d24222662151e6c4ed3edab7444774/imagesnew1/lens/lens1/ECL0080_アイクローゼット_シュガードーナツ_1month_lens.jpg,NG,606583,0,decode/reencode failed
2025-10-02T21:04:21,imagesnew1/lens/lens1/ECL0082_アイクローゼット_ちびこっぺぱん_1day_lens.jpg,https://raw.githubusercontent.com/y4m4usr/HL001-quiz-karacon-academia-new/e2cbacf2d8d24222662151e6c4ed3edab7444774/imagesnew1/lens/lens1/ECL0082_アイクローゼット_ちびこっぺぱん_1day_lens.jpg,NG,606585,0,decode/reencode failed
2025-10-02T21:04:22,imagesnew1/lens/lens1/ECL0083_アイクローゼット_ちびこっぺぱん_1month_lens.jpg,https://raw.githubusercontent.com/y4m4usr/HL001-quiz-karacon-academia-new/e2cbacf2d8d24222662151e6c4ed3edab7444774/imagesnew1/lens/lens1/ECL0083_アイクローゼット_ちびこっぺぱん_1month_lens.jpg,NG,606628,0,decode/reencode failed
2025-10-02T21:04:22,imagesnew1/lens/lens1/EDN0001_エドナ_あじさいラベンダー_1day_lens.jpg,https://raw.githubusercontent.com/y4m4usr/HL001-quiz-karacon-academia-new/e2cbacf2d8d24222662151e6c4ed3edab7444774/imagesnew1/lens/lens1/EDN0001_エドナ_あじさいラベンダー_1day_lens.jpg,NG,607064,0,decode/reencode failed
2025-10-02T21:04:22,imagesnew1/lens/lens1/EDN0001_エドナ_サークルオブもみじ_1day_lens.jpg,https://raw.githubusercontent.com/y4m4usr/HL001-quiz-karacon-academia-new/e2cbacf2d8d24222662151e6c4ed3edab7444774/imagesnew1/lens/lens1/EDN0001_エドナ_サークルオブもみじ_1day_lens.jpg,NG,606996,0,decode/reencode failed
2025-10-02T21:04:23,imagesnew1/lens/lens1/EDN0001_エドナ_むぎひのき_1day_lens.jpg,https://raw.githubusercontent.com/y4m4usr/HL001-quiz-karacon-academia-new/e2cbacf2d8d24222662151e6c4ed3edab7444774/imagesnew1/lens/lens1/EDN0001_エドナ_むぎひのき_1day_lens.jpg,NG,606714,0,decode/reencode failed
2025-10-02T21:04:23,imagesnew1/lens/lens1/EDN0001_エドナ_もものみピンク_1day_lens.jpg,https://raw.githubusercontent.com/y4m4usr/HL001-quiz-karacon-academia-new/e2cbacf2d8d24222662151e6c4ed3edab7444774/imagesnew1/lens/lens1/EDN0001_エドナ_もものみピンク_1day_lens.jpg,NG,606783,0,decode/reencode failed
2025-10-02T21:04:23,imagesnew1/lens/lens1/EDN0001_エドナ_ゆけむりパール_1day_lens.jpg,https://raw.githubusercontent.com/y4m4usr/HL001-quiz-karacon-academia-new/e2cbacf2d8d24222662151e6c4ed3edab7444774/imagesnew1/lens/lens1/EDN0001_エドナ_ゆけむりパール_1day_lens.jpg,NG,606795,0,decode/reencode failed
2025-10-02T21:04:24,imagesnew1/lens/lens1/ENV0001_アンヴィ_ウォーターモカベージュ_1day_lens.jpg,https://raw.githubusercontent.com/y4m4usr/HL001-quiz-karacon-academia-new/e2cbacf2d8d24222662151e6c4ed3edab7444774/imagesnew1/lens/lens1/ENV0001_アンヴィ_ウォーターモカベージュ_1day_lens.jpg,NG,608733,0,decode/reencode failed
2025-10-02T21:04:24,imagesnew1/lens/lens1/ENV0002_アンヴィ_オリーヴブラウン_1day_lens.jpg,https://raw.githubusercontent.com/y4m4usr/HL001-quiz-karacon-academia-new/e2cbacf2d8d24222662151e6c4ed3edab7444774/imagesnew1/lens/lens1/ENV0002_アンヴィ_オリーヴブラウン_1day_lens.jpg,NG,606823,0,decode/reencode failed
2025-10-02T21:04:24,imagesnew1/lens/lens1/ENV0002_アンヴィ_クラシックアンバー_1day_lens.jpg,https://raw.githubusercontent.com/y4m4usr/HL001-quiz-karacon-academia-new/e2cbacf2d8d24222662151e6c4ed3edab7444774/imagesnew1/lens/lens1/ENV0002_アンヴィ_クラシックアンバー_1day_lens.jpg,NG,606226,0,decode/reencode failed
2025-10-02T21:04:25,imagesnew1/lens/lens1/ENV0002_アンヴィ_コーラルチーク_1day_lens.jpg,https://raw.githubusercontent.com/y4m4usr/HL001-quiz-karacon-academia-new/e2cbacf2d8d24222662151e6c4ed3edab7444774/imagesnew1/lens/lens1/ENV0002_アンヴィ_コーラルチーク_1day_lens.jpg,NG,606489,0,decode/reencode failed
2025-10-02T21:04:25,imagesnew1/lens/lens1/ENV0002_アンヴィ_シェードブラウン_1day_lens.jpg,https://raw.githubusercontent.com/y4m4usr/HL001-quiz-karacon-academia-new/e2cbacf2d8d24222662151e6c4ed3edab7444774/imagesnew1/lens/lens1/ENV0002_アンヴィ_シェードブラウン_1day_lens.jpg,NG,606489,0,decode/reencode failed
2025-10-02T21:04:25,imagesnew1/lens/lens1/ENV0002_アンヴィ_シャモーブラウン_1day_lens.jpg,https://raw.githubusercontent.com/y4m4usr/HL001-quiz-karacon-academia-new/e2cbacf2d8d24222662151e6c4ed3edab7444774/imagesnew1/lens/lens1/ENV0002_アンヴィ_シャモーブラウン_1day_lens.jpg,NG,606682,0,decode/reencode failed
2025-10-02T21:04:26,imagesnew1/lens/lens1/ENV0002_アンヴィ_シャンパングレイ_1day_lens.jpg,https://raw.githubusercontent.com/y4m4usr/HL001-quiz-karacon-academia-new/e2cbacf2d8d24222662151e6c4ed3edab7444774/imagesnew1/lens/lens1/ENV0002_アンヴィ_シャンパングレイ_1day_lens.jpg,NG,606877,0,decode/reencode failed
2025-10-02T21:04:26,imagesnew1/lens/lens1/ENV0002_アンヴィ_プラムブラック_1day_lens.jpg,https://raw.githubusercontent.com/y4m4usr/HL001-quiz-karacon-academia-new/e2cbacf2d8d24222662151e6c4ed3edab7444774/imagesnew1/lens/lens1/ENV0002_アンヴィ_プラムブラック_1day_lens.jpg,NG,606795,0,decode/reencode failed
2025-10-02T21:04:26,imagesnew1/lens/lens1/ENV0002_アンヴィ_マルーンブラック_1day_lens.jpg,https://raw.githubusercontent.com/y4m4usr/HL001-quiz-karacon-academia-new/e2cbacf2d8d24222662151e6c4ed3edab7444774/imagesnew1/lens/lens1/ENV0002_アンヴィ_マルーンブラック_1day_lens.jpg,NG,606700,0,decode/reencode failed
2025-10-02T21:04:26,imagesnew1/lens/lens1/ENV0002_アンヴィ_メルトモイスト_1day_lens.jpg,https://raw.githubusercontent.com/y4m4usr/HL001-quiz-karacon-academia-new/e2cbacf2d8d24222662151e6c4ed3edab7444774/imagesnew1/lens/lens1/ENV0002_アンヴィ_メルトモイスト_1day_lens.jpg,NG,606734,0,decode/reencode failed
2025-10-02T21:04:27,imagesnew1/lens/lens1/ENV0004_アンヴィ_ミニュイインディゴ_1day_lens.jpg,https://raw.githubusercontent.com/y4m4usr/HL001-quiz-karacon-academia-new/e2cbacf2d8d24222662151e6c4ed3edab7444774/imagesnew1/lens/lens1/ENV0004_アンヴィ_ミニュイインディゴ_1day_lens.jpg,NG,606486,0,decode/reencode failed
2025-10-02T21:04:27,imagesnew1/lens/lens1/ENV0004_アンヴィ_ミニュイグレージュ_1day_lens.jpg,https://raw.githubusercontent.com/y4m4usr/HL001-quiz-karacon-academia-new/e2cbacf2d8d24222662151e6c4ed3edab7444774/imagesnew1/lens/lens1/ENV0004_アンヴィ_ミニュイグレージュ_1day_lens.jpg,NG,606409,0,decode/reencode failed
2025-10-02T21:04:28,imagesnew1/lens/lens1/ENV0004_アンヴィ_ミニュイシェル_1day_lens.jpg,https://raw.githubusercontent.com/y4m4usr/HL001-quiz-karacon-academia-new/e2cbacf2d8d24222662151e6c4ed3edab7444774/imagesnew1/lens/lens1/ENV0004_アンヴィ_ミニュイシェル_1day_lens.jpg,NG,606776,0,decode/reencode failed
2025-10-02T21:04:28,imagesnew1/lens/lens1/ENV0005_アンヴィ_ペリムショコラ_1month_lens.jpg,https://raw.githubusercontent.com/y4m4usr/HL001-quiz-karacon-academia-new/e2cbacf2d8d24222662151e6c4ed3edab7444774/imagesnew1/lens/lens1/ENV0005_アンヴィ_ペリムショコラ_1month_lens.jpg,NG,607059,0,decode/reencode failed
2025-10-02T21:04:28,imagesnew1/lens/lens1/ENV0005_アンヴィ_ペリムハニー_1month_lens.jpg,https://raw.githubusercontent.com/y4m4usr/HL001-quiz-karacon-academia-new/e2cbacf2d8d24222662151e6c4ed3edab7444774/imagesnew1/lens/lens1/ENV0005_アンヴィ_ペリムハニー_1month_lens.jpg,NG,606753,0,decode/reencode failed
2025-10-02T21:04:29,imagesnew1/lens/lens1/ENV0005_アンヴィ_メリムグレー_1month_lens.jpg,https://raw.githubusercontent.com/y4m4usr/HL001-quiz-karacon-academia-new/e2cbacf2d8d24222662151e6c4ed3edab7444774/imagesnew1/lens/lens1/ENV0005_アンヴィ_メリムグレー_1month_lens.jpg,NG,606469,0,decode/reencode failed
2025-10-02T21:04:29,imagesnew1/lens/lens1/ENV0005_アンヴィ_メリムブラウン_1month_lens.jpg,https://raw.githubusercontent.com/y4m4usr/HL001-quiz-karacon-academia-new/e2cbacf2d8d24222662151e6c4ed3edab7444774/imagesnew1/lens/lens1/ENV0005_アンヴィ_メリムブラウン_1month_lens.jpg,NG,608219,0,decode/reencode failed
2025-10-02T21:04:29,imagesnew1/lens/lens1/FLA0001_フェリアモ_アフォガード_1day_lens.jpg,https://raw.githubusercontent.com/y4m4usr/HL001-quiz-karacon-academia-new/e2cbacf2d8d24222662151e6c4ed3edab7444774/imagesnew1/lens/lens1/FLA0001_フェリアモ_アフォガード_1day_lens.jpg,NG,606534,0,decode/reencode failed
2025-10-02T21:04:30,imagesnew1/lens/lens1/FLA0001_フェリアモ_ウーロンティー_1day_lens.jpg,https://raw.githubusercontent.com/y4m4usr/HL001-quiz-karacon-academia-new/e2cbacf2d8d24222662151e6c4ed3edab7444774/imagesnew1/lens/lens1/FLA0001_フェリアモ_ウーロンティー_1day_lens.jpg,NG,606982,0,decode/reencode failed
2025-10-02T21:04:30,imagesnew1/lens/lens1/FLA0001_フェリアモ_カプチーノ_1day_lens.jpg,https://raw.githubusercontent.com/y4m4usr/HL001-quiz-karacon-academia-new/e2cbacf2d8d24222662151e6c4ed3edab7444774/imagesnew1/lens/lens1/FLA0001_フェリアモ_カプチーノ_1day_lens.jpg,NG,606820,0,decode/reencode failed
2025-10-02T21:04:30,imagesnew1/lens/lens1/FLA0001_フェリアモ_コーヒーゼリー_1day_lens.jpg,https://raw.githubusercontent.com/y4m4usr/HL001-quiz-karacon-academia-new/e2cbacf2d8d24222662151e6c4ed3edab7444774/imagesnew1/lens/lens1/FLA0001_フェリアモ_コーヒーゼリー_1day_lens.jpg,NG,606558,0,decode/reencode failed
2025-10-02T21:04:31,imagesnew1/lens/lens1/FLA0001_フェリアモ_シアーブラウン_1day_lens.jpg,https://raw.githubusercontent.com/y4m4usr/HL001-quiz-karacon-academia-new/e2cbacf2d8d24222662151e6c4ed3edab7444774/imagesnew1/lens/lens1/FLA0001_フェリアモ_シアーブラウン_1day_lens.jpg,NG,606762,0,decode/reencode failed
2025-10-02T21:04:31,imagesnew1/lens/lens1/FLA0001_フェリアモ_シアーブラック_1day_lens.jpg,https://raw.githubusercontent.com/y4m4usr/HL001-quiz-karacon-academia-new/e2cbacf2d8d24222662151e6c4ed3edab7444774/imagesnew1/lens/lens1/FLA0001_フェリアモ_シアーブラック_1day_lens.jpg,NG,606709,0,decode/reencode failed
2025-10-02T21:04:31,imagesnew1/lens/lens1/FLA0001_フェリアモ_ブリュレパール_1day_lens.jpg,https://raw.githubusercontent.com/y4m4usr/HL001-quiz-karacon-academia-new/e2cbacf2d8d24222662151e6c4ed3edab7444774/imagesnew1/lens/lens1/FLA0001_フェリアモ_ブリュレパール_1day_lens.jpg,NG,606562,0,decode/reencode failed
2025-10-02T21:04:32,imagesnew1/lens/lens1/FLA0003_フェリアモ_アーモンドプードル_1day_lens.jpg,https://raw.githubusercontent.com/y4m4usr/HL001-quiz-karacon-academia-new/e2cbacf2d8d24222662151e6c4ed3edab7444774/imagesnew1/lens/lens1/FLA0003_フェリアモ_アーモンドプードル_1day_lens.jpg,NG,606882,0,decode/reencode failed
2025-10-02T21:04:32,imagesnew1/lens/lens1/FLA0003_フェリアモ_エスプレッソ_1day_lens.jpg,https://raw.githubusercontent.com/y4m4usr/HL001-quiz-karacon-academia-new/e2cbacf2d8d24222662151e6c4ed3edab7444774/imagesnew1/lens/lens1/FLA0003_フェリアモ_エスプレッソ_1day_lens.jpg,NG,606510,0,decode/reencode failed
2025-10-02T21:04:32,imagesnew1/lens/lens1/FLA0003_フェリアモ_カフェモカ_1day_lens.jpg,https://raw.githubusercontent.com/y4m4usr/HL001-quiz-karacon-academia-new/e2cbacf2d8d24222662151e6c4ed3edab7444774/imagesnew1/lens/lens1/FLA0003_フェリアモ_カフェモカ_1day_lens.jpg,NG,606804,0,decode/reencode failed
2025-10-02T21:04:33,imagesnew1/lens/lens1/FLA0003_フェリアモ_サクラムース_1day_lens.jpg,https://raw.githubusercontent.com/y4m4usr/HL001-quiz-karacon-academia-new/e2cbacf2d8d24222662151e6c4ed3edab7444774/imagesnew1/lens/lens1/FLA0003_フェリアモ_サクラムース_1day_lens.jpg,NG,606606,0,decode/reencode failed
2025-10-02T21:04:33,imagesnew1/lens/lens1/FLA0003_フェリアモ_シャイニーブラウン_1day_lens.jpg,https://raw.githubusercontent.com/y4m4usr/HL001-quiz-karacon-academia-new/e2cbacf2d8d24222662151e6c4ed3edab7444774/imagesnew1/lens/lens1/FLA0003_フェリアモ_シャイニーブラウン_1day_lens.jpg,NG,606563,0,decode/reencode failed
2025-10-02T21:04:33,imagesnew1/lens/lens1/FLA0003_フェリアモ_タルトタタン_1day_lens.jpg,https://raw.githubusercontent.com/y4m4usr/HL001-quiz-karacon-academia-new/e2cbacf2d8d24222662151e6c4ed3edab7444774/imagesnew1/lens/lens1/FLA0003_フェリアモ_タルトタタン_1day_lens.jpg,NG,606804,0,decode/reencode failed
2025-10-02T21:04:34,imagesnew1/lens/lens1/FLA0003_フェリアモ_ティラミスリング_1day_lens.jpg,https://raw.githubusercontent.com/y4m4usr/HL001-quiz-karacon-academia-new/e2cbacf2d8d24222662151e6c4ed3edab7444774/imagesnew1/lens/lens1/FLA0003_フェリアモ_ティラミスリング_1day_lens.jpg,NG,606432,0,decode/reencode failed
2025-10-02T21:04:34,imagesnew1/lens/lens1/FLA0004_フェリアモ_アフォガード_1month_lens.jpg,https://raw.githubusercontent.com/y4m4usr/HL001-quiz-karacon-academia-new/e2cbacf2d8d24222662151e6c4ed3edab7444774/imagesnew1/lens/lens1/FLA0004_フェリアモ_アフォガード_1month_lens.jpg,NG,606626,0,decode/reencode failed
2025-10-02T21:04:34,imagesnew1/lens/lens1/FLA0004_フェリアモ_ウーロンティー_1month_lens.jpg,https://raw.githubusercontent.com/y4m4usr/HL001-quiz-karacon-academia-new/e2cbacf2d8d24222662151e6c4ed3edab7444774/imagesnew1/lens/lens1/FLA0004_フェリアモ_ウーロンティー_1month_lens.jpg,NG,606882,0,decode/reencode failed
2025-10-02T21:04:34,imagesnew1/lens/lens1/FLA0004_フェリアモ_コーヒーゼリー_1month_lens.jpg,https://raw.githubusercontent.com/y4m4usr/HL001-quiz-karacon-academia-new/e2cbacf2d8d24222662151e6c4ed3edab7444774/imagesnew1/lens/lens1/FLA0004_フェリアモ_コーヒーゼリー_1month_lens.jpg,NG,606483,0,decode/reencode failed
2025-10-02T21:04:35,imagesnew1/lens/lens1/FLA0004_フェリアモ_ブリュレパール_1month_lens.jpg,https://raw.githubusercontent.com/y4m4usr/HL001-quiz-karacon-academia-new/e2cbacf2d8d24222662151e6c4ed3edab7444774/imagesnew1/lens/lens1/FLA0004_フェリアモ_ブリュレパール_1month_lens.jpg,NG,606837,0,decode/reencode failed
2025-10-02T21:04:35,imagesnew1/lens/lens1/FLA0005_フェリアモ_アーモンドプードル_1month_lens.jpg,https://raw.githubusercontent.com/y4m4usr/HL001-quiz-karacon-academia-new/e2cbacf2d8d24222662151e6c4ed3edab7444774/imagesnew1/lens/lens1/FLA0005_フェリアモ_アーモンドプードル_1month_lens.jpg,NG,606555,0,decode/reencode failed
2025-10-02T21:04:35,imagesnew1/lens/lens1/FLA0005_フェリアモ_タルトタタン_1month_lens.jpg,https://raw.githubusercontent.com/y4m4usr/HL001-quiz-karacon-academia-new/e2cbacf2d8d24222662151e6c4ed3edab7444774/imagesnew1/lens/lens1/FLA0005_フェリアモ_タルトタタン_1month_lens.jpg,NG,606851,0,decode/reencode failed
2025-10-02T21:04:36,imagesnew1/lens/lens1/FLA0005_フェリアモ_ティラミスリング_1month_lens.jpg,https://raw.githubusercontent.com/y4m4usr/HL001-quiz-karacon-academia-new/e2cbacf2d8d24222662151e6c4ed3edab7444774/imagesnew1/lens/lens1/FLA0005_フェリアモ_ティラミスリング_1month_lens.jpg,NG,606918,0,decode/reencode failed
2025-10-02T21:04:36,imagesnew1/lens/lens1/FLU0001_フルーリー_アルパカベイビー_1day_lens.jpg,https://raw.githubusercontent.com/y4m4usr/HL001-quiz-karacon-academia-new/e2cbacf2d8d24222662151e6c4ed3edab7444774/imagesnew1/lens/lens1/FLU0001_フルーリー_アルパカベイビー_1day_lens.jpg,NG,606477,0,decode/reencode failed
2025-10-02T21:04:36,imagesnew1/lens/lens1/FLU0002_フルーリー_あざとあざらし_1day_lens.jpg,https://raw.githubusercontent.com/y4m4usr/HL001-quiz-karacon-academia-new/e2cbacf2d8d24222662151e6c4ed3edab7444774/imagesnew1/lens/lens1/FLU0002_フルーリー_あざとあざらし_1day_lens.jpg,NG,606569,0,decode/reencode failed
2025-10-02T21:04:37,imagesnew1/lens/lens1/FLU0002_フルーリー_うるうるチワワ_1day_lens.jpg,https://raw.githubusercontent.com/y4m4usr/HL001-quiz-karacon-academia-new/e2cbacf2d8d24222662151e6c4ed3edab7444774/imagesnew1/lens/lens1/FLU0002_フルーリー_うるうるチワワ_1day_lens.jpg,NG,606558,0,decode/reencode failed
2025-10-02T21:04:37,imagesnew1/lens/lens1/FLU0002_フルーリー_キマグレネコ_1day_lens.jpg,https://raw.githubusercontent.com/y4m4usr/HL001-quiz-karacon-academia-new/e2cbacf2d8d24222662151e6c4ed3edab7444774/imagesnew1/lens/lens1/FLU0002_フルーリー_キマグレネコ_1day_lens.jpg,NG,607058,0,decode/reencode failed
2025-10-02T21:04:37,imagesnew1/lens/lens1/FLU0002_フルーリー_のんびりマンチカン_1day_lens.jpg,https://raw.githubusercontent.com/y4m4usr/HL001-quiz-karacon-academia-new/e2cbacf2d8d24222662151e6c4ed3edab7444774/imagesnew1/lens/lens1/FLU0002_フルーリー_のんびりマンチカン_1day_lens.jpg,NG,606484,0,decode/reencode failed
2025-10-02T21:04:37,imagesnew1/lens/lens1/FLU0002_フルーリー_もふもふハムスター_1day_lens.jpg,https://raw.githubusercontent.com/y4m4usr/HL001-quiz-karacon-academia-new/e2cbacf2d8d24222662151e6c4ed3edab7444774/imagesnew1/lens/lens1/FLU0002_フルーリー_もふもふハムスター_1day_lens.jpg,NG,607135,0,decode/reencode failed
2025-10-02T21:04:38,imagesnew1/lens/lens1/FLU0002_フルーリー_わんぱくコアラ_1day_lens.jpg,https://raw.githubusercontent.com/y4m4usr/HL001-quiz-karacon-academia-new/e2cbacf2d8d24222662151e6c4ed3edab7444774/imagesnew1/lens/lens1/FLU0002_フルーリー_わんぱくコアラ_1day_lens.jpg,NG,606695,0,decode/reencode failed
2025-10-02T21:04:38,imagesnew1/lens/lens1/FLU0002_フルーリー_愛されウサギ_1day_lens.jpg,https://raw.githubusercontent.com/y4m4usr/HL001-quiz-karacon-academia-new/e2cbacf2d8d24222662151e6c4ed3edab7444774/imagesnew1/lens/lens1/FLU0002_フルーリー_愛されウサギ_1day_lens.jpg,NG,606578,0,decode/reencode failed
2025-10-02T21:04:39,imagesnew1/lens/lens1/FLU0002_フルーリー_華麗なキツネ_1day_lens.jpg,https://raw.githubusercontent.com/y4m4usr/HL001-quiz-karacon-academia-new/e2cbacf2d8d24222662151e6c4ed3edab7444774/imagesnew1/lens/lens1/FLU0002_フルーリー_華麗なキツネ_1day_lens.jpg,NG,606661,0,decode/reencode failed
2025-10-02T21:04:39,imagesnew1/lens/lens1/FLU0002_フルーリー_褒められパンダ_1day_lens.jpg,https://raw.githubusercontent.com/y4m4usr/HL001-quiz-karacon-academia-new/e2cbacf2d8d24222662151e6c4ed3edab7444774/imagesnew1/lens/lens1/FLU0002_フルーリー_褒められパンダ_1day_lens.jpg,NG,606412,0,decode/reencode failed
2025-10-02T21:04:39,imagesnew1/lens/lens1/FLU0003_フルーリー_くりくりプードル_1day_lens.jpg,https://raw.githubusercontent.com/y4m4usr/HL001-quiz-karacon-academia-new/e2cbacf2d8d24222662151e6c4ed3edab7444774/imagesnew1/lens/lens1/FLU0003_フルーリー_くりくりプードル_1day_lens.jpg,NG,606687,0,decode/reencode failed
2025-10-02T21:04:40,imagesnew1/lens/lens1/FLU0003_フルーリー_ぽんぽこたぬき_1day_lens.jpg,https://raw.githubusercontent.com/y4m4usr/HL001-quiz-karacon-academia-new/e2cbacf2d8d24222662151e6c4ed3edab7444774/imagesnew1/lens/lens1/FLU0003_フルーリー_ぽんぽこたぬき_1day_lens.jpg,NG,606508,0,decode/reencode failed
2025-10-02T21:04:40,imagesnew1/lens/lens1/FLU0003_フルーリー_恋するバンビ_1day_lens.jpg,https://raw.githubusercontent.com/y4m4usr/HL001-quiz-karacon-academia-new/e2cbacf2d8d24222662151e6c4ed3edab7444774/imagesnew1/lens/lens1/FLU0003_フルーリー_恋するバンビ_1day_lens.jpg,NG,606974,0,decode/reencode failed
2025-10-02T21:04:40,imagesnew1/lens/lens1/FLU0004_フルーリー_もっとキマグレネコ_1month_lens.jpg,https://raw.githubusercontent.com/y4m4usr/HL001-quiz-karacon-academia-new/e2cbacf2d8d24222662151e6c4ed3edab7444774/imagesnew1/lens/lens1/FLU0004_フルーリー_もっとキマグレネコ_1month_lens.jpg,NG,606665,0,decode/reencode failed
2025-10-02T21:04:41,imagesnew1/lens/lens1/FLU0004_フルーリー_もっとぽんぽこたぬき_1month_lens.jpg,https://raw.githubusercontent.com/y4m4usr/HL001-quiz-karacon-academia-new/e2cbacf2d8d24222662151e6c4ed3edab7444774/imagesnew1/lens/lens1/FLU0004_フルーリー_もっとぽんぽこたぬき_1month_lens.jpg,NG,606673,0,decode/reencode failed
2025-10-02T21:04:41,imagesnew1/lens/lens1/FLU0004_フルーリー_もっと愛されうさぎ_1month_lens.jpg,https://raw.githubusercontent.com/y4m4usr/HL001-quiz-karacon-academia-new/e2cbacf2d8d24222662151e6c4ed3edab7444774/imagesnew1/lens/lens1/FLU0004_フルーリー_もっと愛されうさぎ_1month_lens.jpg,NG,606481,0,decode/reencode failed
2025-10-02T21:04:41,imagesnew1/lens/lens1/FLU0004_フルーリー_もっと褒められパンダ_1month_lens.jpg,https://raw.githubusercontent.com/y4m4usr/HL001-quiz-karacon-academia-new/e2cbacf2d8d24222662151e6c4ed3edab7444774/imagesnew1/lens/lens1/FLU0004_フルーリー_もっと褒められパンダ_1month_lens.jpg,NG,606909,0,decode/reencode failed
2025-10-02T21:04:42,imagesnew1/lens/lens1/FLU0005_フルーリー_ましゅまろ_1month_lens.jpg,https://raw.githubusercontent.com/y4m4usr/HL001-quiz-karacon-academia-new/e2cbacf2d8d24222662151e6c4ed3edab7444774/imagesnew1/lens/lens1/FLU0005_フルーリー_ましゅまろ_1month_lens.jpg,NG,606705,0,decode/reencode failed
2025-10-02T21:04:42,imagesnew1/lens/lens1/FLU0006_フルーリー_お月見だんご_1month_lens.jpg,https://raw.githubusercontent.com/y4m4usr/HL001-quiz-karacon-academia-new/e2cbacf2d8d24222662151e6c4ed3edab7444774/imagesnew1/lens/lens1/FLU0006_フルーリー_お月見だんご_1month_lens.jpg,NG,606756,0,decode/reencode failed
2025-10-02T21:04:42,imagesnew1/lens/lens1/FLU0006_フルーリー_スイカソーダ_1month_lens.jpg,https://raw.githubusercontent.com/y4m4usr/HL001-quiz-karacon-academia-new/e2cbacf2d8d24222662151e6c4ed3edab7444774/imagesnew1/lens/lens1/FLU0006_フルーリー_スイカソーダ_1month_lens.jpg,NG,606437,0,decode/reencode failed
2025-10-02T21:04:43,imagesnew1/lens/lens1/FLU0006_フルーリー_トゥンカロン_1month_lens.jpg,https://raw.githubusercontent.com/y4m4usr/HL001-quiz-karacon-academia-new/e2cbacf2d8d24222662151e6c4ed3edab7444774/imagesnew1/lens/lens1/FLU0006_フルーリー_トゥンカロン_1month_lens.jpg,NG,606627,0,decode/reencode failed
2025-10-02T21:04:43,imagesnew1/lens/lens1/FLU0006_フルーリー_黒蜜ぷりん_1month_lens.jpg,https://raw.githubusercontent.com/y4m4usr/HL001-quiz-karacon-academia-new/e2cbacf2d8d24222662151e6c4ed3edab7444774/imagesnew1/lens/lens1/FLU0006_フルーリー_黒蜜ぷりん_1month_lens.jpg,NG,606446,0,decode/reencode failed
2025-10-02T21:04:43,imagesnew1/lens/lens1/FLU0007_せかいのふるーりー_ソウル_1day_lens.jpg,https://raw.githubusercontent.com/y4m4usr/HL001-quiz-karacon-academia-new/e2cbacf2d8d24222662151e6c4ed3edab7444774/imagesnew1/lens/lens1/FLU0007_せかいのふるーりー_ソウル_1day_lens.jpg,NG,606795,0,decode/reencode failed
2025-10-02T21:04:43,imagesnew1/lens/lens1/FLU0007_せかいのふるーりー_ニューヨーク_1day_lens.jpg,https://raw.githubusercontent.com/y4m4usr/HL001-quiz-karacon-academia-new/e2cbacf2d8d24222662151e6c4ed3edab7444774/imagesnew1/lens/lens1/FLU0007_せかいのふるーりー_ニューヨーク_1day_lens.jpg,NG,606274,0,decode/reencode failed
2025-10-02T21:04:44,imagesnew1/lens/lens1/FLU0007_せかいのふるーりー_パリ_1day_lens.jpg,https://raw.githubusercontent.com/y4m4usr/HL001-quiz-karacon-academia-new/e2cbacf2d8d24222662151e6c4ed3edab7444774/imagesnew1/lens/lens1/FLU0007_せかいのふるーりー_パリ_1day_lens.jpg,NG,606593,0,decode/reencode failed
2025-10-02T21:04:44,imagesnew1/lens/lens1/FLU0007_せかいのふるーりー_渋谷_1day_lens.jpg,https://raw.githubusercontent.com/y4m4usr/HL001-quiz-karacon-academia-new/e2cbacf2d8d24222662151e6c4ed3edab7444774/imagesnew1/lens/lens1/FLU0007_せかいのふるーりー_渋谷_1day_lens.jpg,NG,606437,0,decode/reencode failed
2025-10-02T21:04:44,imagesnew1/lens/lens1/FLU0007_せかいのふるーりー_東京_1day_lens.jpg,https://raw.githubusercontent.com/y4m4usr/HL001-quiz-karacon-academia-new/e2cbacf2d8d24222662151e6c4ed3edab7444774/imagesnew1/lens/lens1/FLU0007_せかいのふるーりー_東京_1day_lens.jpg,NG,607045,0,decode/reencode failed
2025-10-02T21:04:45,imagesnew1/lens/lens1/FLU0008_せかいのふるーりー_歌舞伎町_1day_lens.jpg,https://raw.githubusercontent.com/y4m4usr/HL001-quiz-karacon-academia-new/e2cbacf2d8d24222662151e6c4ed3edab7444774/imagesnew1/lens/lens1/FLU0008_せかいのふるーりー_歌舞伎町_1day_lens.jpg,NG,606883,0,decode/reencode failed
2025-10-02T21:04:45,imagesnew1/lens/lens1/GE0001_グリム_クリームベージュパレット_1day_lens.jpg,https://raw.githubusercontent.com/y4m4usr/HL001-quiz-karacon-academia-new/e2cbacf2d8d24222662151e6c4ed3edab7444774/imagesnew1/lens/lens1/GE0001_グリム_クリームベージュパレット_1day_lens.jpg,NG,606415,0,decode/reencode failed
2025-10-02T21:04:45,imagesnew1/lens/lens1/GE0001_グリム_マロンブラウンパレット_1day_lens.jpg,https://raw.githubusercontent.com/y4m4usr/HL001-quiz-karacon-academia-new/e2cbacf2d8d24222662151e6c4ed3edab7444774/imagesnew1/lens/lens1/GE0001_グリム_マロンブラウンパレット_1day_lens.jpg,NG,606470,0,decode/reencode failed
2025-10-02T21:04:46,imagesnew1/lens/lens1/GE0001_グリム_ミルキーグレーパレット_1day_lens.jpg,https://raw.githubusercontent.com/y4m4usr/HL001-quiz-karacon-academia-new/e2cbacf2d8d24222662151e6c4ed3edab7444774/imagesnew1/lens/lens1/GE0001_グリム_ミルキーグレーパレット_1day_lens.jpg,NG,606886,0,decode/reencode failed
2025-10-02T21:04:46,imagesnew1/lens/lens1/GEN0001_ジェニスアイ_ヴィーナスブラウン_1day_lens.jpg,https://raw.githubusercontent.com/y4m4usr/HL001-quiz-karacon-academia-new/e2cbacf2d8d24222662151e6c4ed3edab7444774/imagesnew1/lens/lens1/GEN0001_ジェニスアイ_ヴィーナスブラウン_1day_lens.jpg,NG,606530,0,decode/reencode failed
2025-10-02T21:04:46,imagesnew1/lens/lens1/GEN0001_ジェニスアイ_ジュピターヘーゼル_1day_lens.jpg,https://raw.githubusercontent.com/y4m4usr/HL001-quiz-karacon-academia-new/e2cbacf2d8d24222662151e6c4ed3edab7444774/imagesnew1/lens/lens1/GEN0001_ジェニスアイ_ジュピターヘーゼル_1day_lens.jpg,NG,606422,0,decode/reencode failed
2025-10-02T21:04:47,imagesnew1/lens/lens1/GEN0001_ジェニスアイ_マーキュリーグレージュ_1day_lens.jpg,https://raw.githubusercontent.com/y4m4usr/HL001-quiz-karacon-academia-new/e2cbacf2d8d24222662151e6c4ed3edab7444774/imagesnew1/lens/lens1/GEN0001_ジェニスアイ_マーキュリーグレージュ_1day_lens.jpg,NG,607019,0,decode/reencode failed
2025-10-02T21:04:47,imagesnew1/lens/lens1/HD0022_ハニードロップス_うるつやピンク_1day_lens.jpg,https://raw.githubusercontent.com/y4m4usr/HL001-quiz-karacon-academia-new/e2cbacf2d8d24222662151e6c4ed3edab7444774/imagesnew1/lens/lens1/HD0022_ハニードロップス_うるつやピンク_1day_lens.jpg,NG,606546,0,decode/reencode failed
2025-10-02T21:04:47,imagesnew1/lens/lens1/HD0022_ハニードロップス_うるつやブラウン_1day_lens.jpg,https://raw.githubusercontent.com/y4m4usr/HL001-quiz-karacon-academia-new/e2cbacf2d8d24222662151e6c4ed3edab7444774/imagesnew1/lens/lens1/HD0022_ハニードロップス_うるつやブラウン_1day_lens.jpg,NG,606558,0,decode/reencode failed
2025-10-02T21:04:48,imagesnew1/lens/lens1/HD0022_ハニードロップス_うるつやベージュ_1day_lens.jpg,https://raw.githubusercontent.com/y4m4usr/HL001-quiz-karacon-academia-new/e2cbacf2d8d24222662151e6c4ed3edab7444774/imagesnew1/lens/lens1/HD0022_ハニードロップス_うるつやベージュ_1day_lens.jpg,NG,606481,0,decode/reencode failed
2025-10-02T21:04:48,imagesnew1/lens/lens1/HD0022_ハニードロップス_カフェミスト_1day_lens.jpg,https://raw.githubusercontent.com/y4m4usr/HL001-quiz-karacon-academia-new/e2cbacf2d8d24222662151e6c4ed3edab7444774/imagesnew1/lens/lens1/HD0022_ハニードロップス_カフェミスト_1day_lens.jpg,NG,607033,0,decode/reencode failed
2025-10-02T21:04:48,imagesnew1/lens/lens1/HD0022_ハニードロップス_すけつやジェリー_1day_lens.jpg,https://raw.githubusercontent.com/y4m4usr/HL001-quiz-karacon-academia-new/e2cbacf2d8d24222662151e6c4ed3edab7444774/imagesnew1/lens/lens1/HD0022_ハニードロップス_すけつやジェリー_1day_lens.jpg,NG,607081,0,decode/reencode failed
2025-10-02T21:04:49,imagesnew1/lens/lens1/HD0022_ハニードロップス_セピア_1day_lens.jpg,https://raw.githubusercontent.com/y4m4usr/HL001-quiz-karacon-academia-new/e2cbacf2d8d24222662151e6c4ed3edab7444774/imagesnew1/lens/lens1/HD0022_ハニードロップス_セピア_1day_lens.jpg,NG,607790,0,decode/reencode failed
2025-10-02T21:04:49,imagesnew1/lens/lens1/HD0022_ハニードロップス_セピアグレージュ_1day_lens.jpg,https://raw.githubusercontent.com/y4m4usr/HL001-quiz-karacon-academia-new/e2cbacf2d8d24222662151e6c4ed3edab7444774/imagesnew1/lens/lens1/HD0022_ハニードロップス_セピアグレージュ_1day_lens.jpg,NG,606584,0,decode/reencode failed
2025-10-02T21:04:49,imagesnew1/lens/lens1/HD0022_ハニードロップス_セピアピンク_1day_lens.jpg,https://raw.githubusercontent.com/y4m4usr/HL001-quiz-karacon-academia-new/e2cbacf2d8d24222662151e6c4ed3edab7444774/imagesnew1/lens/lens1/HD0022_ハニードロップス_セピアピンク_1day_lens.jpg,NG,606667,0,decode/reencode failed
2025-10-02T21:04:49,imagesnew1/lens/lens1/HD0022_ハニードロップス_セピアブルー_1day_lens.jpg,https://raw.githubusercontent.com/y4m4usr/HL001-quiz-karacon-academia-new/e2cbacf2d8d24222662151e6c4ed3edab7444774/imagesnew1/lens/lens1/HD0022_ハニードロップス_セピアブルー_1day_lens.jpg,NG,606557,0,decode/reencode failed
2025-10-02T21:04:50,imagesnew1/lens/lens1/HD0022_ハニードロップス_チョコモカ_1day_lens.jpg,https://raw.githubusercontent.com/y4m4usr/HL001-quiz-karacon-academia-new/e2cbacf2d8d24222662151e6c4ed3edab7444774/imagesnew1/lens/lens1/HD0022_ハニードロップス_チョコモカ_1day_lens.jpg,NG,606679,0,decode/reencode failed
2025-10-02T21:04:50,imagesnew1/lens/lens1/HD0022_ハニードロップス_ピコブラウン_1day_lens.jpg,https://raw.githubusercontent.com/y4m4usr/HL001-quiz-karacon-academia-new/e2cbacf2d8d24222662151e6c4ed3edab7444774/imagesnew1/lens/lens1/HD0022_ハニードロップス_ピコブラウン_1day_lens.jpg,NG,606710,0,decode/reencode failed
2025-10-02T21:04:50,imagesnew1/lens/lens1/HD0022_ハニードロップス_ベビーブラウン_1day_lens.jpg,https://raw.githubusercontent.com/y4m4usr/HL001-quiz-karacon-academia-new/e2cbacf2d8d24222662151e6c4ed3edab7444774/imagesnew1/lens/lens1/HD0022_ハニードロップス_ベビーブラウン_1day_lens.jpg,NG,607605,0,decode/reencode failed
2025-10-02T21:04:51,imagesnew1/lens/lens1/HD0022_ハニードロップス_ベビーベージュ_1day_lens.jpg,https://raw.githubusercontent.com/y4m4usr/HL001-quiz-karacon-academia-new/e2cbacf2d8d24222662151e6c4ed3edab7444774/imagesnew1/lens/lens1/HD0022_ハニードロップス_ベビーベージュ_1day_lens.jpg,NG,607050,0,decode/reencode failed
2025-10-02T21:04:51,imagesnew1/lens/lens1/HD0022_ハニードロップス_メロウショコラ_1day_lens.jpg,https://raw.githubusercontent.com/y4m4usr/HL001-quiz-karacon-academia-new/e2cbacf2d8d24222662151e6c4ed3edab7444774/imagesnew1/lens/lens1/HD0022_ハニードロップス_メロウショコラ_1day_lens.jpg,NG,606695,0,decode/reencode failed
2025-10-02T21:04:51,imagesnew1/lens/lens1/HD0022_ハニードロップス_メロウピンク_1day_lens.jpg,https://raw.githubusercontent.com/y4m4usr/HL001-quiz-karacon-academia-new/e2cbacf2d8d24222662151e6c4ed3edab7444774/imagesnew1/lens/lens1/HD0022_ハニードロップス_メロウピンク_1day_lens.jpg,NG,606734,0,decode/reencode failed
2025-10-02T21:04:52,imagesnew1/lens/lens1/HD0022_ハニードロップス_ももブルージュ_1day_lens.jpg,https://raw.githubusercontent.com/y4m4usr/HL001-quiz-karacon-academia-new/e2cbacf2d8d24222662151e6c4ed3edab7444774/imagesnew1/lens/lens1/HD0022_ハニードロップス_ももブルージュ_1day_lens.jpg,NG,606759,0,decode/reencode failed
2025-10-02T21:04:52,imagesnew1/lens/lens1/HD0023_ハニードロップス_うるつやブラウン_1month_lens.jpg,https://raw.githubusercontent.com/y4m4usr/HL001-quiz-karacon-academia-new/e2cbacf2d8d24222662151e6c4ed3edab7444774/imagesnew1/lens/lens1/HD0023_ハニードロップス_うるつやブラウン_1month_lens.jpg,NG,606378,0,decode/reencode failed
2025-10-02T21:04:52,imagesnew1/lens/lens1/HD0023_ハニードロップス_うるつやベージュ_1month_lens.jpg,https://raw.githubusercontent.com/y4m4usr/HL001-quiz-karacon-academia-new/e2cbacf2d8d24222662151e6c4ed3edab7444774/imagesnew1/lens/lens1/HD0023_ハニードロップス_うるつやベージュ_1month_lens.jpg,NG,607560,0,decode/reencode failed
2025-10-02T21:04:53,imagesnew1/lens/lens1/HD0023_ハニードロップス_すけつやジェリー_1month_lens.jpg,https://raw.githubusercontent.com/y4m4usr/HL001-quiz-karacon-academia-new/e2cbacf2d8d24222662151e6c4ed3edab7444774/imagesnew1/lens/lens1/HD0023_ハニードロップス_すけつやジェリー_1month_lens.jpg,NG,606900,0,decode/reencode failed
2025-10-02T21:04:53,imagesnew1/lens/lens1/HD0023_ハニードロップス_セピア_1month_lens.jpg,https://raw.githubusercontent.com/y4m4usr/HL001-quiz-karacon-academia-new/e2cbacf2d8d24222662151e6c4ed3edab7444774/imagesnew1/lens/lens1/HD0023_ハニードロップス_セピア_1month_lens.jpg,NG,606606,0,decode/reencode failed
2025-10-02T21:04:53,imagesnew1/lens/lens1/HD0023_ハニードロップス_セピアグレージュ_1month_lens.jpg,https://raw.githubusercontent.com/y4m4usr/HL001-quiz-karacon-academia-new/e2cbacf2d8d24222662151e6c4ed3edab7444774/imagesnew1/lens/lens1/HD0023_ハニードロップス_セピアグレージュ_1month_lens.jpg,NG,606417,0,decode/reencode failed
2025-10-02T21:04:53,imagesnew1/lens/lens1/HD0023_ハニードロップス_セピアピンク_1month_lens.jpg,https://raw.githubusercontent.com/y4m4usr/HL001-quiz-karacon-academia-new/e2cbacf2d8d24222662151e6c4ed3edab7444774/imagesnew1/lens/lens1/HD0023_ハニードロップス_セピアピンク_1month_lens.jpg,NG,606707,0,decode/reencode failed
2025-10-02T21:04:54,imagesnew1/lens/lens1/HD0023_ハニードロップス_セピアブルー_1month_lens.jpg,https://raw.githubusercontent.com/y4m4usr/HL001-quiz-karacon-academia-new/e2cbacf2d8d24222662151e6c4ed3edab7444774/imagesnew1/lens/lens1/HD0023_ハニードロップス_セピアブルー_1month_lens.jpg,NG,606606,0,decode/reencode failed
2025-10-02T21:04:54,imagesnew1/lens/lens1/HD0023_ハニードロップス_チョコモカ_1month_lens.jpg,https://raw.githubusercontent.com/y4m4usr/HL001-quiz-karacon-academia-new/e2cbacf2d8d24222662151e6c4ed3edab7444774/imagesnew1/lens/lens1/HD0023_ハニードロップス_チョコモカ_1month_lens.jpg,NG,606520,0,decode/reencode failed
2025-10-02T21:04:54,imagesnew1/lens/lens1/HD0023_ハニードロップス_メロウショコラ_1month_lens.jpg,https://raw.githubusercontent.com/y4m4usr/HL001-quiz-karacon-academia-new/e2cbacf2d8d24222662151e6c4ed3edab7444774/imagesnew1/lens/lens1/HD0023_ハニードロップス_メロウショコラ_1month_lens.jpg,NG,606581,0,decode/reencode failed
2025-10-02T21:04:55,imagesnew1/lens/lens1/HD0035_ハニードロップス_ピンクミステリア_1day_lens.jpg,https://raw.githubusercontent.com/y4m4usr/HL001-quiz-karacon-academia-new/e2cbacf2d8d24222662151e6c4ed3edab7444774/imagesnew1/lens/lens1/HD0035_ハニードロップス_ピンクミステリア_1day_lens.jpg,NG,606940,0,decode/reencode failed
2025-10-02T21:04:55,imagesnew1/lens/lens1/HD0035_ハニードロップス_メルセピア_1day_lens.jpg,https://raw.githubusercontent.com/y4m4usr/HL001-quiz-karacon-academia-new/e2cbacf2d8d24222662151e6c4ed3edab7444774/imagesnew1/lens/lens1/HD0035_ハニードロップス_メルセピア_1day_lens.jpg,NG,606552,0,decode/reencode failed
2025-10-02T21:04:55,imagesnew1/lens/lens1/HD0035_ハニードロップス_メルプリン_1day_lens.jpg,https://raw.githubusercontent.com/y4m4usr/HL001-quiz-karacon-academia-new/e2cbacf2d8d24222662151e6c4ed3edab7444774/imagesnew1/lens/lens1/HD0035_ハニードロップス_メルプリン_1day_lens.jpg,NG,606919,0,decode/reencode failed
2025-10-02T21:04:56,imagesnew1/lens/lens1/HD0037_ハニードロップス_メルセピア_1month_lens.jpg,https://raw.githubusercontent.com/y4m4usr/HL001-quiz-karacon-academia-new/e2cbacf2d8d24222662151e6c4ed3edab7444774/imagesnew1/lens/lens1/HD0037_ハニードロップス_メルセピア_1month_lens.jpg,NG,606874,0,decode/reencode failed
2025-10-02T21:04:56,imagesnew1/lens/lens1/HD0037_ハニードロップス_メルプリン_1month_lens.jpg,https://raw.githubusercontent.com/y4m4usr/HL001-quiz-karacon-academia-new/e2cbacf2d8d24222662151e6c4ed3edab7444774/imagesnew1/lens/lens1/HD0037_ハニードロップス_メルプリン_1month_lens.jpg,NG,606313,0,decode/reencode failed
2025-10-02T21:04:56,imagesnew1/lens/lens1/HK0003_ハニーキス_ちゅるんグレー_1month_lens.jpg,https://raw.githubusercontent.com/y4m4usr/HL001-quiz-karacon-academia-new/e2cbacf2d8d24222662151e6c4ed3edab7444774/imagesnew1/lens/lens1/HK0003_ハニーキス_ちゅるんグレー_1month_lens.jpg,NG,607087,0,decode/reencode failed
2025-10-02T21:04:57,imagesnew1/lens/lens1/HK0003_ハニーキス_ちゅるんチョコグレー_1month_lens.jpg,https://raw.githubusercontent.com/y4m4usr/HL001-quiz-karacon-academia-new/e2cbacf2d8d24222662151e6c4ed3edab7444774/imagesnew1/lens/lens1/HK0003_ハニーキス_ちゅるんチョコグレー_1month_lens.jpg,NG,607943,0,decode/reencode failed
2025-10-02T21:04:57,imagesnew1/lens/lens1/HK0003_ハニーキス_ちゅるんピンク_1month_lens.jpg,https://raw.githubusercontent.com/y4m4usr/HL001-quiz-karacon-academia-new/e2cbacf2d8d24222662151e6c4ed3edab7444774/imagesnew1/lens/lens1/HK0003_ハニーキス_ちゅるんピンク_1month_lens.jpg,NG,607619,0,decode/reencode failed
2025-10-02T21:04:57,imagesnew1/lens/lens1/HK0003_ハニーキス_ちゅるんブラウン_1month_lens.jpg,https://raw.githubusercontent.com/y4m4usr/HL001-quiz-karacon-academia-new/e2cbacf2d8d24222662151e6c4ed3edab7444774/imagesnew1/lens/lens1/HK0003_ハニーキス_ちゅるんブラウン_1month_lens.jpg,NG,606398,0,decode/reencode failed
2025-10-02T21:04:58,imagesnew1/lens/lens1/HK0003_ハニーキス_ちゅるんブラック_1month_lens.jpg,https://raw.githubusercontent.com/y4m4usr/HL001-quiz-karacon-academia-new/e2cbacf2d8d24222662151e6c4ed3edab7444774/imagesnew1/lens/lens1/HK0003_ハニーキス_ちゅるんブラック_1month_lens.jpg,NG,606605,0,decode/reencode failed
2025-10-02T21:04:58,imagesnew1/lens/lens1/HK0003_ハニーキス_ちゅるんポップグレー_1month_lens.jpg,https://raw.githubusercontent.com/y4m4usr/HL001-quiz-karacon-academia-new/e2cbacf2d8d24222662151e6c4ed3edab7444774/imagesnew1/lens/lens1/HK0003_ハニーキス_ちゅるんポップグレー_1month_lens.jpg,NG,606642,0,decode/reencode failed
2025-10-02T21:04:58,imagesnew1/lens/lens1/HK0003_ハニーキス_ちゅるんポップピンク_1month_lens.jpg,https://raw.githubusercontent.com/y4m4usr/HL001-quiz-karacon-academia-new/e2cbacf2d8d24222662151e6c4ed3edab7444774/imagesnew1/lens/lens1/HK0003_ハニーキス_ちゅるんポップピンク_1month_lens.jpg,NG,606546,0,decode/reencode failed
2025-10-02T21:04:59,imagesnew1/lens/lens1/HK0003_ハニーキス_ピュアココア_1month_lens.jpg,https://raw.githubusercontent.com/y4m4usr/HL001-quiz-karacon-academia-new/e2cbacf2d8d24222662151e6c4ed3edab7444774/imagesnew1/lens/lens1/HK0003_ハニーキス_ピュアココア_1month_lens.jpg,NG,606458,0,decode/reencode failed
2025-10-02T21:04:59,imagesnew1/lens/lens1/HK0011_ハニーキス_ちゅるんアップル_1day_lens.jpg,https://raw.githubusercontent.com/y4m4usr/HL001-quiz-karacon-academia-new/e2cbacf2d8d24222662151e6c4ed3edab7444774/imagesnew1/lens/lens1/HK0011_ハニーキス_ちゅるんアップル_1day_lens.jpg,NG,606736,0,decode/reencode failed
2025-10-02T21:04:59,imagesnew1/lens/lens1/HK0011_ハニーキス_ちゅるんキャットグレー_1day_lens.jpg,https://raw.githubusercontent.com/y4m4usr/HL001-quiz-karacon-academia-new/e2cbacf2d8d24222662151e6c4ed3edab7444774/imagesnew1/lens/lens1/HK0011_ハニーキス_ちゅるんキャットグレー_1day_lens.jpg,NG,606471,0,decode/reencode failed
2025-10-02T21:05:00,imagesnew1/lens/lens1/HK0011_ハニーキス_ちゅるんキャットグレー_1month_lens.jpg,https://raw.githubusercontent.com/y4m4usr/HL001-quiz-karacon-academia-new/e2cbacf2d8d24222662151e6c4ed3edab7444774/imagesnew1/lens/lens1/HK0011_ハニーキス_ちゅるんキャットグレー_1month_lens.jpg,NG,606646,0,decode/reencode failed
2025-10-02T21:05:00,imagesnew1/lens/lens1/HK0011_ハニーキス_ちゅるんグレー_1day_lens.jpg,https://raw.githubusercontent.com/y4m4usr/HL001-quiz-karacon-academia-new/e2cbacf2d8d24222662151e6c4ed3edab7444774/imagesnew1/lens/lens1/HK0011_ハニーキス_ちゅるんグレー_1day_lens.jpg,NG,606755,0,decode/reencode failed
2025-10-02T21:05:00,imagesnew1/lens/lens1/HK0011_ハニーキス_ちゅるんシュガーベージュ_1day_lens.jpg,https://raw.githubusercontent.com/y4m4usr/HL001-quiz-karacon-academia-new/e2cbacf2d8d24222662151e6c4ed3edab7444774/imagesnew1/lens/lens1/HK0011_ハニーキス_ちゅるんシュガーベージュ_1day_lens.jpg,NG,606801,0,decode/reencode failed
2025-10-02T21:05:00,imagesnew1/lens/lens1/HK0011_ハニーキス_ちゅるんチョコグレー_1day_lens.jpg,https://raw.githubusercontent.com/y4m4usr/HL001-quiz-karacon-academia-new/e2cbacf2d8d24222662151e6c4ed3edab7444774/imagesnew1/lens/lens1/HK0011_ハニーキス_ちゅるんチョコグレー_1day_lens.jpg,NG,608319,0,decode/reencode failed
2025-10-02T21:05:01,imagesnew1/lens/lens1/HK0011_ハニーキス_ちゅるんパープル_1day_lens.jpg,https://raw.githubusercontent.com/y4m4usr/HL001-quiz-karacon-academia-new/e2cbacf2d8d24222662151e6c4ed3edab7444774/imagesnew1/lens/lens1/HK0011_ハニーキス_ちゅるんパープル_1day_lens.jpg,NG,606745,0,decode/reencode failed
2025-10-02T21:05:01,imagesnew1/lens/lens1/HK0011_ハニーキス_ちゅるんピンク_1day_lens.jpg,https://raw.githubusercontent.com/y4m4usr/HL001-quiz-karacon-academia-new/e2cbacf2d8d24222662151e6c4ed3edab7444774/imagesnew1/lens/lens1/HK0011_ハニーキス_ちゅるんピンク_1day_lens.jpg,NG,606636,0,decode/reencode failed
2025-10-02T21:05:01,imagesnew1/lens/lens1/HK0011_ハニーキス_ちゅるんブラウン_1day_lens.jpg,https://raw.githubusercontent.com/y4m4usr/HL001-quiz-karacon-academia-new/e2cbacf2d8d24222662151e6c4ed3edab7444774/imagesnew1/lens/lens1/HK0011_ハニーキス_ちゅるんブラウン_1day_lens.jpg,NG,606949,0,decode/reencode failed
2025-10-02T21:05:02,imagesnew1/lens/lens1/HK0011_ハニーキス_ちゅるんブラック_1day_lens.jpg,https://raw.githubusercontent.com/y4m4usr/HL001-quiz-karacon-academia-new/e2cbacf2d8d24222662151e6c4ed3edab7444774/imagesnew1/lens/lens1/HK0011_ハニーキス_ちゅるんブラック_1day_lens.jpg,NG,606601,0,decode/reencode failed
2025-10-02T21:05:02,imagesnew1/lens/lens1/HK0011_ハニーキス_ちゅるんブルー_1day_lens.jpg,https://raw.githubusercontent.com/y4m4usr/HL001-quiz-karacon-academia-new/e2cbacf2d8d24222662151e6c4ed3edab7444774/imagesnew1/lens/lens1/HK0011_ハニーキス_ちゅるんブルー_1day_lens.jpg,NG,606750,0,decode/reencode failed
2025-10-02T21:05:02,imagesnew1/lens/lens1/HK0011_ハニーキス_ちゅるんベージュ_1day_lens.jpg,https://raw.githubusercontent.com/y4m4usr/HL001-quiz-karacon-academia-new/e2cbacf2d8d24222662151e6c4ed3edab7444774/imagesnew1/lens/lens1/HK0011_ハニーキス_ちゅるんベージュ_1day_lens.jpg,NG,606645,0,decode/reencode failed
2025-10-02T21:05:03,imagesnew1/lens/lens1/HK0011_ハニーキス_ちゅるんポップグレー_1day_lens.jpg,https://raw.githubusercontent.com/y4m4usr/HL001-quiz-karacon-academia-new/e2cbacf2d8d24222662151e6c4ed3edab7444774/imagesnew1/lens/lens1/HK0011_ハニーキス_ちゅるんポップグレー_1day_lens.jpg,NG,606825,0,decode/reencode failed
2025-10-02T21:05:03,imagesnew1/lens/lens1/HK0011_ハニーキス_ちゅるんポップピンク_1day_lens.jpg,https://raw.githubusercontent.com/y4m4usr/HL001-quiz-karacon-academia-new/e2cbacf2d8d24222662151e6c4ed3edab7444774/imagesnew1/lens/lens1/HK0011_ハニーキス_ちゅるんポップピンク_1day_lens.jpg,NG,606936,0,decode/reencode failed
2025-10-02T21:05:03,imagesnew1/lens/lens1/HK0011_ハニーキス_ちゅるんミストパープル_1day_lens.jpg,https://raw.githubusercontent.com/y4m4usr/HL001-quiz-karacon-academia-new/e2cbacf2d8d24222662151e6c4ed3edab7444774/imagesnew1/lens/lens1/HK0011_ハニーキス_ちゅるんミストパープル_1day_lens.jpg,NG,607190,0,decode/reencode failed
2025-10-02T21:05:04,imagesnew1/lens/lens1/HK0011_ハニーキス_ちゅるんミツバチ_1day_lens.jpg,https://raw.githubusercontent.com/y4m4usr/HL001-quiz-karacon-academia-new/e2cbacf2d8d24222662151e6c4ed3edab7444774/imagesnew1/lens/lens1/HK0011_ハニーキス_ちゅるんミツバチ_1day_lens.jpg,NG,607094,0,decode/reencode failed
2025-10-02T21:05:04,imagesnew1/lens/lens1/HK0011_ハニーキス_ちゅるんミルクパール_1day_lens.jpg,https://raw.githubusercontent.com/y4m4usr/HL001-quiz-karacon-academia-new/e2cbacf2d8d24222662151e6c4ed3edab7444774/imagesnew1/lens/lens1/HK0011_ハニーキス_ちゅるんミルクパール_1day_lens.jpg,NG,606690,0,decode/reencode failed
2025-10-02T21:05:04,imagesnew1/lens/lens1/HK0011_ハニーキス_ちゅるんリングベリー_1day_lens.jpg,https://raw.githubusercontent.com/y4m4usr/HL001-quiz-karacon-academia-new/e2cbacf2d8d24222662151e6c4ed3edab7444774/imagesnew1/lens/lens1/HK0011_ハニーキス_ちゅるんリングベリー_1day_lens.jpg,NG,606493,0,decode/reencode failed
2025-10-02T21:05:05,imagesnew1/lens/lens1/HK0011_ハニーキス_ちゅるんレッド_1day_lens.jpg,https://raw.githubusercontent.com/y4m4usr/HL001-quiz-karacon-academia-new/e2cbacf2d8d24222662151e6c4ed3edab7444774/imagesnew1/lens/lens1/HK0011_ハニーキス_ちゅるんレッド_1day_lens.jpg,NG,606922,0,decode/reencode failed
2025-10-02T21:05:05,imagesnew1/lens/lens1/HK0016_ハニーキス_ちゅるんキャンディチョコグレー_1day_lens.jpg,https://raw.githubusercontent.com/y4m4usr/HL001-quiz-karacon-academia-new/e2cbacf2d8d24222662151e6c4ed3edab7444774/imagesnew1/lens/lens1/HK0016_ハニーキス_ちゅるんキャンディチョコグレー_1day_lens.jpg,NG,606774,0,decode/reencode failed
2025-10-02T21:05:05,imagesnew1/lens/lens1/HK0016_ハニーキス_ちゅるんキャンディレッド_1day_lens.jpg,https://raw.githubusercontent.com/y4m4usr/HL001-quiz-karacon-academia-new/e2cbacf2d8d24222662151e6c4ed3edab7444774/imagesnew1/lens/lens1/HK0016_ハニーキス_ちゅるんキャンディレッド_1day_lens.jpg,NG,606814,0,decode/reencode failed
2025-10-02T21:05:06,imagesnew1/lens/lens1/HK0017_ハニーキス_ちゅるんキャンディチョコグレー_1month_lens.jpg,https://raw.githubusercontent.com/y4m4usr/HL001-quiz-karacon-academia-new/e2cbacf2d8d24222662151e6c4ed3edab7444774/imagesnew1/lens/lens1/HK0017_ハニーキス_ちゅるんキャンディチョコグレー_1month_lens.jpg,NG,606421,0,decode/reencode failed
2025-10-02T21:05:06,imagesnew1/lens/lens1/HK0017_ハニーキス_ちゅるんキャンディレッド_1month_lens.jpg,https://raw.githubusercontent.com/y4m4usr/HL001-quiz-karacon-academia-new/e2cbacf2d8d24222662151e6c4ed3edab7444774/imagesnew1/lens/lens1/HK0017_ハニーキス_ちゅるんキャンディレッド_1month_lens.jpg,NG,606566,0,decode/reencode failed
2025-10-02T21:05:06,imagesnew1/lens/lens1/HN0001_ハルネ_カモミール_1day_lens.jpg,https://raw.githubusercontent.com/y4m4usr/HL001-quiz-karacon-academia-new/e2cbacf2d8d24222662151e6c4ed3edab7444774/imagesnew1/lens/lens1/HN0001_ハルネ_カモミール_1day_lens.jpg,NG,606803,0,decode/reencode failed
2025-10-02T21:05:07,imagesnew1/lens/lens1/HN0001_ハルネ_シャーベット_1day_lens.jpg,https://raw.githubusercontent.com/y4m4usr/HL001-quiz-karacon-academia-new/e2cbacf2d8d24222662151e6c4ed3edab7444774/imagesnew1/lens/lens1/HN0001_ハルネ_シャーベット_1day_lens.jpg,NG,607063,0,decode/reencode failed
2025-10-02T21:05:07,imagesnew1/lens/lens1/HN0001_ハルネ_チャイナブルー_1day_lens.jpg,https://raw.githubusercontent.com/y4m4usr/HL001-quiz-karacon-academia-new/e2cbacf2d8d24222662151e6c4ed3edab7444774/imagesnew1/lens/lens1/HN0001_ハルネ_チャイナブルー_1day_lens.jpg,NG,606542,0,decode/reencode failed
2025-10-02T21:05:07,imagesnew1/lens/lens1/HN0001_ハルネ_フィナンシェ_1day_lens.jpg,https://raw.githubusercontent.com/y4m4usr/HL001-quiz-karacon-academia-new/e2cbacf2d8d24222662151e6c4ed3edab7444774/imagesnew1/lens/lens1/HN0001_ハルネ_フィナンシェ_1day_lens.jpg,NG,606441,0,decode/reencode failed
2025-10-02T21:05:07,imagesnew1/lens/lens1/HN0001_ハルネ_プディング_1day_lens.jpg,https://raw.githubusercontent.com/y4m4usr/HL001-quiz-karacon-academia-new/e2cbacf2d8d24222662151e6c4ed3edab7444774/imagesnew1/lens/lens1/HN0001_ハルネ_プディング_1day_lens.jpg,NG,606848,0,decode/reencode failed
2025-10-02T21:05:08,imagesnew1/lens/lens1/HN0001_ハルネ_マカロン_1day_lens.jpg,https://raw.githubusercontent.com/y4m4usr/HL001-quiz-karacon-academia-new/e2cbacf2d8d24222662151e6c4ed3edab7444774/imagesnew1/lens/lens1/HN0001_ハルネ_マカロン_1day_lens.jpg,NG,606338,0,decode/reencode failed
2025-10-02T21:05:08,imagesnew1/lens/lens1/IM0001_一生モテコン_キャラメル_1day_lens.jpg,https://raw.githubusercontent.com/y4m4usr/HL001-quiz-karacon-academia-new/e2cbacf2d8d24222662151e6c4ed3edab7444774/imagesnew1/lens/lens1/IM0001_一生モテコン_キャラメル_1day_lens.jpg,NG,606409,0,decode/reencode failed
2025-10-02T21:05:09,imagesnew1/lens/lens1/IM0001_一生モテコン_ソーダ_1day_lens.jpg,https://raw.githubusercontent.com/y4m4usr/HL001-quiz-karacon-academia-new/e2cbacf2d8d24222662151e6c4ed3edab7444774/imagesnew1/lens/lens1/IM0001_一生モテコン_ソーダ_1day_lens.jpg,NG,606702,0,decode/reencode failed
2025-10-02T21:05:09,imagesnew1/lens/lens1/IM0001_一生モテコン_チョコ_1day_lens.jpg,https://raw.githubusercontent.com/y4m4usr/HL001-quiz-karacon-academia-new/e2cbacf2d8d24222662151e6c4ed3edab7444774/imagesnew1/lens/lens1/IM0001_一生モテコン_チョコ_1day_lens.jpg,NG,606337,0,decode/reencode failed
2025-10-02T21:05:10,imagesnew1/lens/lens1/IM0001_一生モテコン_ベリー_1day_lens.jpg,https://raw.githubusercontent.com/y4m4usr/HL001-quiz-karacon-academia-new/e2cbacf2d8d24222662151e6c4ed3edab7444774/imagesnew1/lens/lens1/IM0001_一生モテコン_ベリー_1day_lens.jpg,NG,606561,0,decode/reencode failed
2025-10-02T21:05:10,imagesnew1/lens/lens1/KI0001_カイカ_花恋ベージュ_1day_lens.jpg,https://raw.githubusercontent.com/y4m4usr/HL001-quiz-karacon-academia-new/e2cbacf2d8d24222662151e6c4ed3edab7444774/imagesnew1/lens/lens1/KI0001_カイカ_花恋ベージュ_1day_lens.jpg,NG,606465,0,decode/reencode failed
2025-10-02T21:05:10,imagesnew1/lens/lens1/KI0001_カイカ_月絃ベージュ_1day_lens.jpg,https://raw.githubusercontent.com/y4m4usr/HL001-quiz-karacon-academia-new/e2cbacf2d8d24222662151e6c4ed3edab7444774/imagesnew1/lens/lens1/KI0001_カイカ_月絃ベージュ_1day_lens.jpg,NG,606741,0,decode/reencode failed
2025-10-02T21:05:11,imagesnew1/lens/lens1/KI0001_カイカ_咲初ショコラ_1day_lens.jpg,https://raw.githubusercontent.com/y4m4usr/HL001-quiz-karacon-academia-new/e2cbacf2d8d24222662151e6c4ed3edab7444774/imagesnew1/lens/lens1/KI0001_カイカ_咲初ショコラ_1day_lens.jpg,NG,606418,0,decode/reencode failed
2025-10-02T21:05:11,imagesnew1/lens/lens1/KI0001_カイカ_雪花グレー_1day_lens.jpg,https://raw.githubusercontent.com/y4m4usr/HL001-quiz-karacon-academia-new/e2cbacf2d8d24222662151e6c4ed3edab7444774/imagesnew1/lens/lens1/KI0001_カイカ_雪花グレー_1day_lens.jpg,NG,606773,0,decode/reencode failed
2025-10-02T21:05:12,imagesnew1/lens/lens1/KI0001_カイカ_淡花ヌード_1day_lens.jpg,https://raw.githubusercontent.com/y4m4usr/HL001-quiz-karacon-academia-new/e2cbacf2d8d24222662151e6c4ed3edab7444774/imagesnew1/lens/lens1/KI0001_カイカ_淡花ヌード_1day_lens.jpg,NG,606403,0,decode/reencode failed
2025-10-02T21:05:12,imagesnew1/lens/lens1/KI0001_カイカ_透花ヴェール_1day_lens.jpg,https://raw.githubusercontent.com/y4m4usr/HL001-quiz-karacon-academia-new/e2cbacf2d8d24222662151e6c4ed3edab7444774/imagesnew1/lens/lens1/KI0001_カイカ_透花ヴェール_1day_lens.jpg,NG,606492,0,decode/reencode failed
2025-10-02T21:05:12,imagesnew1/lens/lens1/KI0001_カイカ_優花ブラウン_1day_lens.jpg,https://raw.githubusercontent.com/y4m4usr/HL001-quiz-karacon-academia-new/e2cbacf2d8d24222662151e6c4ed3edab7444774/imagesnew1/lens/lens1/KI0001_カイカ_優花ブラウン_1day_lens.jpg,NG,606452,0,decode/reencode failed
2025-10-02T21:05:13,imagesnew1/lens/lens1/KI0001_カイカ_優月ブラック_1day_lens.jpg,https://raw.githubusercontent.com/y4m4usr/HL001-quiz-karacon-academia-new/e2cbacf2d8d24222662151e6c4ed3edab7444774/imagesnew1/lens/lens1/KI0001_カイカ_優月ブラック_1day_lens.jpg,NG,606449,0,decode/reencode failed
2025-10-02T21:05:13,imagesnew1/lens/lens1/KN0002_ノックノック_ノックノック 333_1month_lens.jpg,https://raw.githubusercontent.com/y4m4usr/HL001-quiz-karacon-academia-new/e2cbacf2d8d24222662151e6c4ed3edab7444774/imagesnew1/lens/lens1/KN0002_ノックノック_ノックノック 333_1month_lens.jpg,NG,607115,0,decode/reencode failed
2025-10-02T21:05:14,imagesnew1/lens/lens1/KN0002_ノックノック_ノックノック 555_1month_lens.jpg,https://raw.githubusercontent.com/y4m4usr/HL001-quiz-karacon-academia-new/e2cbacf2d8d24222662151e6c4ed3edab7444774/imagesnew1/lens/lens1/KN0002_ノックノック_ノックノック 555_1month_lens.jpg,NG,606775,0,decode/reencode failed
2025-10-02T21:05:14,imagesnew1/lens/lens1/KN0002_ノックノック_ノックノック 666_1month_lens.jpg,https://raw.githubusercontent.com/y4m4usr/HL001-quiz-karacon-academia-new/e2cbacf2d8d24222662151e6c4ed3edab7444774/imagesnew1/lens/lens1/KN0002_ノックノック_ノックノック 666_1month_lens.jpg,NG,606357,0,decode/reencode failed
2025-10-02T21:05:15,imagesnew1/lens/lens1/KN0003_ノックノック_ノックノック 111_1month_lens.jpg,https://raw.githubusercontent.com/y4m4usr/HL001-quiz-karacon-academia-new/e2cbacf2d8d24222662151e6c4ed3edab7444774/imagesnew1/lens/lens1/KN0003_ノックノック_ノックノック 111_1month_lens.jpg,NG,607316,0,decode/reencode failed
2025-10-02T21:05:15,imagesnew1/lens/lens1/KN0003_ノックノック_ノックノック 222_1month_lens.jpg,https://raw.githubusercontent.com/y4m4usr/HL001-quiz-karacon-academia-new/e2cbacf2d8d24222662151e6c4ed3edab7444774/imagesnew1/lens/lens1/KN0003_ノックノック_ノックノック 222_1month_lens.jpg,NG,607193,0,decode/reencode failed
2025-10-02T21:05:16,imagesnew1/lens/lens1/KN0003_ノックノック_ノックノック 777_1month_lens.jpg,https://raw.githubusercontent.com/y4m4usr/HL001-quiz-karacon-academia-new/e2cbacf2d8d24222662151e6c4ed3edab7444774/imagesnew1/lens/lens1/KN0003_ノックノック_ノックノック 777_1month_lens.jpg,NG,606778,0,decode/reencode failed
2025-10-02T21:05:16,imagesnew1/lens/lens1/KN0004_ノックノック_クロミ【963】_1month_lens.jpg,https://raw.githubusercontent.com/y4m4usr/HL001-quiz-karacon-academia-new/e2cbacf2d8d24222662151e6c4ed3edab7444774/imagesnew1/lens/lens1/KN0004_ノックノック_クロミ【963】_1month_lens.jpg,NG,606475,0,decode/reencode failed
2025-10-02T21:05:17,imagesnew1/lens/lens1/KN0004_ノックノック_マイメロディ【おんぷ】_1month_lens.jpg,https://raw.githubusercontent.com/y4m4usr/HL001-quiz-karacon-academia-new/e2cbacf2d8d24222662151e6c4ed3edab7444774/imagesnew1/lens/lens1/KN0004_ノックノック_マイメロディ【おんぷ】_1month_lens.jpg,NG,606830,0,decode/reencode failed
2025-10-02T21:05:17,imagesnew1/lens/lens1/KN0005_ノックノック_クロミ【たこやき】_1month_lens.jpg,https://raw.githubusercontent.com/y4m4usr/HL001-quiz-karacon-academia-new/e2cbacf2d8d24222662151e6c4ed3edab7444774/imagesnew1/lens/lens1/KN0005_ノックノック_クロミ【たこやき】_1month_lens.jpg,NG,606450,0,decode/reencode failed
2025-10-02T21:05:17,imagesnew1/lens/lens1/KN0005_ノックノック_クロミ【らっきょう】_1month_lens.jpg,https://raw.githubusercontent.com/y4m4usr/HL001-quiz-karacon-academia-new/e2cbacf2d8d24222662151e6c4ed3edab7444774/imagesnew1/lens/lens1/KN0005_ノックノック_クロミ【らっきょう】_1month_lens.jpg,NG,606635,0,decode/reencode failed
2025-10-02T21:05:18,imagesnew1/lens/lens1/KN0005_ノックノック_マイメロディ【きのこ】_1month_lens.jpg,https://raw.githubusercontent.com/y4m4usr/HL001-quiz-karacon-academia-new/e2cbacf2d8d24222662151e6c4ed3edab7444774/imagesnew1/lens/lens1/KN0005_ノックノック_マイメロディ【きのこ】_1month_lens.jpg,NG,606796,0,decode/reencode failed
2025-10-02T21:05:18,imagesnew1/lens/lens1/LME0001_リルミィ_スターベル_1day_lens.jpg,https://raw.githubusercontent.com/y4m4usr/HL001-quiz-karacon-academia-new/e2cbacf2d8d24222662151e6c4ed3edab7444774/imagesnew1/lens/lens1/LME0001_リルミィ_スターベル_1day_lens.jpg,NG,606941,0,decode/reencode failed
2025-10-02T21:05:18,imagesnew1/lens/lens1/LME0001_リルミィ_テディハグ_1day_lens.jpg,https://raw.githubusercontent.com/y4m4usr/HL001-quiz-karacon-academia-new/e2cbacf2d8d24222662151e6c4ed3edab7444774/imagesnew1/lens/lens1/LME0001_リルミィ_テディハグ_1day_lens.jpg,NG,607727,0,decode/reencode failed
2025-10-02T21:05:19,imagesnew1/lens/lens1/LME0001_リルミィ_ドリーミーベア_1day_lens.jpg,https://raw.githubusercontent.com/y4m4usr/HL001-quiz-karacon-academia-new/e2cbacf2d8d24222662151e6c4ed3edab7444774/imagesnew1/lens/lens1/LME0001_リルミィ_ドリーミーベア_1day_lens.jpg,NG,606401,0,decode/reencode failed
2025-10-02T21:05:19,imagesnew1/lens/lens1/LME0001_リルミィ_バブルキス_1day_lens.jpg,https://raw.githubusercontent.com/y4m4usr/HL001-quiz-karacon-academia-new/e2cbacf2d8d24222662151e6c4ed3edab7444774/imagesnew1/lens/lens1/LME0001_リルミィ_バブルキス_1day_lens.jpg,NG,606883,0,decode/reencode failed
2025-10-02T21:05:19,imagesnew1/lens/lens1/LME0001_リルミィ_ミスティパフ_1day_lens.jpg,https://raw.githubusercontent.com/y4m4usr/HL001-quiz-karacon-academia-new/e2cbacf2d8d24222662151e6c4ed3edab7444774/imagesnew1/lens/lens1/LME0001_リルミィ_ミスティパフ_1day_lens.jpg,NG,606321,0,decode/reencode failed
2025-10-02T21:05:19,imagesnew1/lens/lens1/LR0002_ラルム_クリスタルベージュ_1day_lens.jpg,https://raw.githubusercontent.com/y4m4usr/HL001-quiz-karacon-academia-new/e2cbacf2d8d24222662151e6c4ed3edab7444774/imagesnew1/lens/lens1/LR0002_ラルム_クリスタルベージュ_1day_lens.jpg,NG,606839,0,decode/reencode failed
2025-10-02T21:05:20,imagesnew1/lens/lens1/LR0002_ラルム_コズミックモーヴ_1day_lens.jpg,https://raw.githubusercontent.com/y4m4usr/HL001-quiz-karacon-academia-new/e2cbacf2d8d24222662151e6c4ed3edab7444774/imagesnew1/lens/lens1/LR0002_ラルム_コズミックモーヴ_1day_lens.jpg,NG,606551,0,decode/reencode failed
2025-10-02T21:05:20,imagesnew1/lens/lens1/LR0002_ラルム_シアーリングベージュ_1day_lens.jpg,https://raw.githubusercontent.com/y4m4usr/HL001-quiz-karacon-academia-new/e2cbacf2d8d24222662151e6c4ed3edab7444774/imagesnew1/lens/lens1/LR0002_ラルム_シアーリングベージュ_1day_lens.jpg,NG,606681,0,decode/reencode failed
2025-10-02T21:05:20,imagesnew1/lens/lens1/LR0002_ラルム_シースルートープ_1day_lens.jpg,https://raw.githubusercontent.com/y4m4usr/HL001-quiz-karacon-academia-new/e2cbacf2d8d24222662151e6c4ed3edab7444774/imagesnew1/lens/lens1/LR0002_ラルム_シースルートープ_1day_lens.jpg,NG,606770,0,decode/reencode failed
2025-10-02T21:05:21,imagesnew1/lens/lens1/LR0003_ラルム_アイスグレーブラウン_1day_lens.jpg,https://raw.githubusercontent.com/y4m4usr/HL001-quiz-karacon-academia-new/e2cbacf2d8d24222662151e6c4ed3edab7444774/imagesnew1/lens/lens1/LR0003_ラルム_アイスグレーブラウン_1day_lens.jpg,NG,606662,0,decode/reencode failed
2025-10-02T21:05:21,imagesnew1/lens/lens1/LR0003_ラルム_スノーブルー_1day_lens.jpg,https://raw.githubusercontent.com/y4m4usr/HL001-quiz-karacon-academia-new/e2cbacf2d8d24222662151e6c4ed3edab7444774/imagesnew1/lens/lens1/LR0003_ラルム_スノーブルー_1day_lens.jpg,NG,606778,0,decode/reencode failed
2025-10-02T21:05:21,imagesnew1/lens/lens1/LR0003_ラルム_ピュールリング_1day_lens.jpg,https://raw.githubusercontent.com/y4m4usr/HL001-quiz-karacon-academia-new/e2cbacf2d8d24222662151e6c4ed3edab7444774/imagesnew1/lens/lens1/LR0003_ラルム_ピュールリング_1day_lens.jpg,NG,606526,0,decode/reencode failed
2025-10-02T21:05:22,imagesnew1/lens/lens1/LV0001_ラヴェール_アッシュグレージュ_1day_lens.jpg,https://raw.githubusercontent.com/y4m4usr/HL001-quiz-karacon-academia-new/e2cbacf2d8d24222662151e6c4ed3edab7444774/imagesnew1/lens/lens1/LV0001_ラヴェール_アッシュグレージュ_1day_lens.jpg,NG,606878,0,decode/reencode failed
2025-10-02T21:05:22,imagesnew1/lens/lens1/LV0001_ラヴェール_シアーヘーゼル_1day_lens.jpg,https://raw.githubusercontent.com/y4m4usr/HL001-quiz-karacon-academia-new/e2cbacf2d8d24222662151e6c4ed3edab7444774/imagesnew1/lens/lens1/LV0001_ラヴェール_シアーヘーゼル_1day_lens.jpg,NG,606412,0,decode/reencode failed
2025-10-02T21:05:22,imagesnew1/lens/lens1/LV0001_ラヴェール_シルキーベージュ_1day_lens.jpg,https://raw.githubusercontent.com/y4m4usr/HL001-quiz-karacon-academia-new/e2cbacf2d8d24222662151e6c4ed3edab7444774/imagesnew1/lens/lens1/LV0001_ラヴェール_シルキーベージュ_1day_lens.jpg,NG,606958,0,decode/reencode failed
2025-10-02T21:05:23,imagesnew1/lens/lens1/LV0001_ラヴェール_センシュアルブラウン_1day_lens.jpg,https://raw.githubusercontent.com/y4m4usr/HL001-quiz-karacon-academia-new/e2cbacf2d8d24222662151e6c4ed3edab7444774/imagesnew1/lens/lens1/LV0001_ラヴェール_センシュアルブラウン_1day_lens.jpg,NG,607657,0,decode/reencode failed
2025-10-02T21:05:23,imagesnew1/lens/lens1/LV0001_ラヴェール_ブラウンミラージュ_1day_lens.jpg,https://raw.githubusercontent.com/y4m4usr/HL001-quiz-karacon-academia-new/e2cbacf2d8d24222662151e6c4ed3edab7444774/imagesnew1/lens/lens1/LV0001_ラヴェール_ブラウンミラージュ_1day_lens.jpg,NG,606986,0,decode/reencode failed
2025-10-02T21:05:24,imagesnew1/lens/lens1/LV0001_ラヴェール_ミッドナイトアンバー_1day_lens.jpg,https://raw.githubusercontent.com/y4m4usr/HL001-quiz-karacon-academia-new/e2cbacf2d8d24222662151e6c4ed3edab7444774/imagesnew1/lens/lens1/LV0001_ラヴェール_ミッドナイトアンバー_1day_lens.jpg,NG,606873,0,decode/reencode failed
2025-10-02T21:05:24,imagesnew1/lens/lens1/LV0001_ラヴェール_ムーンリットベージュ_1day_lens.jpg,https://raw.githubusercontent.com/y4m4usr/HL001-quiz-karacon-academia-new/e2cbacf2d8d24222662151e6c4ed3edab7444774/imagesnew1/lens/lens1/LV0001_ラヴェール_ムーンリットベージュ_1day_lens.jpg,NG,606640,0,decode/reencode failed
2025-10-02T21:05:24,imagesnew1/lens/lens1/LV0001_ラヴェール_ラスターグレー_1day_lens.jpg,https://raw.githubusercontent.com/y4m4usr/HL001-quiz-karacon-academia-new/e2cbacf2d8d24222662151e6c4ed3edab7444774/imagesnew1/lens/lens1/LV0001_ラヴェール_ラスターグレー_1day_lens.jpg,NG,606767,0,decode/reencode failed
2025-10-02T21:05:25,imagesnew1/lens/lens1/LV0007_ラヴェール_アディクトブロンド_1day_lens.jpg,https://raw.githubusercontent.com/y4m4usr/HL001-quiz-karacon-academia-new/e2cbacf2d8d24222662151e6c4ed3edab7444774/imagesnew1/lens/lens1/LV0007_ラヴェール_アディクトブロンド_1day_lens.jpg,NG,607986,0,decode/reencode failed
2025-10-02T21:05:25,imagesnew1/lens/lens1/LV0007_ラヴェール_ジャスミンアイビー_1day_lens.jpg,https://raw.githubusercontent.com/y4m4usr/HL001-quiz-karacon-academia-new/e2cbacf2d8d24222662151e6c4ed3edab7444774/imagesnew1/lens/lens1/LV0007_ラヴェール_ジャスミンアイビー_1day_lens.jpg,NG,606485,0,decode/reencode failed
2025-10-02T21:05:25,imagesnew1/lens/lens1/LV0007_ラヴェール_バブルギャラクシー_1day_lens.jpg,https://raw.githubusercontent.com/y4m4usr/HL001-quiz-karacon-academia-new/e2cbacf2d8d24222662151e6c4ed3edab7444774/imagesnew1/lens/lens1/LV0007_ラヴェール_バブルギャラクシー_1day_lens.jpg,NG,606846,0,decode/reencode failed
2025-10-02T21:05:25,imagesnew1/lens/lens1/LV0007_ラヴェール_マーメイドアクア_1day_lens.jpg,https://raw.githubusercontent.com/y4m4usr/HL001-quiz-karacon-academia-new/e2cbacf2d8d24222662151e6c4ed3edab7444774/imagesnew1/lens/lens1/LV0007_ラヴェール_マーメイドアクア_1day_lens.jpg,NG,606610,0,decode/reencode failed
2025-10-02T21:05:26,imagesnew1/lens/lens1/LV0007_ラヴェール_ルモアヴィーナス_1day_lens.jpg,https://raw.githubusercontent.com/y4m4usr/HL001-quiz-karacon-academia-new/e2cbacf2d8d24222662151e6c4ed3edab7444774/imagesnew1/lens/lens1/LV0007_ラヴェール_ルモアヴィーナス_1day_lens.jpg,NG,607008,0,decode/reencode failed
2025-10-02T21:05:26,imagesnew1/lens/lens1/LV0007_ラヴェール_ローズクォーツ_1day_lens.jpg,https://raw.githubusercontent.com/y4m4usr/HL001-quiz-karacon-academia-new/e2cbacf2d8d24222662151e6c4ed3edab7444774/imagesnew1/lens/lens1/LV0007_ラヴェール_ローズクォーツ_1day_lens.jpg,NG,606639,0,decode/reencode failed
2025-10-02T21:05:26,imagesnew1/lens/lens1/LV0007_ラヴェール_ロリポップピンク_1day_lens.jpg,https://raw.githubusercontent.com/y4m4usr/HL001-quiz-karacon-academia-new/e2cbacf2d8d24222662151e6c4ed3edab7444774/imagesnew1/lens/lens1/LV0007_ラヴェール_ロリポップピンク_1day_lens.jpg,NG,606793,0,decode/reencode failed
2025-10-02T21:05:27,imagesnew1/lens/lens1/LV0009_ラヴェール_イノセントアッシュ_1day_lens.jpg,https://raw.githubusercontent.com/y4m4usr/HL001-quiz-karacon-academia-new/e2cbacf2d8d24222662151e6c4ed3edab7444774/imagesnew1/lens/lens1/LV0009_ラヴェール_イノセントアッシュ_1day_lens.jpg,NG,606946,0,decode/reencode failed
2025-10-02T21:05:27,imagesnew1/lens/lens1/LV0009_ラヴェール_キャラメルグロー_1day_lens.jpg,https://raw.githubusercontent.com/y4m4usr/HL001-quiz-karacon-academia-new/e2cbacf2d8d24222662151e6c4ed3edab7444774/imagesnew1/lens/lens1/LV0009_ラヴェール_キャラメルグロー_1day_lens.jpg,NG,606666,0,decode/reencode failed
2025-10-02T21:05:27,imagesnew1/lens/lens1/LV0009_ラヴェール_バイオレットグレア_1day_lens.jpg,https://raw.githubusercontent.com/y4m4usr/HL001-quiz-karacon-academia-new/e2cbacf2d8d24222662151e6c4ed3edab7444774/imagesnew1/lens/lens1/LV0009_ラヴェール_バイオレットグレア_1day_lens.jpg,NG,606744,0,decode/reencode failed
2025-10-02T21:05:28,imagesnew1/lens/lens1/LV0011_ラヴェール_アルカディアゴールド_1day_lens.jpg,https://raw.githubusercontent.com/y4m4usr/HL001-quiz-karacon-academia-new/e2cbacf2d8d24222662151e6c4ed3edab7444774/imagesnew1/lens/lens1/LV0011_ラヴェール_アルカディアゴールド_1day_lens.jpg,NG,606415,0,decode/reencode failed
2025-10-02T21:05:28,imagesnew1/lens/lens1/LV0011_ラヴェール_セレスティアグレー_1day_lens.jpg,https://raw.githubusercontent.com/y4m4usr/HL001-quiz-karacon-academia-new/e2cbacf2d8d24222662151e6c4ed3edab7444774/imagesnew1/lens/lens1/LV0011_ラヴェール_セレスティアグレー_1day_lens.jpg,NG,606530,0,decode/reencode failed
2025-10-02T21:05:29,imagesnew1/lens/lens1/LV0011_ラヴェール_ドリーミアネイビー_1day_lens.jpg,https://raw.githubusercontent.com/y4m4usr/HL001-quiz-karacon-academia-new/e2cbacf2d8d24222662151e6c4ed3edab7444774/imagesnew1/lens/lens1/LV0011_ラヴェール_ドリーミアネイビー_1day_lens.jpg,NG,606699,0,decode/reencode failed
2025-10-02T21:05:29,imagesnew1/lens/lens1/LV0011_ラヴェール_ハニートリック_1day_lens.jpg,https://raw.githubusercontent.com/y4m4usr/HL001-quiz-karacon-academia-new/e2cbacf2d8d24222662151e6c4ed3edab7444774/imagesnew1/lens/lens1/LV0011_ラヴェール_ハニートリック_1day_lens.jpg,NG,606651,0,decode/reencode failed
2025-10-02T21:05:29,imagesnew1/lens/lens1/LV0011_ラヴェール_ブラックビジュー_1day_lens.jpg,https://raw.githubusercontent.com/y4m4usr/HL001-quiz-karacon-academia-new/e2cbacf2d8d24222662151e6c4ed3edab7444774/imagesnew1/lens/lens1/LV0011_ラヴェール_ブラックビジュー_1day_lens.jpg,NG,606659,0,decode/reencode failed
2025-10-02T21:05:30,imagesnew1/lens/lens1/LV0012_ラヴェール_アディクトブロンド_1month_lens.jpg,https://raw.githubusercontent.com/y4m4usr/HL001-quiz-karacon-academia-new/e2cbacf2d8d24222662151e6c4ed3edab7444774/imagesnew1/lens/lens1/LV0012_ラヴェール_アディクトブロンド_1month_lens.jpg,NG,606874,0,decode/reencode failed
2025-10-02T21:05:30,imagesnew1/lens/lens1/LV0012_ラヴェール_キャラメルグロー_1month_lens.jpg,https://raw.githubusercontent.com/y4m4usr/HL001-quiz-karacon-academia-new/e2cbacf2d8d24222662151e6c4ed3edab7444774/imagesnew1/lens/lens1/LV0012_ラヴェール_キャラメルグロー_1month_lens.jpg,NG,606488,0,decode/reencode failed
2025-10-02T21:05:30,imagesnew1/lens/lens1/LV0012_ラヴェール_バブルギャラクシー_1month_lens.jpg,https://raw.githubusercontent.com/y4m4usr/HL001-quiz-karacon-academia-new/e2cbacf2d8d24222662151e6c4ed3edab7444774/imagesnew1/lens/lens1/LV0012_ラヴェール_バブルギャラクシー_1month_lens.jpg,NG,608155,0,decode/reencode failed
2025-10-02T21:05:31,imagesnew1/lens/lens1/LV0012_ラヴェール_ルモアヴィーナス_1month_lens.jpg,https://raw.githubusercontent.com/y4m4usr/HL001-quiz-karacon-academia-new/e2cbacf2d8d24222662151e6c4ed3edab7444774/imagesnew1/lens/lens1/LV0012_ラヴェール_ルモアヴィーナス_1month_lens.jpg,NG,606575,0,decode/reencode failed
2025-10-02T21:05:31,imagesnew1/lens/lens1/MCH0001_ミシュー_リッチローズ_1day_lens.jpg,https://raw.githubusercontent.com/y4m4usr/HL001-quiz-karacon-academia-new/e2cbacf2d8d24222662151e6c4ed3edab7444774/imagesnew1/lens/lens1/MCH0001_ミシュー_リッチローズ_1day_lens.jpg,NG,606729,0,decode/reencode failed
2025-10-02T21:05:31,imagesnew1/lens/lens1/MCH0002_ミシュー_ビスケットベージュ_1day_lens.jpg,https://raw.githubusercontent.com/y4m4usr/HL001-quiz-karacon-academia-new/e2cbacf2d8d24222662151e6c4ed3edab7444774/imagesnew1/lens/lens1/MCH0002_ミシュー_ビスケットベージュ_1day_lens.jpg,NG,606642,0,decode/reencode failed
2025-10-02T21:05:32,imagesnew1/lens/lens1/MCH0002_ミシュー_ベイビーグレー_1day_lens.jpg,https://raw.githubusercontent.com/y4m4usr/HL001-quiz-karacon-academia-new/e2cbacf2d8d24222662151e6c4ed3edab7444774/imagesnew1/lens/lens1/MCH0002_ミシュー_ベイビーグレー_1day_lens.jpg,NG,606590,0,decode/reencode failed
2025-10-02T21:05:32,imagesnew1/lens/lens1/MCH0002_ミシュー_ロイヤルモカ_1day_lens.jpg,https://raw.githubusercontent.com/y4m4usr/HL001-quiz-karacon-academia-new/e2cbacf2d8d24222662151e6c4ed3edab7444774/imagesnew1/lens/lens1/MCH0002_ミシュー_ロイヤルモカ_1day_lens.jpg,NG,606753,0,decode/reencode failed
2025-10-02T21:05:32,imagesnew1/lens/lens1/MCL0001_ミークレール_すっぴんブラウン_1day_lens.jpg,https://raw.githubusercontent.com/y4m4usr/HL001-quiz-karacon-academia-new/e2cbacf2d8d24222662151e6c4ed3edab7444774/imagesnew1/lens/lens1/MCL0001_ミークレール_すっぴんブラウン_1day_lens.jpg,NG,606754,0,decode/reencode failed
2025-10-02T21:05:33,imagesnew1/lens/lens1/MCL0002_ミークレール_あざとブラウン_1day_lens.jpg,https://raw.githubusercontent.com/y4m4usr/HL001-quiz-karacon-academia-new/e2cbacf2d8d24222662151e6c4ed3edab7444774/imagesnew1/lens/lens1/MCL0002_ミークレール_あざとブラウン_1day_lens.jpg,NG,606742,0,decode/reencode failed
2025-10-02T21:05:33,imagesnew1/lens/lens1/MCL0002_ミークレール_かまってグレー_1day_lens.jpg,https://raw.githubusercontent.com/y4m4usr/HL001-quiz-karacon-academia-new/e2cbacf2d8d24222662151e6c4ed3edab7444774/imagesnew1/lens/lens1/MCL0002_ミークレール_かまってグレー_1day_lens.jpg,NG,606667,0,decode/reencode failed
2025-10-02T21:05:34,imagesnew1/lens/lens1/MCL0002_ミークレール_なまいきブラック_1day_lens.jpg,https://raw.githubusercontent.com/y4m4usr/HL001-quiz-karacon-academia-new/e2cbacf2d8d24222662151e6c4ed3edab7444774/imagesnew1/lens/lens1/MCL0002_ミークレール_なまいきブラック_1day_lens.jpg,NG,606694,0,decode/reencode failed
2025-10-02T21:05:34,imagesnew1/lens/lens1/MCL0002_ミークレール_わがままピンク_1day_lens.jpg,https://raw.githubusercontent.com/y4m4usr/HL001-quiz-karacon-academia-new/e2cbacf2d8d24222662151e6c4ed3edab7444774/imagesnew1/lens/lens1/MCL0002_ミークレール_わがままピンク_1day_lens.jpg,NG,606638,0,decode/reencode failed
2025-10-02T21:05:34,imagesnew1/lens/lens1/MCL0003_ミークレール_クルムグレー_1day_lens.jpg,https://raw.githubusercontent.com/y4m4usr/HL001-quiz-karacon-academia-new/e2cbacf2d8d24222662151e6c4ed3edab7444774/imagesnew1/lens/lens1/MCL0003_ミークレール_クルムグレー_1day_lens.jpg,NG,606378,0,decode/reencode failed
2025-10-02T21:05:35,imagesnew1/lens/lens1/MCL0003_ミークレール_ドールブラウン_1day_lens.jpg,https://raw.githubusercontent.com/y4m4usr/HL001-quiz-karacon-academia-new/e2cbacf2d8d24222662151e6c4ed3edab7444774/imagesnew1/lens/lens1/MCL0003_ミークレール_ドールブラウン_1day_lens.jpg,NG,606789,0,decode/reencode failed
2025-10-02T21:05:35,imagesnew1/lens/lens1/MCL0003_ミークレール_パンプキンブラウン_1day_lens.jpg,https://raw.githubusercontent.com/y4m4usr/HL001-quiz-karacon-academia-new/e2cbacf2d8d24222662151e6c4ed3edab7444774/imagesnew1/lens/lens1/MCL0003_ミークレール_パンプキンブラウン_1day_lens.jpg,NG,606517,0,decode/reencode failed
2025-10-02T21:05:35,imagesnew1/lens/lens1/MIC0001_ミミシャルム_キティパフ_1day_lens.jpg,https://raw.githubusercontent.com/y4m4usr/HL001-quiz-karacon-academia-new/e2cbacf2d8d24222662151e6c4ed3edab7444774/imagesnew1/lens/lens1/MIC0001_ミミシャルム_キティパフ_1day_lens.jpg,NG,606620,0,decode/reencode failed
2025-10-02T21:05:35,imagesnew1/lens/lens1/MIC0001_ミミシャルム_ジェムグレージュ_1day_lens.jpg,https://raw.githubusercontent.com/y4m4usr/HL001-quiz-karacon-academia-new/e2cbacf2d8d24222662151e6c4ed3edab7444774/imagesnew1/lens/lens1/MIC0001_ミミシャルム_ジェムグレージュ_1day_lens.jpg,NG,606677,0,decode/reencode failed
2025-10-02T21:05:36,imagesnew1/lens/lens1/MIC0001_ミミシャルム_ドーリードロップ_1day_lens.jpg,https://raw.githubusercontent.com/y4m4usr/HL001-quiz-karacon-academia-new/e2cbacf2d8d24222662151e6c4ed3edab7444774/imagesnew1/lens/lens1/MIC0001_ミミシャルム_ドーリードロップ_1day_lens.jpg,NG,606666,0,decode/reencode failed
2025-10-02T21:05:36,imagesnew1/lens/lens1/MIC0001_ミミシャルム_ハニーシロップ_1day_lens.jpg,https://raw.githubusercontent.com/y4m4usr/HL001-quiz-karacon-academia-new/e2cbacf2d8d24222662151e6c4ed3edab7444774/imagesnew1/lens/lens1/MIC0001_ミミシャルム_ハニーシロップ_1day_lens.jpg,NG,606557,0,decode/reencode failed
2025-10-02T21:05:36,imagesnew1/lens/lens1/MIC0001_ミミシャルム_ムーンラテ_1day_lens.jpg,https://raw.githubusercontent.com/y4m4usr/HL001-quiz-karacon-academia-new/e2cbacf2d8d24222662151e6c4ed3edab7444774/imagesnew1/lens/lens1/MIC0001_ミミシャルム_ムーンラテ_1day_lens.jpg,NG,606522,0,decode/reencode failed
2025-10-02T21:05:37,imagesnew1/lens/lens1/MIC0001_ミミシャルム_ロイヤルムーン_1day_lens.jpg,https://raw.githubusercontent.com/y4m4usr/HL001-quiz-karacon-academia-new/e2cbacf2d8d24222662151e6c4ed3edab7444774/imagesnew1/lens/lens1/MIC0001_ミミシャルム_ロイヤルムーン_1day_lens.jpg,NG,607215,0,decode/reencode failed
2025-10-02T21:05:37,imagesnew1/lens/lens1/MIU0001_ミューム_くらげ_1day_lens.jpg,https://raw.githubusercontent.com/y4m4usr/HL001-quiz-karacon-academia-new/e2cbacf2d8d24222662151e6c4ed3edab7444774/imagesnew1/lens/lens1/MIU0001_ミューム_くらげ_1day_lens.jpg,NG,606663,0,decode/reencode failed
2025-10-02T21:05:37,imagesnew1/lens/lens1/MIU0001_ミューム_シェルラッコ_1day_lens.jpg,https://raw.githubusercontent.com/y4m4usr/HL001-quiz-karacon-academia-new/e2cbacf2d8d24222662151e6c4ed3edab7444774/imagesnew1/lens/lens1/MIU0001_ミューム_シェルラッコ_1day_lens.jpg,NG,606695,0,decode/reencode failed
2025-10-02T21:05:38,imagesnew1/lens/lens1/MIU0001_ミューム_トーンアップモカ_1day_lens.jpg,https://raw.githubusercontent.com/y4m4usr/HL001-quiz-karacon-academia-new/e2cbacf2d8d24222662151e6c4ed3edab7444774/imagesnew1/lens/lens1/MIU0001_ミューム_トーンアップモカ_1day_lens.jpg,NG,607270,0,decode/reencode failed
2025-10-02T21:05:38,imagesnew1/lens/lens1/MIU0001_ミューム_ペルシアングラス_1day_lens.jpg,https://raw.githubusercontent.com/y4m4usr/HL001-quiz-karacon-academia-new/e2cbacf2d8d24222662151e6c4ed3edab7444774/imagesnew1/lens/lens1/MIU0001_ミューム_ペルシアングラス_1day_lens.jpg,NG,606645,0,decode/reencode failed
2025-10-02T21:05:39,imagesnew1/lens/lens1/MIU0001_ミューム_ゆかり_1day_lens.jpg,https://raw.githubusercontent.com/y4m4usr/HL001-quiz-karacon-academia-new/e2cbacf2d8d24222662151e6c4ed3edab7444774/imagesnew1/lens/lens1/MIU0001_ミューム_ゆかり_1day_lens.jpg,NG,606609,0,decode/reencode failed
2025-10-02T21:05:39,imagesnew1/lens/lens1/MIU0002_ミューム_プリズムストーン_1day_lens.jpg,https://raw.githubusercontent.com/y4m4usr/HL001-quiz-karacon-academia-new/e2cbacf2d8d24222662151e6c4ed3edab7444774/imagesnew1/lens/lens1/MIU0002_ミューム_プリズムストーン_1day_lens.jpg,NG,606947,0,decode/reencode failed
2025-10-02T21:05:39,imagesnew1/lens/lens1/MIU0002_ミューム_ボンボン_1day_lens.jpg,https://raw.githubusercontent.com/y4m4usr/HL001-quiz-karacon-academia-new/e2cbacf2d8d24222662151e6c4ed3edab7444774/imagesnew1/lens/lens1/MIU0002_ミューム_ボンボン_1day_lens.jpg,NG,608422,0,decode/reencode failed
2025-10-02T21:05:39,imagesnew1/lens/lens1/MIU0002_ミューム_リンクティント_1day_lens.jpg,https://raw.githubusercontent.com/y4m4usr/HL001-quiz-karacon-academia-new/e2cbacf2d8d24222662151e6c4ed3edab7444774/imagesnew1/lens/lens1/MIU0002_ミューム_リンクティント_1day_lens.jpg,NG,606690,0,decode/reencode failed
2025-10-02T21:05:40,imagesnew1/lens/lens1/MIU0005_ミューム_くらげ_1month_lens.jpg,https://raw.githubusercontent.com/y4m4usr/HL001-quiz-karacon-academia-new/e2cbacf2d8d24222662151e6c4ed3edab7444774/imagesnew1/lens/lens1/MIU0005_ミューム_くらげ_1month_lens.jpg,NG,606651,0,decode/reencode failed
2025-10-02T21:05:40,imagesnew1/lens/lens1/MIU0005_ミューム_シェルラッコ_1month_lens.jpg,https://raw.githubusercontent.com/y4m4usr/HL001-quiz-karacon-academia-new/e2cbacf2d8d24222662151e6c4ed3edab7444774/imagesnew1/lens/lens1/MIU0005_ミューム_シェルラッコ_1month_lens.jpg,NG,606998,0,decode/reencode failed
2025-10-02T21:05:40,imagesnew1/lens/lens1/MIU0005_ミューム_トーンアップモカ_1month_lens.jpg,https://raw.githubusercontent.com/y4m4usr/HL001-quiz-karacon-academia-new/e2cbacf2d8d24222662151e6c4ed3edab7444774/imagesnew1/lens/lens1/MIU0005_ミューム_トーンアップモカ_1month_lens.jpg,NG,606590,0,decode/reencode failed
2025-10-02T21:05:41,imagesnew1/lens/lens1/MIU0007_ミューム_コークブラウン_1day_lens.jpg,https://raw.githubusercontent.com/y4m4usr/HL001-quiz-karacon-academia-new/e2cbacf2d8d24222662151e6c4ed3edab7444774/imagesnew1/lens/lens1/MIU0007_ミューム_コークブラウン_1day_lens.jpg,NG,608797,0,decode/reencode failed
2025-10-02T21:05:41,imagesnew1/lens/lens1/MIU0007_ミューム_ソーダボム_1day_lens.jpg,https://raw.githubusercontent.com/y4m4usr/HL001-quiz-karacon-academia-new/e2cbacf2d8d24222662151e6c4ed3edab7444774/imagesnew1/lens/lens1/MIU0007_ミューム_ソーダボム_1day_lens.jpg,NG,606918,0,decode/reencode failed
2025-10-02T21:05:41,imagesnew1/lens/lens1/MIU0007_ミューム_モアクラゲ_1day_lens.jpg,https://raw.githubusercontent.com/y4m4usr/HL001-quiz-karacon-academia-new/e2cbacf2d8d24222662151e6c4ed3edab7444774/imagesnew1/lens/lens1/MIU0007_ミューム_モアクラゲ_1day_lens.jpg,NG,606767,0,decode/reencode failed
2025-10-02T21:05:42,imagesnew1/lens/lens1/MIU0009_ミューム_モアクラゲ_1month_lens.jpg,https://raw.githubusercontent.com/y4m4usr/HL001-quiz-karacon-academia-new/e2cbacf2d8d24222662151e6c4ed3edab7444774/imagesnew1/lens/lens1/MIU0009_ミューム_モアクラゲ_1month_lens.jpg,NG,606827,0,decode/reencode failed
2025-10-02T21:05:42,imagesnew1/lens/lens1/MIU0010_ミューム_ティアティント_1day_lens.jpg,https://raw.githubusercontent.com/y4m4usr/HL001-quiz-karacon-academia-new/e2cbacf2d8d24222662151e6c4ed3edab7444774/imagesnew1/lens/lens1/MIU0010_ミューム_ティアティント_1day_lens.jpg,NG,607421,0,decode/reencode failed
2025-10-02T21:05:42,imagesnew1/lens/lens1/MIY0001_ミィーユ_チュールオリーブ_1day_lens.jpg,https://raw.githubusercontent.com/y4m4usr/HL001-quiz-karacon-academia-new/e2cbacf2d8d24222662151e6c4ed3edab7444774/imagesnew1/lens/lens1/MIY0001_ミィーユ_チュールオリーブ_1day_lens.jpg,NG,606526,0,decode/reencode failed
2025-10-02T21:05:43,imagesnew1/lens/lens1/MIY0001_ミィーユ_ノワールブラウン_1day_lens.jpg,https://raw.githubusercontent.com/y4m4usr/HL001-quiz-karacon-academia-new/e2cbacf2d8d24222662151e6c4ed3edab7444774/imagesnew1/lens/lens1/MIY0001_ミィーユ_ノワールブラウン_1day_lens.jpg,NG,606830,0,decode/reencode failed
2025-10-02T21:05:43,imagesnew1/lens/lens1/MIY0001_ミィーユ_ボンボングレー_1day_lens.jpg,https://raw.githubusercontent.com/y4m4usr/HL001-quiz-karacon-academia-new/e2cbacf2d8d24222662151e6c4ed3edab7444774/imagesnew1/lens/lens1/MIY0001_ミィーユ_ボンボングレー_1day_lens.jpg,NG,606875,0,decode/reencode failed
2025-10-02T21:05:43,imagesnew1/lens/lens1/MIY0001_ミィーユ_リーナブルー_1day_lens.jpg,https://raw.githubusercontent.com/y4m4usr/HL001-quiz-karacon-academia-new/e2cbacf2d8d24222662151e6c4ed3edab7444774/imagesnew1/lens/lens1/MIY0001_ミィーユ_リーナブルー_1day_lens.jpg,NG,606473,0,decode/reencode failed
2025-10-02T21:05:44,imagesnew1/lens/lens1/MJT0001_マジェット_マーメイドアッシュ_1day_lens.jpg,https://raw.githubusercontent.com/y4m4usr/HL001-quiz-karacon-academia-new/e2cbacf2d8d24222662151e6c4ed3edab7444774/imagesnew1/lens/lens1/MJT0001_マジェット_マーメイドアッシュ_1day_lens.jpg,NG,606746,0,decode/reencode failed
2025-10-02T21:05:44,imagesnew1/lens/lens1/MJT0001_マジェット_マジェスティックブラウン_1day_lens.jpg,https://raw.githubusercontent.com/y4m4usr/HL001-quiz-karacon-academia-new/e2cbacf2d8d24222662151e6c4ed3edab7444774/imagesnew1/lens/lens1/MJT0001_マジェット_マジェスティックブラウン_1day_lens.jpg,NG,606759,0,decode/reencode failed
2025-10-02T21:05:44,imagesnew1/lens/lens1/MJT0001_マジェット_マリアローズ_1day_lens.jpg,https://raw.githubusercontent.com/y4m4usr/HL001-quiz-karacon-academia-new/e2cbacf2d8d24222662151e6c4ed3edab7444774/imagesnew1/lens/lens1/MJT0001_マジェット_マリアローズ_1day_lens.jpg,NG,607162,0,decode/reencode failed
2025-10-02T21:05:45,imagesnew1/lens/lens1/MJT0001_マジェット_ミスティークブラウン_1day_lens.jpg,https://raw.githubusercontent.com/y4m4usr/HL001-quiz-karacon-academia-new/e2cbacf2d8d24222662151e6c4ed3edab7444774/imagesnew1/lens/lens1/MJT0001_マジェット_ミスティークブラウン_1day_lens.jpg,NG,606864,0,decode/reencode failed
2025-10-02T21:05:45,imagesnew1/lens/lens1/MJT0001_マジェット_ミスティーベージュ_1day_lens.jpg,https://raw.githubusercontent.com/y4m4usr/HL001-quiz-karacon-academia-new/e2cbacf2d8d24222662151e6c4ed3edab7444774/imagesnew1/lens/lens1/MJT0001_マジェット_ミスティーベージュ_1day_lens.jpg,NG,606866,0,decode/reencode failed
2025-10-02T21:05:45,imagesnew1/lens/lens1/MJT0001_マジェット_ミスドール_1day_lens.jpg,https://raw.githubusercontent.com/y4m4usr/HL001-quiz-karacon-academia-new/e2cbacf2d8d24222662151e6c4ed3edab7444774/imagesnew1/lens/lens1/MJT0001_マジェット_ミスドール_1day_lens.jpg,NG,606416,0,decode/reencode failed
2025-10-02T21:05:45,imagesnew1/lens/lens1/MJT0001_マジェット_ミスブラウン_1day_lens.jpg,https://raw.githubusercontent.com/y4m4usr/HL001-quiz-karacon-academia-new/e2cbacf2d8d24222662151e6c4ed3edab7444774/imagesnew1/lens/lens1/MJT0001_マジェット_ミスブラウン_1day_lens.jpg,NG,606623,0,decode/reencode failed
2025-10-02T21:05:46,imagesnew1/lens/lens1/MJT0001_マジェット_ミューズパール_1day_lens.jpg,https://raw.githubusercontent.com/y4m4usr/HL001-quiz-karacon-academia-new/e2cbacf2d8d24222662151e6c4ed3edab7444774/imagesnew1/lens/lens1/MJT0001_マジェット_ミューズパール_1day_lens.jpg,NG,606428,0,decode/reencode failed
2025-10-02T21:05:46,imagesnew1/lens/lens1/MJT0001_マジェット_ミルキーベージュ_1day_lens.jpg,https://raw.githubusercontent.com/y4m4usr/HL001-quiz-karacon-academia-new/e2cbacf2d8d24222662151e6c4ed3edab7444774/imagesnew1/lens/lens1/MJT0001_マジェット_ミルキーベージュ_1day_lens.jpg,NG,606802,0,decode/reencode failed
2025-10-02T21:05:46,imagesnew1/lens/lens1/MJT0001_マジェット_メローブラウン_1day_lens.jpg,https://raw.githubusercontent.com/y4m4usr/HL001-quiz-karacon-academia-new/e2cbacf2d8d24222662151e6c4ed3edab7444774/imagesnew1/lens/lens1/MJT0001_マジェット_メローブラウン_1day_lens.jpg,NG,607077,0,decode/reencode failed
2025-10-02T21:05:47,imagesnew1/lens/lens1/MK0001_モラク_コーラルブラウン_1day_lens.jpg,https://raw.githubusercontent.com/y4m4usr/HL001-quiz-karacon-academia-new/e2cbacf2d8d24222662151e6c4ed3edab7444774/imagesnew1/lens/lens1/MK0001_モラク_コーラルブラウン_1day_lens.jpg,NG,606717,0,decode/reencode failed
2025-10-02T21:05:48,imagesnew1/lens/lens1/MK0001_モラク_サクラスモア_1day_lens.jpg,https://raw.githubusercontent.com/y4m4usr/HL001-quiz-karacon-academia-new/e2cbacf2d8d24222662151e6c4ed3edab7444774/imagesnew1/lens/lens1/MK0001_モラク_サクラスモア_1day_lens.jpg,NG,606638,0,decode/reencode failed
2025-10-02T21:05:48,imagesnew1/lens/lens1/MK0001_モラク_サクラペタル_1day_lens.jpg,https://raw.githubusercontent.com/y4m4usr/HL001-quiz-karacon-academia-new/e2cbacf2d8d24222662151e6c4ed3edab7444774/imagesnew1/lens/lens1/MK0001_モラク_サクラペタル_1day_lens.jpg,NG,606442,0,decode/reencode failed
2025-10-02T21:05:48,imagesnew1/lens/lens1/MK0001_モラク_ダークピオニー_1day_lens.jpg,https://raw.githubusercontent.com/y4m4usr/HL001-quiz-karacon-academia-new/e2cbacf2d8d24222662151e6c4ed3edab7444774/imagesnew1/lens/lens1/MK0001_モラク_ダークピオニー_1day_lens.jpg,NG,606754,0,decode/reencode failed
2025-10-02T21:05:49,imagesnew1/lens/lens1/MK0001_モラク_ダズルグレー_1day_lens.jpg,https://raw.githubusercontent.com/y4m4usr/HL001-quiz-karacon-academia-new/e2cbacf2d8d24222662151e6c4ed3edab7444774/imagesnew1/lens/lens1/MK0001_モラク_ダズルグレー_1day_lens.jpg,NG,606793,0,decode/reencode failed
2025-10-02T21:05:49,imagesnew1/lens/lens1/MK0001_モラク_ダズルベージュ_1day_lens.jpg,https://raw.githubusercontent.com/y4m4usr/HL001-quiz-karacon-academia-new/e2cbacf2d8d24222662151e6c4ed3edab7444774/imagesnew1/lens/lens1/MK0001_モラク_ダズルベージュ_1day_lens.jpg,NG,606851,0,decode/reencode failed
2025-10-02T21:05:49,imagesnew1/lens/lens1/MK0001_モラク_ティントブラウン_1day_lens.jpg,https://raw.githubusercontent.com/y4m4usr/HL001-quiz-karacon-academia-new/e2cbacf2d8d24222662151e6c4ed3edab7444774/imagesnew1/lens/lens1/MK0001_モラク_ティントブラウン_1day_lens.jpg,NG,606629,0,decode/reencode failed
2025-10-02T21:05:50,imagesnew1/lens/lens1/MK0001_モラク_ドーリッシュグレー_1day_lens.jpg,https://raw.githubusercontent.com/y4m4usr/HL001-quiz-karacon-academia-new/e2cbacf2d8d24222662151e6c4ed3edab7444774/imagesnew1/lens/lens1/MK0001_モラク_ドーリッシュグレー_1day_lens.jpg,NG,606403,0,decode/reencode failed
2025-10-02T21:05:50,imagesnew1/lens/lens1/MK0001_モラク_ドーリッシュブラウン_1day_lens.jpg,https://raw.githubusercontent.com/y4m4usr/HL001-quiz-karacon-academia-new/e2cbacf2d8d24222662151e6c4ed3edab7444774/imagesnew1/lens/lens1/MK0001_モラク_ドーリッシュブラウン_1day_lens.jpg,NG,606381,0,decode/reencode failed
2025-10-02T21:05:51,imagesnew1/lens/lens1/MK0001_モラク_バブルブルー_1day_lens.jpg,https://raw.githubusercontent.com/y4m4usr/HL001-quiz-karacon-academia-new/e2cbacf2d8d24222662151e6c4ed3edab7444774/imagesnew1/lens/lens1/MK0001_モラク_バブルブルー_1day_lens.jpg,NG,606476,0,decode/reencode failed
2025-10-02T21:05:51,imagesnew1/lens/lens1/MK0001_モラク_ブラウンバニー_1day_lens.jpg,https://raw.githubusercontent.com/y4m4usr/HL001-quiz-karacon-academia-new/e2cbacf2d8d24222662151e6c4ed3edab7444774/imagesnew1/lens/lens1/MK0001_モラク_ブラウンバニー_1day_lens.jpg,NG,606526,0,decode/reencode failed
2025-10-02T21:05:51,imagesnew1/lens/lens1/MK0001_モラク_ミラーグレー_1day_lens.jpg,https://raw.githubusercontent.com/y4m4usr/HL001-quiz-karacon-academia-new/e2cbacf2d8d24222662151e6c4ed3edab7444774/imagesnew1/lens/lens1/MK0001_モラク_ミラーグレー_1day_lens.jpg,NG,606860,0,decode/reencode failed
2025-10-02T21:05:52,imagesnew1/lens/lens1/MK0001_モラク_メルティーミスト_1day_lens.jpg,https://raw.githubusercontent.com/y4m4usr/HL001-quiz-karacon-academia-new/e2cbacf2d8d24222662151e6c4ed3edab7444774/imagesnew1/lens/lens1/MK0001_モラク_メルティーミスト_1day_lens.jpg,NG,608034,0,decode/reencode failed
2025-10-02T21:05:52,imagesnew1/lens/lens1/MK0002_モラク_コーラルブラウン_1month_lens.jpg,https://raw.githubusercontent.com/y4m4usr/HL001-quiz-karacon-academia-new/e2cbacf2d8d24222662151e6c4ed3edab7444774/imagesnew1/lens/lens1/MK0002_モラク_コーラルブラウン_1month_lens.jpg,NG,606775,0,decode/reencode failed
2025-10-02T21:05:52,imagesnew1/lens/lens1/MK0002_モラク_サクラスモア_1month_lens.jpg,https://raw.githubusercontent.com/y4m4usr/HL001-quiz-karacon-academia-new/e2cbacf2d8d24222662151e6c4ed3edab7444774/imagesnew1/lens/lens1/MK0002_モラク_サクラスモア_1month_lens.jpg,NG,606528,0,decode/reencode failed
2025-10-02T21:05:53,imagesnew1/lens/lens1/MK0002_モラク_サクラペタル_1month_lens.jpg,https://raw.githubusercontent.com/y4m4usr/HL001-quiz-karacon-academia-new/e2cbacf2d8d24222662151e6c4ed3edab7444774/imagesnew1/lens/lens1/MK0002_モラク_サクラペタル_1month_lens.jpg,NG,606805,0,decode/reencode failed
2025-10-02T21:05:53,imagesnew1/lens/lens1/MK0002_モラク_ダークピオニー_1month_lens.jpg,https://raw.githubusercontent.com/y4m4usr/HL001-quiz-karacon-academia-new/e2cbacf2d8d24222662151e6c4ed3edab7444774/imagesnew1/lens/lens1/MK0002_モラク_ダークピオニー_1month_lens.jpg,NG,606779,0,decode/reencode failed
2025-10-02T21:05:53,imagesnew1/lens/lens1/MK0002_モラク_ダズルグレー_1month_lens.jpg,https://raw.githubusercontent.com/y4m4usr/HL001-quiz-karacon-academia-new/e2cbacf2d8d24222662151e6c4ed3edab7444774/imagesnew1/lens/lens1/MK0002_モラク_ダズルグレー_1month_lens.jpg,NG,606604,0,decode/reencode failed
2025-10-02T21:05:54,imagesnew1/lens/lens1/MK0002_モラク_ダズルベージュ_1month_lens.jpg,https://raw.githubusercontent.com/y4m4usr/HL001-quiz-karacon-academia-new/e2cbacf2d8d24222662151e6c4ed3edab7444774/imagesnew1/lens/lens1/MK0002_モラク_ダズルベージュ_1month_lens.jpg,NG,606925,0,decode/reencode failed
2025-10-02T21:05:54,imagesnew1/lens/lens1/MK0002_モラク_タンジェリンティー_1month_lens.jpg,https://raw.githubusercontent.com/y4m4usr/HL001-quiz-karacon-academia-new/e2cbacf2d8d24222662151e6c4ed3edab7444774/imagesnew1/lens/lens1/MK0002_モラク_タンジェリンティー_1month_lens.jpg,NG,606641,0,decode/reencode failed
2025-10-02T21:05:55,imagesnew1/lens/lens1/MK0002_モラク_ティントブラウン_1month_lens.jpg,https://raw.githubusercontent.com/y4m4usr/HL001-quiz-karacon-academia-new/e2cbacf2d8d24222662151e6c4ed3edab7444774/imagesnew1/lens/lens1/MK0002_モラク_ティントブラウン_1month_lens.jpg,NG,606847,0,decode/reencode failed
2025-10-02T21:05:55,imagesnew1/lens/lens1/MK0002_モラク_ドーリッシュグレー_1month_lens.jpg,https://raw.githubusercontent.com/y4m4usr/HL001-quiz-karacon-academia-new/e2cbacf2d8d24222662151e6c4ed3edab7444774/imagesnew1/lens/lens1/MK0002_モラク_ドーリッシュグレー_1month_lens.jpg,NG,606569,0,decode/reencode failed
2025-10-02T21:05:55,imagesnew1/lens/lens1/MK0002_モラク_ドーリッシュブラウン_1month_lens.jpg,https://raw.githubusercontent.com/y4m4usr/HL001-quiz-karacon-academia-new/e2cbacf2d8d24222662151e6c4ed3edab7444774/imagesnew1/lens/lens1/MK0002_モラク_ドーリッシュブラウン_1month_lens.jpg,NG,606486,0,decode/reencode failed
2025-10-02T21:05:56,imagesnew1/lens/lens1/MK0002_モラク_ピーチクラッシュ_1month_lens.jpg,https://raw.githubusercontent.com/y4m4usr/HL001-quiz-karacon-academia-new/e2cbacf2d8d24222662151e6c4ed3edab7444774/imagesnew1/lens/lens1/MK0002_モラク_ピーチクラッシュ_1month_lens.jpg,NG,607334,0,decode/reencode failed
2025-10-02T21:05:56,imagesnew1/lens/lens1/MK0002_モラク_ブラウンバニー_1month_lens.jpg,https://raw.githubusercontent.com/y4m4usr/HL001-quiz-karacon-academia-new/e2cbacf2d8d24222662151e6c4ed3edab7444774/imagesnew1/lens/lens1/MK0002_モラク_ブラウンバニー_1month_lens.jpg,NG,606239,0,decode/reencode failed
2025-10-02T21:05:56,imagesnew1/lens/lens1/MK0002_モラク_ミラーグレー_1month_lens.jpg,https://raw.githubusercontent.com/y4m4usr/HL001-quiz-karacon-academia-new/e2cbacf2d8d24222662151e6c4ed3edab7444774/imagesnew1/lens/lens1/MK0002_モラク_ミラーグレー_1month_lens.jpg,NG,606361,0,decode/reencode failed
2025-10-02T21:05:57,imagesnew1/lens/lens1/MK0004_モラク_ドリームグレー_1day_lens.jpg,https://raw.githubusercontent.com/y4m4usr/HL001-quiz-karacon-academia-new/e2cbacf2d8d24222662151e6c4ed3edab7444774/imagesnew1/lens/lens1/MK0004_モラク_ドリームグレー_1day_lens.jpg,NG,606653,0,decode/reencode failed
2025-10-02T21:05:57,imagesnew1/lens/lens1/MK0004_モラク_ユニフォームブラック_1day_lens.jpg,https://raw.githubusercontent.com/y4m4usr/HL001-quiz-karacon-academia-new/e2cbacf2d8d24222662151e6c4ed3edab7444774/imagesnew1/lens/lens1/MK0004_モラク_ユニフォームブラック_1day_lens.jpg,NG,606831,0,decode/reencode failed
2025-10-02T21:05:58,imagesnew1/lens/lens1/MK0005_モラク_トゥインクルブラウン_1day_lens.jpg,https://raw.githubusercontent.com/y4m4usr/HL001-quiz-karacon-academia-new/e2cbacf2d8d24222662151e6c4ed3edab7444774/imagesnew1/lens/lens1/MK0005_モラク_トゥインクルブラウン_1day_lens.jpg,NG,606990,0,decode/reencode failed
2025-10-02T21:05:58,imagesnew1/lens/lens1/MK0005_モラク_トゥインクルブラウン_1month_lens.jpg,https://raw.githubusercontent.com/y4m4usr/HL001-quiz-karacon-academia-new/e2cbacf2d8d24222662151e6c4ed3edab7444774/imagesnew1/lens/lens1/MK0005_モラク_トゥインクルブラウン_1month_lens.jpg,NG,606535,0,decode/reencode failed
2025-10-02T21:05:58,imagesnew1/lens/lens1/MK0005_モラク_ドリームグレー_1month_lens.jpg,https://raw.githubusercontent.com/y4m4usr/HL001-quiz-karacon-academia-new/e2cbacf2d8d24222662151e6c4ed3edab7444774/imagesnew1/lens/lens1/MK0005_モラク_ドリームグレー_1month_lens.jpg,NG,606657,0,decode/reencode failed
2025-10-02T21:05:59,imagesnew1/lens/lens1/MK0005_モラク_ピンクボム_1day_lens.jpg,https://raw.githubusercontent.com/y4m4usr/HL001-quiz-karacon-academia-new/e2cbacf2d8d24222662151e6c4ed3edab7444774/imagesnew1/lens/lens1/MK0005_モラク_ピンクボム_1day_lens.jpg,NG,606658,0,decode/reencode failed
2025-10-02T21:05:59,imagesnew1/lens/lens1/MK0005_モラク_ピンクボム_1month_lens.jpg,https://raw.githubusercontent.com/y4m4usr/HL001-quiz-karacon-academia-new/e2cbacf2d8d24222662151e6c4ed3edab7444774/imagesnew1/lens/lens1/MK0005_モラク_ピンクボム_1month_lens.jpg,NG,606918,0,decode/reencode failed
2025-10-02T21:05:59,imagesnew1/lens/lens1/MK0005_モラク_ユニフォームブラック_1month_lens.jpg,https://raw.githubusercontent.com/y4m4usr/HL001-quiz-karacon-academia-new/e2cbacf2d8d24222662151e6c4ed3edab7444774/imagesnew1/lens/lens1/MK0005_モラク_ユニフォームブラック_1month_lens.jpg,NG,606547,0,decode/reencode failed
2025-10-02T21:06:00,imagesnew1/lens/lens1/ML0001_メロール_コットンリング_1day_lens.jpg,https://raw.githubusercontent.com/y4m4usr/HL001-quiz-karacon-academia-new/e2cbacf2d8d24222662151e6c4ed3edab7444774/imagesnew1/lens/lens1/ML0001_メロール_コットンリング_1day_lens.jpg,NG,606765,0,decode/reencode failed
2025-10-02T21:06:00,imagesnew1/lens/lens1/ML0001_メロール_シルキーパール_1day_lens.jpg,https://raw.githubusercontent.com/y4m4usr/HL001-quiz-karacon-academia-new/e2cbacf2d8d24222662151e6c4ed3edab7444774/imagesnew1/lens/lens1/ML0001_メロール_シルキーパール_1day_lens.jpg,NG,607069,0,decode/reencode failed
2025-10-02T21:06:00,imagesnew1/lens/lens1/ML0001_メロール_トリュフグレー_1day_lens.jpg,https://raw.githubusercontent.com/y4m4usr/HL001-quiz-karacon-academia-new/e2cbacf2d8d24222662151e6c4ed3edab7444774/imagesnew1/lens/lens1/ML0001_メロール_トリュフグレー_1day_lens.jpg,NG,608011,0,decode/reencode failed
2025-10-02T21:06:01,imagesnew1/lens/lens1/ML0001_メロール_ピュアヌード_1day_lens.jpg,https://raw.githubusercontent.com/y4m4usr/HL001-quiz-karacon-academia-new/e2cbacf2d8d24222662151e6c4ed3edab7444774/imagesnew1/lens/lens1/ML0001_メロール_ピュアヌード_1day_lens.jpg,NG,606636,0,decode/reencode failed
2025-10-02T21:06:01,imagesnew1/lens/lens1/ML0001_メロール_ブラウンシュー_1day_lens.jpg,https://raw.githubusercontent.com/y4m4usr/HL001-quiz-karacon-academia-new/e2cbacf2d8d24222662151e6c4ed3edab7444774/imagesnew1/lens/lens1/ML0001_メロール_ブラウンシュー_1day_lens.jpg,NG,606453,0,decode/reencode failed
2025-10-02T21:06:01,imagesnew1/lens/lens1/ML0001_メロール_モカパウダー_1day_lens.jpg,https://raw.githubusercontent.com/y4m4usr/HL001-quiz-karacon-academia-new/e2cbacf2d8d24222662151e6c4ed3edab7444774/imagesnew1/lens/lens1/ML0001_メロール_モカパウダー_1day_lens.jpg,NG,606581,0,decode/reencode failed
2025-10-02T21:06:02,imagesnew1/lens/lens1/ML0001_メロール_ラブカカオ_1day_lens.jpg,https://raw.githubusercontent.com/y4m4usr/HL001-quiz-karacon-academia-new/e2cbacf2d8d24222662151e6c4ed3edab7444774/imagesnew1/lens/lens1/ML0001_メロール_ラブカカオ_1day_lens.jpg,NG,606685,0,decode/reencode failed
2025-10-02T21:06:02,imagesnew1/lens/lens1/MLD0001_ミレディ_アイドルリング_1day_lens.jpg,https://raw.githubusercontent.com/y4m4usr/HL001-quiz-karacon-academia-new/e2cbacf2d8d24222662151e6c4ed3edab7444774/imagesnew1/lens/lens1/MLD0001_ミレディ_アイドルリング_1day_lens.jpg,NG,606499,0,decode/reencode failed
2025-10-02T21:06:02,imagesnew1/lens/lens1/MLD0001_ミレディ_スターグロー_1day_lens.jpg,https://raw.githubusercontent.com/y4m4usr/HL001-quiz-karacon-academia-new/e2cbacf2d8d24222662151e6c4ed3edab7444774/imagesnew1/lens/lens1/MLD0001_ミレディ_スターグロー_1day_lens.jpg,NG,606773,0,decode/reencode failed
2025-10-02T21:06:03,imagesnew1/lens/lens1/MLD0001_ミレディ_プリンセスショコラ_1day_lens.jpg,https://raw.githubusercontent.com/y4m4usr/HL001-quiz-karacon-academia-new/e2cbacf2d8d24222662151e6c4ed3edab7444774/imagesnew1/lens/lens1/MLD0001_ミレディ_プリンセスショコラ_1day_lens.jpg,NG,606730,0,decode/reencode failed
2025-10-02T21:06:03,imagesnew1/lens/lens1/MLD0001_ミレディ_ミレディブラウン_1day_lens.jpg,https://raw.githubusercontent.com/y4m4usr/HL001-quiz-karacon-academia-new/e2cbacf2d8d24222662151e6c4ed3edab7444774/imagesnew1/lens/lens1/MLD0001_ミレディ_ミレディブラウン_1day_lens.jpg,NG,606549,0,decode/reencode failed
2025-10-02T21:06:03,imagesnew1/lens/lens1/MLD0001_ミレディ_ライアーピンク_1day_lens.jpg,https://raw.githubusercontent.com/y4m4usr/HL001-quiz-karacon-academia-new/e2cbacf2d8d24222662151e6c4ed3edab7444774/imagesnew1/lens/lens1/MLD0001_ミレディ_ライアーピンク_1day_lens.jpg,NG,606405,0,decode/reencode failed
2025-10-02T21:06:04,imagesnew1/lens/lens1/MLD0001_ミレディ_レディブラック_1day_lens.jpg,https://raw.githubusercontent.com/y4m4usr/HL001-quiz-karacon-academia-new/e2cbacf2d8d24222662151e6c4ed3edab7444774/imagesnew1/lens/lens1/MLD0001_ミレディ_レディブラック_1day_lens.jpg,NG,606729,0,decode/reencode failed
2025-10-02T21:06:04,imagesnew1/lens/lens1/MLT0001_メロット_うるみドロップ_1day_lens.jpg,https://raw.githubusercontent.com/y4m4usr/HL001-quiz-karacon-academia-new/e2cbacf2d8d24222662151e6c4ed3edab7444774/imagesnew1/lens/lens1/MLT0001_メロット_うるみドロップ_1day_lens.jpg,NG,606842,0,decode/reencode failed
2025-10-02T21:06:04,imagesnew1/lens/lens1/MLT0001_メロット_オンリーマイン_1day_lens.jpg,https://raw.githubusercontent.com/y4m4usr/HL001-quiz-karacon-academia-new/e2cbacf2d8d24222662151e6c4ed3edab7444774/imagesnew1/lens/lens1/MLT0001_メロット_オンリーマイン_1day_lens.jpg,NG,606343,0,decode/reencode failed
2025-10-02T21:06:04,imagesnew1/lens/lens1/MLT0001_メロット_キャットリング_1day_lens.jpg,https://raw.githubusercontent.com/y4m4usr/HL001-quiz-karacon-academia-new/e2cbacf2d8d24222662151e6c4ed3edab7444774/imagesnew1/lens/lens1/MLT0001_メロット_キャットリング_1day_lens.jpg,NG,606799,0,decode/reencode failed
2025-10-02T21:06:05,imagesnew1/lens/lens1/MLT0001_メロット_クライミューズ_1day_lens.jpg,https://raw.githubusercontent.com/y4m4usr/HL001-quiz-karacon-academia-new/e2cbacf2d8d24222662151e6c4ed3edab7444774/imagesnew1/lens/lens1/MLT0001_メロット_クライミューズ_1day_lens.jpg,NG,606686,0,decode/reencode failed
2025-10-02T21:06:05,imagesnew1/lens/lens1/MLT0001_メロット_シークレットベア_1day_lens.jpg,https://raw.githubusercontent.com/y4m4usr/HL001-quiz-karacon-academia-new/e2cbacf2d8d24222662151e6c4ed3edab7444774/imagesnew1/lens/lens1/MLT0001_メロット_シークレットベア_1day_lens.jpg,NG,606727,0,decode/reencode failed
2025-10-02T21:06:05,imagesnew1/lens/lens1/MLT0001_メロット_ダーリンフィグ_1day_lens.jpg,https://raw.githubusercontent.com/y4m4usr/HL001-quiz-karacon-academia-new/e2cbacf2d8d24222662151e6c4ed3edab7444774/imagesnew1/lens/lens1/MLT0001_メロット_ダーリンフィグ_1day_lens.jpg,NG,606543,0,decode/reencode failed
2025-10-02T21:06:06,imagesnew1/lens/lens1/MLT0001_メロット_パールリング_1day_lens.jpg,https://raw.githubusercontent.com/y4m4usr/HL001-quiz-karacon-academia-new/e2cbacf2d8d24222662151e6c4ed3edab7444774/imagesnew1/lens/lens1/MLT0001_メロット_パールリング_1day_lens.jpg,NG,606699,0,decode/reencode failed
2025-10-02T21:06:06,imagesnew1/lens/lens1/MLT0001_メロット_ビーブロンド_1day_lens.jpg,https://raw.githubusercontent.com/y4m4usr/HL001-quiz-karacon-academia-new/e2cbacf2d8d24222662151e6c4ed3edab7444774/imagesnew1/lens/lens1/MLT0001_メロット_ビーブロンド_1day_lens.jpg,NG,607184,0,decode/reencode failed
2025-10-02T21:06:07,imagesnew1/lens/lens1/MLT0001_メロット_ヒロインルール_1day_lens.jpg,https://raw.githubusercontent.com/y4m4usr/HL001-quiz-karacon-academia-new/e2cbacf2d8d24222662151e6c4ed3edab7444774/imagesnew1/lens/lens1/MLT0001_メロット_ヒロインルール_1day_lens.jpg,NG,606560,0,decode/reencode failed
2025-10-02T21:06:07,imagesnew1/lens/lens1/MLT0001_メロット_ミルクパフ_1day_lens.jpg,https://raw.githubusercontent.com/y4m4usr/HL001-quiz-karacon-academia-new/e2cbacf2d8d24222662151e6c4ed3edab7444774/imagesnew1/lens/lens1/MLT0001_メロット_ミルクパフ_1day_lens.jpg,NG,606637,0,decode/reencode failed
2025-10-02T21:06:07,imagesnew1/lens/lens1/MLT0001_メロット_モアレディ_1day_lens.jpg,https://raw.githubusercontent.com/y4m4usr/HL001-quiz-karacon-academia-new/e2cbacf2d8d24222662151e6c4ed3edab7444774/imagesnew1/lens/lens1/MLT0001_メロット_モアレディ_1day_lens.jpg,NG,606677,0,decode/reencode failed
2025-10-02T21:06:08,imagesnew1/lens/lens1/MLT0001_メロット_ロマンティックローズ_1day_lens.jpg,https://raw.githubusercontent.com/y4m4usr/HL001-quiz-karacon-academia-new/e2cbacf2d8d24222662151e6c4ed3edab7444774/imagesnew1/lens/lens1/MLT0001_メロット_ロマンティックローズ_1day_lens.jpg,NG,606849,0,decode/reencode failed
2025-10-02T21:06:08,imagesnew1/lens/lens1/MMC0001_ミムコ_キャラメルスフレ_1day_lens.jpg,https://raw.githubusercontent.com/y4m4usr/HL001-quiz-karacon-academia-new/e2cbacf2d8d24222662151e6c4ed3edab7444774/imagesnew1/lens/lens1/MMC0001_ミムコ_キャラメルスフレ_1day_lens.jpg,NG,606541,0,decode/reencode failed
2025-10-02T21:06:08,imagesnew1/lens/lens1/MMC0001_ミムコ_ココトリュフ_1day_lens.jpg,https://raw.githubusercontent.com/y4m4usr/HL001-quiz-karacon-academia-new/e2cbacf2d8d24222662151e6c4ed3edab7444774/imagesnew1/lens/lens1/MMC0001_ミムコ_ココトリュフ_1day_lens.jpg,NG,607466,0,decode/reencode failed
2025-10-02T21:06:08,imagesnew1/lens/lens1/MMC0001_ミムコ_ゼリーグレー_1day_lens.jpg,https://raw.githubusercontent.com/y4m4usr/HL001-quiz-karacon-academia-new/e2cbacf2d8d24222662151e6c4ed3edab7444774/imagesnew1/lens/lens1/MMC0001_ミムコ_ゼリーグレー_1day_lens.jpg,NG,608081,0,decode/reencode failed
2025-10-02T21:06:09,imagesnew1/lens/lens1/MMC0001_ミムコ_ソルティドーナツ_1day_lens.jpg,https://raw.githubusercontent.com/y4m4usr/HL001-quiz-karacon-academia-new/e2cbacf2d8d24222662151e6c4ed3edab7444774/imagesnew1/lens/lens1/MMC0001_ミムコ_ソルティドーナツ_1day_lens.jpg,NG,606610,0,decode/reencode failed
2025-10-02T21:06:09,imagesnew1/lens/lens1/MMC0001_ミムコ_ハニーソーダ_1day_lens.jpg,https://raw.githubusercontent.com/y4m4usr/HL001-quiz-karacon-academia-new/e2cbacf2d8d24222662151e6c4ed3edab7444774/imagesnew1/lens/lens1/MMC0001_ミムコ_ハニーソーダ_1day_lens.jpg,NG,606862,0,decode/reencode failed
2025-10-02T21:06:09,imagesnew1/lens/lens1/MMC0001_ミムコ_ピュレグレージュ_1day_lens.jpg,https://raw.githubusercontent.com/y4m4usr/HL001-quiz-karacon-academia-new/e2cbacf2d8d24222662151e6c4ed3edab7444774/imagesnew1/lens/lens1/MMC0001_ミムコ_ピュレグレージュ_1day_lens.jpg,NG,606872,0,decode/reencode failed
2025-10-02T21:06:10,imagesnew1/lens/lens1/MMC0001_ミムコ_ブラウンフォンデュ_1day_lens.jpg,https://raw.githubusercontent.com/y4m4usr/HL001-quiz-karacon-academia-new/e2cbacf2d8d24222662151e6c4ed3edab7444774/imagesnew1/lens/lens1/MMC0001_ミムコ_ブラウンフォンデュ_1day_lens.jpg,NG,606860,0,decode/reencode failed
2025-10-02T21:06:10,imagesnew1/lens/lens1/MMC0001_ミムコ_ポムカヌレ_1day_lens.jpg,https://raw.githubusercontent.com/y4m4usr/HL001-quiz-karacon-academia-new/e2cbacf2d8d24222662151e6c4ed3edab7444774/imagesnew1/lens/lens1/MMC0001_ミムコ_ポムカヌレ_1day_lens.jpg,NG,606577,0,decode/reencode failed
2025-10-02T21:06:10,imagesnew1/lens/lens1/MMC0001_ミムコ_メープルミルクティー_1day_lens.jpg,https://raw.githubusercontent.com/y4m4usr/HL001-quiz-karacon-academia-new/e2cbacf2d8d24222662151e6c4ed3edab7444774/imagesnew1/lens/lens1/MMC0001_ミムコ_メープルミルクティー_1day_lens.jpg,NG,606541,0,decode/reencode failed
2025-10-02T21:06:11,imagesnew1/lens/lens1/MMC0001_ミムコ_メローストロベリー_1day_lens.jpg,https://raw.githubusercontent.com/y4m4usr/HL001-quiz-karacon-academia-new/e2cbacf2d8d24222662151e6c4ed3edab7444774/imagesnew1/lens/lens1/MMC0001_ミムコ_メローストロベリー_1day_lens.jpg,NG,606863,0,decode/reencode failed
2025-10-02T21:06:11,imagesnew1/lens/lens1/MT0018_超モテコン_うるうるドール_1month_lens.jpg,https://raw.githubusercontent.com/y4m4usr/HL001-quiz-karacon-academia-new/e2cbacf2d8d24222662151e6c4ed3edab7444774/imagesnew1/lens/lens1/MT0018_超モテコン_うるうるドール_1month_lens.jpg,NG,606813,0,decode/reencode failed
2025-10-02T21:06:11,imagesnew1/lens/lens1/MT0018_超モテコン_うるうるパール_1month_lens.jpg,https://raw.githubusercontent.com/y4m4usr/HL001-quiz-karacon-academia-new/e2cbacf2d8d24222662151e6c4ed3edab7444774/imagesnew1/lens/lens1/MT0018_超モテコン_うるうるパール_1month_lens.jpg,NG,606557,0,decode/reencode failed
2025-10-02T21:06:12,imagesnew1/lens/lens1/MT0018_超モテコン_おしゃモテトリコ_1month_lens.jpg,https://raw.githubusercontent.com/y4m4usr/HL001-quiz-karacon-academia-new/e2cbacf2d8d24222662151e6c4ed3edab7444774/imagesnew1/lens/lens1/MT0018_超モテコン_おしゃモテトリコ_1month_lens.jpg,NG,606567,0,decode/reencode failed
2025-10-02T21:06:12,imagesnew1/lens/lens1/MT0018_超モテコン_おしゃモテリング_1month_lens.jpg,https://raw.githubusercontent.com/y4m4usr/HL001-quiz-karacon-academia-new/e2cbacf2d8d24222662151e6c4ed3edab7444774/imagesnew1/lens/lens1/MT0018_超モテコン_おしゃモテリング_1month_lens.jpg,NG,607022,0,decode/reencode failed
2025-10-02T21:06:12,imagesnew1/lens/lens1/MT0018_超モテコン_つやモテベイビー_1month_lens.jpg,https://raw.githubusercontent.com/y4m4usr/HL001-quiz-karacon-academia-new/e2cbacf2d8d24222662151e6c4ed3edab7444774/imagesnew1/lens/lens1/MT0018_超モテコン_つやモテベイビー_1month_lens.jpg,NG,606453,0,decode/reencode failed
2025-10-02T21:06:12,imagesnew1/lens/lens1/MT0018_超モテコン_つやモテリング_1month_lens.jpg,https://raw.githubusercontent.com/y4m4usr/HL001-quiz-karacon-academia-new/e2cbacf2d8d24222662151e6c4ed3edab7444774/imagesnew1/lens/lens1/MT0018_超モテコン_つやモテリング_1month_lens.jpg,NG,606678,0,decode/reencode failed
2025-10-02T21:06:13,imagesnew1/lens/lens1/MT0019_超モテコン_超盛れキャンディグレー_1month_lens.jpg,https://raw.githubusercontent.com/y4m4usr/HL001-quiz-karacon-academia-new/e2cbacf2d8d24222662151e6c4ed3edab7444774/imagesnew1/lens/lens1/MT0019_超モテコン_超盛れキャンディグレー_1month_lens.jpg,NG,606780,0,decode/reencode failed
2025-10-02T21:06:13,imagesnew1/lens/lens1/MT0019_超モテコン_超盛れシュガーベージュ_1month_lens.jpg,https://raw.githubusercontent.com/y4m4usr/HL001-quiz-karacon-academia-new/e2cbacf2d8d24222662151e6c4ed3edab7444774/imagesnew1/lens/lens1/MT0019_超モテコン_超盛れシュガーベージュ_1month_lens.jpg,NG,606923,0,decode/reencode failed
2025-10-02T21:06:13,imagesnew1/lens/lens1/MT0019_超モテコン_超盛れリングパール_1month_lens.jpg,https://raw.githubusercontent.com/y4m4usr/HL001-quiz-karacon-academia-new/e2cbacf2d8d24222662151e6c4ed3edab7444774/imagesnew1/lens/lens1/MT0019_超モテコン_超盛れリングパール_1month_lens.jpg,NG,606554,0,decode/reencode failed
2025-10-02T21:06:14,imagesnew1/lens/lens1/MT0019_超モテコン_超盛れリングベージュ_1month_lens.jpg,https://raw.githubusercontent.com/y4m4usr/HL001-quiz-karacon-academia-new/e2cbacf2d8d24222662151e6c4ed3edab7444774/imagesnew1/lens/lens1/MT0019_超モテコン_超盛れリングベージュ_1month_lens.jpg,NG,606628,0,decode/reencode failed
2025-10-02T21:06:14,imagesnew1/lens/lens1/MT0022_超モテコン_うるうるパール_1day_lens.jpg,https://raw.githubusercontent.com/y4m4usr/HL001-quiz-karacon-academia-new/e2cbacf2d8d24222662151e6c4ed3edab7444774/imagesnew1/lens/lens1/MT0022_超モテコン_うるうるパール_1day_lens.jpg,NG,606609,0,decode/reencode failed
2025-10-02T21:06:14,imagesnew1/lens/lens1/MT0022_超モテコン_おしゃモテトリコ_1day_lens.jpg,https://raw.githubusercontent.com/y4m4usr/HL001-quiz-karacon-academia-new/e2cbacf2d8d24222662151e6c4ed3edab7444774/imagesnew1/lens/lens1/MT0022_超モテコン_おしゃモテトリコ_1day_lens.jpg,NG,608089,0,decode/reencode failed
2025-10-02T21:06:15,imagesnew1/lens/lens1/MT0022_超モテコン_おしゃモテリング_1day_lens.jpg,https://raw.githubusercontent.com/y4m4usr/HL001-quiz-karacon-academia-new/e2cbacf2d8d24222662151e6c4ed3edab7444774/imagesnew1/lens/lens1/MT0022_超モテコン_おしゃモテリング_1day_lens.jpg,NG,606821,0,decode/reencode failed
2025-10-02T21:06:15,imagesnew1/lens/lens1/MT0022_超モテコン_つやモテチェリー_1day_lens.jpg,https://raw.githubusercontent.com/y4m4usr/HL001-quiz-karacon-academia-new/e2cbacf2d8d24222662151e6c4ed3edab7444774/imagesnew1/lens/lens1/MT0022_超モテコン_つやモテチェリー_1day_lens.jpg,NG,606557,0,decode/reencode failed
2025-10-02T21:06:15,imagesnew1/lens/lens1/MT0022_超モテコン_つやモテベイビー_1day_lens.jpg,https://raw.githubusercontent.com/y4m4usr/HL001-quiz-karacon-academia-new/e2cbacf2d8d24222662151e6c4ed3edab7444774/imagesnew1/lens/lens1/MT0022_超モテコン_つやモテベイビー_1day_lens.jpg,NG,606299,0,decode/reencode failed
2025-10-02T21:06:16,imagesnew1/lens/lens1/MT0022_超モテコン_つやモテリング_1day_lens.jpg,https://raw.githubusercontent.com/y4m4usr/HL001-quiz-karacon-academia-new/e2cbacf2d8d24222662151e6c4ed3edab7444774/imagesnew1/lens/lens1/MT0022_超モテコン_つやモテリング_1day_lens.jpg,NG,606693,0,decode/reencode failed
2025-10-02T21:06:17,imagesnew1/lens/lens1/MT0023_超モテコン_ウルトラメガハニー_1day_lens.jpg,https://raw.githubusercontent.com/y4m4usr/HL001-quiz-karacon-academia-new/e2cbacf2d8d24222662151e6c4ed3edab7444774/imagesnew1/lens/lens1/MT0023_超モテコン_ウルトラメガハニー_1day_lens.jpg,NG,607810,0,decode/reencode failed
2025-10-02T21:06:17,imagesnew1/lens/lens1/MT0023_超モテコン_ウルトラメガベイビー_1day_lens.jpg,https://raw.githubusercontent.com/y4m4usr/HL001-quiz-karacon-academia-new/e2cbacf2d8d24222662151e6c4ed3edab7444774/imagesnew1/lens/lens1/MT0023_超モテコン_ウルトラメガベイビー_1day_lens.jpg,NG,606737,0,decode/reencode failed
2025-10-02T21:06:17,imagesnew1/lens/lens1/MT0023_超モテコン_超盛れキャンディグレー_1day_lens.jpg,https://raw.githubusercontent.com/y4m4usr/HL001-quiz-karacon-academia-new/e2cbacf2d8d24222662151e6c4ed3edab7444774/imagesnew1/lens/lens1/MT0023_超モテコン_超盛れキャンディグレー_1day_lens.jpg,NG,607749,0,decode/reencode failed
2025-10-02T21:06:18,imagesnew1/lens/lens1/MT0023_超モテコン_超盛れシュガーベージュ_1day_lens.jpg,https://raw.githubusercontent.com/y4m4usr/HL001-quiz-karacon-academia-new/e2cbacf2d8d24222662151e6c4ed3edab7444774/imagesnew1/lens/lens1/MT0023_超モテコン_超盛れシュガーベージュ_1day_lens.jpg,NG,606501,0,decode/reencode failed
2025-10-02T21:06:19,imagesnew1/lens/lens1/MT0023_超モテコン_超盛れリングパール_1day_lens.jpg,https://raw.githubusercontent.com/y4m4usr/HL001-quiz-karacon-academia-new/e2cbacf2d8d24222662151e6c4ed3edab7444774/imagesnew1/lens/lens1/MT0023_超モテコン_超盛れリングパール_1day_lens.jpg,NG,606681,0,decode/reencode failed
2025-10-02T21:06:19,imagesnew1/lens/lens1/MT0023_超モテコン_超盛れリングベージュ_1day_lens.jpg,https://raw.githubusercontent.com/y4m4usr/HL001-quiz-karacon-academia-new/e2cbacf2d8d24222662151e6c4ed3edab7444774/imagesnew1/lens/lens1/MT0023_超モテコン_超盛れリングベージュ_1day_lens.jpg,NG,606872,0,decode/reencode failed
2025-10-02T21:06:19,imagesnew1/lens/lens1/MT0027_ベイビーモテコン_ベイビーぎゃる_1day_lens.jpg,https://raw.githubusercontent.com/y4m4usr/HL001-quiz-karacon-academia-new/e2cbacf2d8d24222662151e6c4ed3edab7444774/imagesnew1/lens/lens1/MT0027_ベイビーモテコン_ベイビーぎゃる_1day_lens.jpg,NG,606470,0,decode/reencode failed
2025-10-02T21:06:20,imagesnew1/lens/lens1/MT0027_ベイビーモテコン_ベイビーチーク_1day_lens.jpg,https://raw.githubusercontent.com/y4m4usr/HL001-quiz-karacon-academia-new/e2cbacf2d8d24222662151e6c4ed3edab7444774/imagesnew1/lens/lens1/MT0027_ベイビーモテコン_ベイビーチーク_1day_lens.jpg,NG,606751,0,decode/reencode failed
2025-10-02T21:06:20,imagesnew1/lens/lens1/MT0027_ベイビーモテコン_ベイビーチョコ_1day_lens.jpg,https://raw.githubusercontent.com/y4m4usr/HL001-quiz-karacon-academia-new/e2cbacf2d8d24222662151e6c4ed3edab7444774/imagesnew1/lens/lens1/MT0027_ベイビーモテコン_ベイビーチョコ_1day_lens.jpg,NG,606427,0,decode/reencode failed
2025-10-02T21:06:20,imagesnew1/lens/lens1/MT0027_ベイビーモテコン_ベイビーフェイス_1day_lens.jpg,https://raw.githubusercontent.com/y4m4usr/HL001-quiz-karacon-academia-new/e2cbacf2d8d24222662151e6c4ed3edab7444774/imagesnew1/lens/lens1/MT0027_ベイビーモテコン_ベイビーフェイス_1day_lens.jpg,NG,606930,0,decode/reencode failed
2025-10-02T21:06:21,imagesnew1/lens/lens1/MT0027_ベイビーモテコン_ベイビーベイビー_1day_lens.jpg,https://raw.githubusercontent.com/y4m4usr/HL001-quiz-karacon-academia-new/e2cbacf2d8d24222662151e6c4ed3edab7444774/imagesnew1/lens/lens1/MT0027_ベイビーモテコン_ベイビーベイビー_1day_lens.jpg,NG,606731,0,decode/reencode failed
2025-10-02T21:06:21,imagesnew1/lens/lens1/MT0027_ベイビーモテコン_ベイビーメープル_1day_lens.jpg,https://raw.githubusercontent.com/y4m4usr/HL001-quiz-karacon-academia-new/e2cbacf2d8d24222662151e6c4ed3edab7444774/imagesnew1/lens/lens1/MT0027_ベイビーモテコン_ベイビーメープル_1day_lens.jpg,NG,606689,0,decode/reencode failed
2025-10-02T21:06:22,imagesnew1/lens/lens1/MT0027_ベイビーモテコン_ベイビーリングブラウン_1day_lens.jpg,https://raw.githubusercontent.com/y4m4usr/HL001-quiz-karacon-academia-new/e2cbacf2d8d24222662151e6c4ed3edab7444774/imagesnew1/lens/lens1/MT0027_ベイビーモテコン_ベイビーリングブラウン_1day_lens.jpg,NG,607066,0,decode/reencode failed
2025-10-02T21:06:22,imagesnew1/lens/lens1/MT0027_ベイビーモテコン_ベイビーリングベージュ_1day_lens.jpg,https://raw.githubusercontent.com/y4m4usr/HL001-quiz-karacon-academia-new/e2cbacf2d8d24222662151e6c4ed3edab7444774/imagesnew1/lens/lens1/MT0027_ベイビーモテコン_ベイビーリングベージュ_1day_lens.jpg,NG,606699,0,decode/reencode failed
2025-10-02T21:06:22,imagesnew1/lens/lens1/MT0027_ベイビーモテコン_ベイビーリングモカ_1day_lens.jpg,https://raw.githubusercontent.com/y4m4usr/HL001-quiz-karacon-academia-new/e2cbacf2d8d24222662151e6c4ed3edab7444774/imagesnew1/lens/lens1/MT0027_ベイビーモテコン_ベイビーリングモカ_1day_lens.jpg,NG,606606,0,decode/reencode failed
2025-10-02T21:06:23,imagesnew1/lens/lens1/MT0031_超モテコン_最初のブラウン_1month_lens.jpg,https://raw.githubusercontent.com/y4m4usr/HL001-quiz-karacon-academia-new/e2cbacf2d8d24222662151e6c4ed3edab7444774/imagesnew1/lens/lens1/MT0031_超モテコン_最初のブラウン_1month_lens.jpg,NG,606464,0,decode/reencode failed
2025-10-02T21:06:23,imagesnew1/lens/lens1/MT0031_超モテコン_本命ブラウン_1month_lens.jpg,https://raw.githubusercontent.com/y4m4usr/HL001-quiz-karacon-academia-new/e2cbacf2d8d24222662151e6c4ed3edab7444774/imagesnew1/lens/lens1/MT0031_超モテコン_本命ブラウン_1month_lens.jpg,NG,606594,0,decode/reencode failed
2025-10-02T21:06:23,imagesnew1/lens/lens1/MT0032_ベイビーモテコン_ベイビーりぼんアイドル_1month_lens.jpg,https://raw.githubusercontent.com/y4m4usr/HL001-quiz-karacon-academia-new/e2cbacf2d8d24222662151e6c4ed3edab7444774/imagesnew1/lens/lens1/MT0032_ベイビーモテコン_ベイビーりぼんアイドル_1month_lens.jpg,NG,606568,0,decode/reencode failed
2025-10-02T21:06:24,imagesnew1/lens/lens1/MT0032_ベイビーモテコン_ベイビーりぼんギャル_1month_lens.jpg,https://raw.githubusercontent.com/y4m4usr/HL001-quiz-karacon-academia-new/e2cbacf2d8d24222662151e6c4ed3edab7444774/imagesnew1/lens/lens1/MT0032_ベイビーモテコン_ベイビーりぼんギャル_1month_lens.jpg,NG,606655,0,decode/reencode failed
2025-10-02T21:06:24,imagesnew1/lens/lens1/MT0032_ベイビーモテコン_ベイビーりぼんドール_1month_lens.jpg,https://raw.githubusercontent.com/y4m4usr/HL001-quiz-karacon-academia-new/e2cbacf2d8d24222662151e6c4ed3edab7444774/imagesnew1/lens/lens1/MT0032_ベイビーモテコン_ベイビーりぼんドール_1month_lens.jpg,NG,606843,0,decode/reencode failed
2025-10-02T21:06:24,imagesnew1/lens/lens1/MT0032_ベイビーモテコン_ベイビーりぼんベイビー_1month_lens.jpg,https://raw.githubusercontent.com/y4m4usr/HL001-quiz-karacon-academia-new/e2cbacf2d8d24222662151e6c4ed3edab7444774/imagesnew1/lens/lens1/MT0032_ベイビーモテコン_ベイビーりぼんベイビー_1month_lens.jpg,NG,606617,0,decode/reencode failed
2025-10-02T21:06:24,imagesnew1/lens/lens1/NCOL0001_エヌズコレクション_サバテイショク_1day_lens.jpg,https://raw.githubusercontent.com/y4m4usr/HL001-quiz-karacon-academia-new/e2cbacf2d8d24222662151e6c4ed3edab7444774/imagesnew1/lens/lens1/NCOL0001_エヌズコレクション_サバテイショク_1day_lens.jpg,NG,606635,0,decode/reencode failed
2025-10-02T21:06:25,imagesnew1/lens/lens1/NCOL0001_エヌズコレクション_ずんだ餅_1day_lens.jpg,https://raw.githubusercontent.com/y4m4usr/HL001-quiz-karacon-academia-new/e2cbacf2d8d24222662151e6c4ed3edab7444774/imagesnew1/lens/lens1/NCOL0001_エヌズコレクション_ずんだ餅_1day_lens.jpg,NG,606611,0,decode/reencode failed
2025-10-02T21:06:25,imagesnew1/lens/lens1/NCOL0001_エヌズコレクション_どら焼き_1day_lens.jpg,https://raw.githubusercontent.com/y4m4usr/HL001-quiz-karacon-academia-new/e2cbacf2d8d24222662151e6c4ed3edab7444774/imagesnew1/lens/lens1/NCOL0001_エヌズコレクション_どら焼き_1day_lens.jpg,NG,606798,0,decode/reencode failed
2025-10-02T21:06:25,imagesnew1/lens/lens1/NCOL0001_エヌズコレクション_ブルーベリージャム_1day_lens.jpg,https://raw.githubusercontent.com/y4m4usr/HL001-quiz-karacon-academia-new/e2cbacf2d8d24222662151e6c4ed3edab7444774/imagesnew1/lens/lens1/NCOL0001_エヌズコレクション_ブルーベリージャム_1day_lens.jpg,NG,606674,0,decode/reencode failed
2025-10-02T21:06:26,imagesnew1/lens/lens1/NCOL0001_エヌズコレクション_ほうじ茶ラテ_1day_lens.jpg,https://raw.githubusercontent.com/y4m4usr/HL001-quiz-karacon-academia-new/e2cbacf2d8d24222662151e6c4ed3edab7444774/imagesnew1/lens/lens1/NCOL0001_エヌズコレクション_ほうじ茶ラテ_1day_lens.jpg,NG,606564,0,decode/reencode failed
2025-10-02T21:06:26,imagesnew1/lens/lens1/NCOL0001_エヌズコレクション_ヤキソバパン_1day_lens.jpg,https://raw.githubusercontent.com/y4m4usr/HL001-quiz-karacon-academia-new/e2cbacf2d8d24222662151e6c4ed3edab7444774/imagesnew1/lens/lens1/NCOL0001_エヌズコレクション_ヤキソバパン_1day_lens.jpg,NG,606609,0,decode/reencode failed
2025-10-02T21:06:26,imagesnew1/lens/lens1/NCOL0001_エヌズコレクション_海_1day_lens.jpg,https://raw.githubusercontent.com/y4m4usr/HL001-quiz-karacon-academia-new/e2cbacf2d8d24222662151e6c4ed3edab7444774/imagesnew1/lens/lens1/NCOL0001_エヌズコレクション_海_1day_lens.jpg,NG,606786,0,decode/reencode failed
2025-10-02T21:06:27,imagesnew1/lens/lens1/NCOL0001_エヌズコレクション_魚_1day_lens.jpg,https://raw.githubusercontent.com/y4m4usr/HL001-quiz-karacon-academia-new/e2cbacf2d8d24222662151e6c4ed3edab7444774/imagesnew1/lens/lens1/NCOL0001_エヌズコレクション_魚_1day_lens.jpg,NG,606820,0,decode/reencode failed
2025-10-02T21:06:27,imagesnew1/lens/lens1/NCOL0001_エヌズコレクション_玉こんにゃく_1day_lens.jpg,https://raw.githubusercontent.com/y4m4usr/HL001-quiz-karacon-academia-new/e2cbacf2d8d24222662151e6c4ed3edab7444774/imagesnew1/lens/lens1/NCOL0001_エヌズコレクション_玉こんにゃく_1day_lens.jpg,NG,606656,0,decode/reencode failed
2025-10-02T21:06:27,imagesnew1/lens/lens1/NCOL0001_エヌズコレクション_天ぷら_1day_lens.jpg,https://raw.githubusercontent.com/y4m4usr/HL001-quiz-karacon-academia-new/e2cbacf2d8d24222662151e6c4ed3edab7444774/imagesnew1/lens/lens1/NCOL0001_エヌズコレクション_天ぷら_1day_lens.jpg,NG,606213,0,decode/reencode failed
2025-10-02T21:06:28,imagesnew1/lens/lens1/OL0001_オーレンズ_エンディング オリーブ_1day_lens.jpg,https://raw.githubusercontent.com/y4m4usr/HL001-quiz-karacon-academia-new/e2cbacf2d8d24222662151e6c4ed3edab7444774/imagesnew1/lens/lens1/OL0001_オーレンズ_エンディング オリーブ_1day_lens.jpg,NG,606785,0,decode/reencode failed
2025-10-02T21:06:28,imagesnew1/lens/lens1/OL0001_オーレンズ_エンディング グレー_1day_lens.jpg,https://raw.githubusercontent.com/y4m4usr/HL001-quiz-karacon-academia-new/e2cbacf2d8d24222662151e6c4ed3edab7444774/imagesnew1/lens/lens1/OL0001_オーレンズ_エンディング グレー_1day_lens.jpg,NG,606671,0,decode/reencode failed
2025-10-02T21:06:28,imagesnew1/lens/lens1/OL0002_オーレンズ_グローイ アッシュグレー_1day_lens.jpg,https://raw.githubusercontent.com/y4m4usr/HL001-quiz-karacon-academia-new/e2cbacf2d8d24222662151e6c4ed3edab7444774/imagesnew1/lens/lens1/OL0002_オーレンズ_グローイ アッシュグレー_1day_lens.jpg,NG,606549,0,decode/reencode failed
2025-10-02T21:06:29,imagesnew1/lens/lens1/OL0002_オーレンズ_グローイ サファイアブルー_1day_lens.jpg,https://raw.githubusercontent.com/y4m4usr/HL001-quiz-karacon-academia-new/e2cbacf2d8d24222662151e6c4ed3edab7444774/imagesnew1/lens/lens1/OL0002_オーレンズ_グローイ サファイアブルー_1day_lens.jpg,NG,606528,0,decode/reencode failed
2025-10-02T21:06:29,imagesnew1/lens/lens1/OL0002_オーレンズ_グローイ ブラウン_1day_lens.jpg,https://raw.githubusercontent.com/y4m4usr/HL001-quiz-karacon-academia-new/e2cbacf2d8d24222662151e6c4ed3edab7444774/imagesnew1/lens/lens1/OL0002_オーレンズ_グローイ ブラウン_1day_lens.jpg,NG,607054,0,decode/reencode failed
2025-10-02T21:06:29,imagesnew1/lens/lens1/OL0002_オーレンズ_グローイ ブラック_1day_lens.jpg,https://raw.githubusercontent.com/y4m4usr/HL001-quiz-karacon-academia-new/e2cbacf2d8d24222662151e6c4ed3edab7444774/imagesnew1/lens/lens1/OL0002_オーレンズ_グローイ ブラック_1day_lens.jpg,NG,606418,0,decode/reencode failed
2025-10-02T21:06:30,imagesnew1/lens/lens1/OL0002_オーレンズ_グローイゴールデンオリーブ_1day_lens.jpg,https://raw.githubusercontent.com/y4m4usr/HL001-quiz-karacon-academia-new/e2cbacf2d8d24222662151e6c4ed3edab7444774/imagesnew1/lens/lens1/OL0002_オーレンズ_グローイゴールデンオリーブ_1day_lens.jpg,NG,606453,0,decode/reencode failed
2025-10-02T21:06:30,imagesnew1/lens/lens1/OL0003_オーレンズ_シャインタッチ ミルキーグレー_1day_lens.jpg,https://raw.githubusercontent.com/y4m4usr/HL001-quiz-karacon-academia-new/e2cbacf2d8d24222662151e6c4ed3edab7444774/imagesnew1/lens/lens1/OL0003_オーレンズ_シャインタッチ ミルキーグレー_1day_lens.jpg,NG,606547,0,decode/reencode failed
2025-10-02T21:06:30,imagesnew1/lens/lens1/OL0003_オーレンズ_シャインタッチ ミルキーチョコ_1day_lens.jpg,https://raw.githubusercontent.com/y4m4usr/HL001-quiz-karacon-academia-new/e2cbacf2d8d24222662151e6c4ed3edab7444774/imagesnew1/lens/lens1/OL0003_オーレンズ_シャインタッチ ミルキーチョコ_1day_lens.jpg,NG,607170,0,decode/reencode failed
2025-10-02T21:06:31,imagesnew1/lens/lens1/OL0005_オーレンズ_ダブルティント グレー_1day_lens.jpg,https://raw.githubusercontent.com/y4m4usr/HL001-quiz-karacon-academia-new/e2cbacf2d8d24222662151e6c4ed3edab7444774/imagesnew1/lens/lens1/OL0005_オーレンズ_ダブルティント グレー_1day_lens.jpg,NG,606697,0,decode/reencode failed
2025-10-02T21:06:31,imagesnew1/lens/lens1/OL0005_オーレンズ_ダブルティント ブラウン_1day_lens.jpg,https://raw.githubusercontent.com/y4m4usr/HL001-quiz-karacon-academia-new/e2cbacf2d8d24222662151e6c4ed3edab7444774/imagesnew1/lens/lens1/OL0005_オーレンズ_ダブルティント ブラウン_1day_lens.jpg,NG,606842,0,decode/reencode failed
2025-10-02T21:06:31,imagesnew1/lens/lens1/OL0006_オーレンズ_チェリームーン ブラウン_1day_lens.jpg,https://raw.githubusercontent.com/y4m4usr/HL001-quiz-karacon-academia-new/e2cbacf2d8d24222662151e6c4ed3edab7444774/imagesnew1/lens/lens1/OL0006_オーレンズ_チェリームーン ブラウン_1day_lens.jpg,NG,606606,0,decode/reencode failed
2025-10-02T21:06:32,imagesnew1/lens/lens1/OL0007_オーレンズ_ビッググローイ グレー_1day_lens.jpg,https://raw.githubusercontent.com/y4m4usr/HL001-quiz-karacon-academia-new/e2cbacf2d8d24222662151e6c4ed3edab7444774/imagesnew1/lens/lens1/OL0007_オーレンズ_ビッググローイ グレー_1day_lens.jpg,NG,606351,0,decode/reencode failed
2025-10-02T21:06:32,imagesnew1/lens/lens1/OL0007_オーレンズ_ビッググローイ ヘーゼル_1day_lens.jpg,https://raw.githubusercontent.com/y4m4usr/HL001-quiz-karacon-academia-new/e2cbacf2d8d24222662151e6c4ed3edab7444774/imagesnew1/lens/lens1/OL0007_オーレンズ_ビッググローイ ヘーゼル_1day_lens.jpg,NG,606438,0,decode/reencode failed
2025-10-02T21:06:32,imagesnew1/lens/lens1/OL0007_オーレンズ_ビッググローイ モカブラウン_1day_lens.jpg,https://raw.githubusercontent.com/y4m4usr/HL001-quiz-karacon-academia-new/e2cbacf2d8d24222662151e6c4ed3edab7444774/imagesnew1/lens/lens1/OL0007_オーレンズ_ビッググローイ モカブラウン_1day_lens.jpg,NG,606691,0,decode/reencode failed
2025-10-02T21:06:33,imagesnew1/lens/lens1/OL0007_オーレンズ_ビッググローイラベンダー_1day_lens.jpg,https://raw.githubusercontent.com/y4m4usr/HL001-quiz-karacon-academia-new/e2cbacf2d8d24222662151e6c4ed3edab7444774/imagesnew1/lens/lens1/OL0007_オーレンズ_ビッググローイラベンダー_1day_lens.jpg,NG,606532,0,decode/reencode failed
2025-10-02T21:06:33,imagesnew1/lens/lens1/OL0008_オーレンズ_ビビリング グレー_1day_lens.jpg,https://raw.githubusercontent.com/y4m4usr/HL001-quiz-karacon-academia-new/e2cbacf2d8d24222662151e6c4ed3edab7444774/imagesnew1/lens/lens1/OL0008_オーレンズ_ビビリング グレー_1day_lens.jpg,NG,606799,0,decode/reencode failed
2025-10-02T21:06:33,imagesnew1/lens/lens1/OL0008_オーレンズ_ビビリング チョコ_1day_lens.jpg,https://raw.githubusercontent.com/y4m4usr/HL001-quiz-karacon-academia-new/e2cbacf2d8d24222662151e6c4ed3edab7444774/imagesnew1/lens/lens1/OL0008_オーレンズ_ビビリング チョコ_1day_lens.jpg,NG,606510,0,decode/reencode failed
2025-10-02T21:06:33,imagesnew1/lens/lens1/OL0008_オーレンズ_ビビリング ブラウン_1day_lens.jpg,https://raw.githubusercontent.com/y4m4usr/HL001-quiz-karacon-academia-new/e2cbacf2d8d24222662151e6c4ed3edab7444774/imagesnew1/lens/lens1/OL0008_オーレンズ_ビビリング ブラウン_1day_lens.jpg,NG,607114,0,decode/reencode failed
2025-10-02T21:06:34,imagesnew1/lens/lens1/OL0008_オーレンズ_ビビリング ベージュ_1day_lens.jpg,https://raw.githubusercontent.com/y4m4usr/HL001-quiz-karacon-academia-new/e2cbacf2d8d24222662151e6c4ed3edab7444774/imagesnew1/lens/lens1/OL0008_オーレンズ_ビビリング ベージュ_1day_lens.jpg,NG,606799,0,decode/reencode failed
2025-10-02T21:06:34,imagesnew1/lens/lens1/OL0009_オーレンズ_リアルリング グレー_1day_lens.jpg,https://raw.githubusercontent.com/y4m4usr/HL001-quiz-karacon-academia-new/e2cbacf2d8d24222662151e6c4ed3edab7444774/imagesnew1/lens/lens1/OL0009_オーレンズ_リアルリング グレー_1day_lens.jpg,NG,606794,0,decode/reencode failed
2025-10-02T21:06:34,imagesnew1/lens/lens1/OL0009_オーレンズ_リアルリング ブラウン_1day_lens.jpg,https://raw.githubusercontent.com/y4m4usr/HL001-quiz-karacon-academia-new/e2cbacf2d8d24222662151e6c4ed3edab7444774/imagesnew1/lens/lens1/OL0009_オーレンズ_リアルリング ブラウン_1day_lens.jpg,NG,606606,0,decode/reencode failed
2025-10-02T21:06:35,imagesnew1/lens/lens1/OL0010_オーレンズ_ムードナイト ムードグレー_1day_lens.jpg,https://raw.githubusercontent.com/y4m4usr/HL001-quiz-karacon-academia-new/e2cbacf2d8d24222662151e6c4ed3edab7444774/imagesnew1/lens/lens1/OL0010_オーレンズ_ムードナイト ムードグレー_1day_lens.jpg,NG,606301,0,decode/reencode failed
2025-10-02T21:06:35,imagesnew1/lens/lens1/OL0010_オーレンズ_ムードナイト ムードブラウン_1day_lens.jpg,https://raw.githubusercontent.com/y4m4usr/HL001-quiz-karacon-academia-new/e2cbacf2d8d24222662151e6c4ed3edab7444774/imagesnew1/lens/lens1/OL0010_オーレンズ_ムードナイト ムードブラウン_1day_lens.jpg,NG,606533,0,decode/reencode failed
2025-10-02T21:06:35,imagesnew1/lens/lens1/OL0011_オーレンズ_リアリッシュグレー_1day_lens.jpg,https://raw.githubusercontent.com/y4m4usr/HL001-quiz-karacon-academia-new/e2cbacf2d8d24222662151e6c4ed3edab7444774/imagesnew1/lens/lens1/OL0011_オーレンズ_リアリッシュグレー_1day_lens.jpg,NG,606498,0,decode/reencode failed
2025-10-02T21:06:36,imagesnew1/lens/lens1/OL0011_オーレンズ_リアリッシュブラウン_1day_lens.jpg,https://raw.githubusercontent.com/y4m4usr/HL001-quiz-karacon-academia-new/e2cbacf2d8d24222662151e6c4ed3edab7444774/imagesnew1/lens/lens1/OL0011_オーレンズ_リアリッシュブラウン_1day_lens.jpg,NG,606529,0,decode/reencode failed
2025-10-02T21:06:36,imagesnew1/lens/lens1/OMO0002_オマイオ_イスルアールグレー_1month_lens.jpg,https://raw.githubusercontent.com/y4m4usr/HL001-quiz-karacon-academia-new/e2cbacf2d8d24222662151e6c4ed3edab7444774/imagesnew1/lens/lens1/OMO0002_オマイオ_イスルアールグレー_1month_lens.jpg,NG,606541,0,decode/reencode failed
2025-10-02T21:06:36,imagesnew1/lens/lens1/OMO0002_オマイオ_イスルウォーターブラウン_1month_lens.jpg,https://raw.githubusercontent.com/y4m4usr/HL001-quiz-karacon-academia-new/e2cbacf2d8d24222662151e6c4ed3edab7444774/imagesnew1/lens/lens1/OMO0002_オマイオ_イスルウォーターブラウン_1month_lens.jpg,NG,608038,0,decode/reencode failed
2025-10-02T21:06:37,imagesnew1/lens/lens1/OMO0002_オマイオ_キスブルー_1month_lens.jpg,https://raw.githubusercontent.com/y4m4usr/HL001-quiz-karacon-academia-new/e2cbacf2d8d24222662151e6c4ed3edab7444774/imagesnew1/lens/lens1/OMO0002_オマイオ_キスブルー_1month_lens.jpg,NG,606621,0,decode/reencode failed
2025-10-02T21:06:37,imagesnew1/lens/lens1/OMO0002_オマイオ_シークレットグレー_1month_lens.jpg,https://raw.githubusercontent.com/y4m4usr/HL001-quiz-karacon-academia-new/e2cbacf2d8d24222662151e6c4ed3edab7444774/imagesnew1/lens/lens1/OMO0002_オマイオ_シークレットグレー_1month_lens.jpg,NG,606733,0,decode/reencode failed
2025-10-02T21:06:37,imagesnew1/lens/lens1/OMO0002_オマイオ_シークレットピンクブラウン_1month_lens.jpg,https://raw.githubusercontent.com/y4m4usr/HL001-quiz-karacon-academia-new/e2cbacf2d8d24222662151e6c4ed3edab7444774/imagesnew1/lens/lens1/OMO0002_オマイオ_シークレットピンクブラウン_1month_lens.jpg,NG,606398,0,decode/reencode failed
2025-10-02T21:06:38,imagesnew1/lens/lens1/OMO0002_オマイオ_シークレットブラウン_1month_lens.jpg,https://raw.githubusercontent.com/y4m4usr/HL001-quiz-karacon-academia-new/e2cbacf2d8d24222662151e6c4ed3edab7444774/imagesnew1/lens/lens1/OMO0002_オマイオ_シークレットブラウン_1month_lens.jpg,NG,606621,0,decode/reencode failed
2025-10-02T21:06:38,imagesnew1/lens/lens1/OMO0002_オマイオ_シークレットベージュ_1month_lens.jpg,https://raw.githubusercontent.com/y4m4usr/HL001-quiz-karacon-academia-new/e2cbacf2d8d24222662151e6c4ed3edab7444774/imagesnew1/lens/lens1/OMO0002_オマイオ_シークレットベージュ_1month_lens.jpg,NG,606878,0,decode/reencode failed
2025-10-02T21:06:38,imagesnew1/lens/lens1/OMO0002_オマイオ_シスターアッシュブラウン_1month_lens.jpg,https://raw.githubusercontent.com/y4m4usr/HL001-quiz-karacon-academia-new/e2cbacf2d8d24222662151e6c4ed3edab7444774/imagesnew1/lens/lens1/OMO0002_オマイオ_シスターアッシュブラウン_1month_lens.jpg,NG,607062,0,decode/reencode failed
2025-10-02T21:06:39,imagesnew1/lens/lens1/OMO0002_オマイオ_シスターオリーブブラウン_1month_lens.jpg,https://raw.githubusercontent.com/y4m4usr/HL001-quiz-karacon-academia-new/e2cbacf2d8d24222662151e6c4ed3edab7444774/imagesnew1/lens/lens1/OMO0002_オマイオ_シスターオリーブブラウン_1month_lens.jpg,NG,606442,0,decode/reencode failed
2025-10-02T21:06:39,imagesnew1/lens/lens1/OMO0002_オマイオ_シスターチョコブラウン_1month_lens.jpg,https://raw.githubusercontent.com/y4m4usr/HL001-quiz-karacon-academia-new/e2cbacf2d8d24222662151e6c4ed3edab7444774/imagesnew1/lens/lens1/OMO0002_オマイオ_シスターチョコブラウン_1month_lens.jpg,NG,606681,0,decode/reencode failed
2025-10-02T21:06:39,imagesnew1/lens/lens1/PM0001_プリズメル_アイスオリーブ_1day_lens.jpg,https://raw.githubusercontent.com/y4m4usr/HL001-quiz-karacon-academia-new/e2cbacf2d8d24222662151e6c4ed3edab7444774/imagesnew1/lens/lens1/PM0001_プリズメル_アイスオリーブ_1day_lens.jpg,NG,607129,0,decode/reencode failed
2025-10-02T21:06:40,imagesnew1/lens/lens1/PM0001_プリズメル_ウォータードロップ_1day_lens.jpg,https://raw.githubusercontent.com/y4m4usr/HL001-quiz-karacon-academia-new/e2cbacf2d8d24222662151e6c4ed3edab7444774/imagesnew1/lens/lens1/PM0001_プリズメル_ウォータードロップ_1day_lens.jpg,NG,606763,0,decode/reencode failed
2025-10-02T21:06:40,imagesnew1/lens/lens1/PM0001_プリズメル_キャンディピンク_1day_lens.jpg,https://raw.githubusercontent.com/y4m4usr/HL001-quiz-karacon-academia-new/e2cbacf2d8d24222662151e6c4ed3edab7444774/imagesnew1/lens/lens1/PM0001_プリズメル_キャンディピンク_1day_lens.jpg,NG,606942,0,decode/reencode failed
2025-10-02T21:06:40,imagesnew1/lens/lens1/PM0001_プリズメル_コットングレージュ_1day_lens.jpg,https://raw.githubusercontent.com/y4m4usr/HL001-quiz-karacon-academia-new/e2cbacf2d8d24222662151e6c4ed3edab7444774/imagesnew1/lens/lens1/PM0001_プリズメル_コットングレージュ_1day_lens.jpg,NG,606649,0,decode/reencode failed
2025-10-02T21:06:41,imagesnew1/lens/lens1/PM0001_プリズメル_シュガーグレー_1day_lens.jpg,https://raw.githubusercontent.com/y4m4usr/HL001-quiz-karacon-academia-new/e2cbacf2d8d24222662151e6c4ed3edab7444774/imagesnew1/lens/lens1/PM0001_プリズメル_シュガーグレー_1day_lens.jpg,NG,606467,0,decode/reencode failed
2025-10-02T21:06:41,imagesnew1/lens/lens1/PM0001_プリズメル_シロップベージュ_1day_lens.jpg,https://raw.githubusercontent.com/y4m4usr/HL001-quiz-karacon-academia-new/e2cbacf2d8d24222662151e6c4ed3edab7444774/imagesnew1/lens/lens1/PM0001_プリズメル_シロップベージュ_1day_lens.jpg,NG,606661,0,decode/reencode failed
2025-10-02T21:06:41,imagesnew1/lens/lens1/PM0001_プリズメル_ミルクブラウン_1day_lens.jpg,https://raw.githubusercontent.com/y4m4usr/HL001-quiz-karacon-academia-new/e2cbacf2d8d24222662151e6c4ed3edab7444774/imagesnew1/lens/lens1/PM0001_プリズメル_ミルクブラウン_1day_lens.jpg,NG,606693,0,decode/reencode failed
2025-10-02T21:06:42,imagesnew1/lens/lens1/PR0003_ピュアリティ_エアブラウン_1day_lens.jpg,https://raw.githubusercontent.com/y4m4usr/HL001-quiz-karacon-academia-new/e2cbacf2d8d24222662151e6c4ed3edab7444774/imagesnew1/lens/lens1/PR0003_ピュアリティ_エアブラウン_1day_lens.jpg,NG,607246,0,decode/reencode failed
2025-10-02T21:06:42,imagesnew1/lens/lens1/PR0003_ピュアリティ_サークルブラウン_1day_lens.jpg,https://raw.githubusercontent.com/y4m4usr/HL001-quiz-karacon-academia-new/e2cbacf2d8d24222662151e6c4ed3edab7444774/imagesnew1/lens/lens1/PR0003_ピュアリティ_サークルブラウン_1day_lens.jpg,NG,606284,0,decode/reencode failed
2025-10-02T21:06:43,imagesnew1/lens/lens1/PR0003_ピュアリティ_ソフトブラウン_1day_lens.jpg,https://raw.githubusercontent.com/y4m4usr/HL001-quiz-karacon-academia-new/e2cbacf2d8d24222662151e6c4ed3edab7444774/imagesnew1/lens/lens1/PR0003_ピュアリティ_ソフトブラウン_1day_lens.jpg,NG,607061,0,decode/reencode failed
2025-10-02T21:06:43,imagesnew1/lens/lens1/PR0003_ピュアリティ_モアブラウン_1day_lens.jpg,https://raw.githubusercontent.com/y4m4usr/HL001-quiz-karacon-academia-new/e2cbacf2d8d24222662151e6c4ed3edab7444774/imagesnew1/lens/lens1/PR0003_ピュアリティ_モアブラウン_1day_lens.jpg,NG,606486,0,decode/reencode failed
2025-10-02T21:06:43,imagesnew1/lens/lens1/PRM0001_プリモア_プリガールキャメル_1day_lens.jpg,https://raw.githubusercontent.com/y4m4usr/HL001-quiz-karacon-academia-new/e2cbacf2d8d24222662151e6c4ed3edab7444774/imagesnew1/lens/lens1/PRM0001_プリモア_プリガールキャメル_1day_lens.jpg,NG,606655,0,decode/reencode failed
2025-10-02T21:06:44,imagesnew1/lens/lens1/PRM0001_プリモア_プリガールグレー_1day_lens.jpg,https://raw.githubusercontent.com/y4m4usr/HL001-quiz-karacon-academia-new/e2cbacf2d8d24222662151e6c4ed3edab7444774/imagesnew1/lens/lens1/PRM0001_プリモア_プリガールグレー_1day_lens.jpg,NG,606481,0,decode/reencode failed
2025-10-02T21:06:44,imagesnew1/lens/lens1/PRM0001_プリモア_プリガールローズ_1day_lens.jpg,https://raw.githubusercontent.com/y4m4usr/HL001-quiz-karacon-academia-new/e2cbacf2d8d24222662151e6c4ed3edab7444774/imagesnew1/lens/lens1/PRM0001_プリモア_プリガールローズ_1day_lens.jpg,NG,606644,0,decode/reencode failed
2025-10-02T21:06:44,imagesnew1/lens/lens1/PRM0001_プリモア_プリデートブラウン_1day_lens.jpg,https://raw.githubusercontent.com/y4m4usr/HL001-quiz-karacon-academia-new/e2cbacf2d8d24222662151e6c4ed3edab7444774/imagesnew1/lens/lens1/PRM0001_プリモア_プリデートブラウン_1day_lens.jpg,NG,606758,0,decode/reencode failed
2025-10-02T21:06:45,imagesnew1/lens/lens1/PRM0001_プリモア_プリドーリーブラウン_1day_lens.jpg,https://raw.githubusercontent.com/y4m4usr/HL001-quiz-karacon-academia-new/e2cbacf2d8d24222662151e6c4ed3edab7444774/imagesnew1/lens/lens1/PRM0001_プリモア_プリドーリーブラウン_1day_lens.jpg,NG,606316,0,decode/reencode failed
2025-10-02T21:06:45,imagesnew1/lens/lens1/PRM0001_プリモア_プリパールグレー_1day_lens.jpg,https://raw.githubusercontent.com/y4m4usr/HL001-quiz-karacon-academia-new/e2cbacf2d8d24222662151e6c4ed3edab7444774/imagesnew1/lens/lens1/PRM0001_プリモア_プリパールグレー_1day_lens.jpg,NG,606942,0,decode/reencode failed
2025-10-02T21:06:45,imagesnew1/lens/lens1/PRM0001_プリモア_プリパールブラウン_1day_lens.jpg,https://raw.githubusercontent.com/y4m4usr/HL001-quiz-karacon-academia-new/e2cbacf2d8d24222662151e6c4ed3edab7444774/imagesnew1/lens/lens1/PRM0001_プリモア_プリパールブラウン_1day_lens.jpg,NG,607027,0,decode/reencode failed
2025-10-02T21:06:45,imagesnew1/lens/lens1/PRM0001_プリモア_プリリングピンク_1day_lens.jpg,https://raw.githubusercontent.com/y4m4usr/HL001-quiz-karacon-academia-new/e2cbacf2d8d24222662151e6c4ed3edab7444774/imagesnew1/lens/lens1/PRM0001_プリモア_プリリングピンク_1day_lens.jpg,NG,606509,0,decode/reencode failed
2025-10-02T21:06:46,imagesnew1/lens/lens1/PRM0001_プリモア_プリリングベージュ_1day_lens.jpg,https://raw.githubusercontent.com/y4m4usr/HL001-quiz-karacon-academia-new/e2cbacf2d8d24222662151e6c4ed3edab7444774/imagesnew1/lens/lens1/PRM0001_プリモア_プリリングベージュ_1day_lens.jpg,NG,606582,0,decode/reencode failed
2025-10-02T21:06:46,imagesnew1/lens/lens1/QPR0001_キュプリエ_アムールロゼ_1day_lens.jpg,https://raw.githubusercontent.com/y4m4usr/HL001-quiz-karacon-academia-new/e2cbacf2d8d24222662151e6c4ed3edab7444774/imagesnew1/lens/lens1/QPR0001_キュプリエ_アムールロゼ_1day_lens.jpg,NG,606568,0,decode/reencode failed
2025-10-02T21:06:46,imagesnew1/lens/lens1/QPR0001_キュプリエ_エアルブラック_1day_lens.jpg,https://raw.githubusercontent.com/y4m4usr/HL001-quiz-karacon-academia-new/e2cbacf2d8d24222662151e6c4ed3edab7444774/imagesnew1/lens/lens1/QPR0001_キュプリエ_エアルブラック_1day_lens.jpg,NG,606790,0,decode/reencode failed
2025-10-02T21:06:47,imagesnew1/lens/lens1/QPR0001_キュプリエ_グレーシャトン_1day_lens.jpg,https://raw.githubusercontent.com/y4m4usr/HL001-quiz-karacon-academia-new/e2cbacf2d8d24222662151e6c4ed3edab7444774/imagesnew1/lens/lens1/QPR0001_キュプリエ_グレーシャトン_1day_lens.jpg,NG,606607,0,decode/reencode failed
2025-10-02T21:06:47,imagesnew1/lens/lens1/QPR0001_キュプリエ_シピベージュ_1day_lens.jpg,https://raw.githubusercontent.com/y4m4usr/HL001-quiz-karacon-academia-new/e2cbacf2d8d24222662151e6c4ed3edab7444774/imagesnew1/lens/lens1/QPR0001_キュプリエ_シピベージュ_1day_lens.jpg,NG,606474,0,decode/reencode failed
2025-10-02T21:06:47,imagesnew1/lens/lens1/QPR0001_キュプリエ_シャルムブラウン_1day_lens.jpg,https://raw.githubusercontent.com/y4m4usr/HL001-quiz-karacon-academia-new/e2cbacf2d8d24222662151e6c4ed3edab7444774/imagesnew1/lens/lens1/QPR0001_キュプリエ_シャルムブラウン_1day_lens.jpg,NG,606954,0,decode/reencode failed
2025-10-02T21:06:48,imagesnew1/lens/lens1/QPR0001_キュプリエ_ノワベージュ_1day_lens.jpg,https://raw.githubusercontent.com/y4m4usr/HL001-quiz-karacon-academia-new/e2cbacf2d8d24222662151e6c4ed3edab7444774/imagesnew1/lens/lens1/QPR0001_キュプリエ_ノワベージュ_1day_lens.jpg,NG,606742,0,decode/reencode failed
2025-10-02T21:06:48,imagesnew1/lens/lens1/QPR0001_キュプリエ_べべブラン_1day_lens.jpg,https://raw.githubusercontent.com/y4m4usr/HL001-quiz-karacon-academia-new/e2cbacf2d8d24222662151e6c4ed3edab7444774/imagesnew1/lens/lens1/QPR0001_キュプリエ_べべブラン_1day_lens.jpg,NG,606601,0,decode/reencode failed
2025-10-02T21:06:48,imagesnew1/lens/lens1/QPR0001_キュプリエ_ペルルグレー_1day_lens.jpg,https://raw.githubusercontent.com/y4m4usr/HL001-quiz-karacon-academia-new/e2cbacf2d8d24222662151e6c4ed3edab7444774/imagesnew1/lens/lens1/QPR0001_キュプリエ_ペルルグレー_1day_lens.jpg,NG,606751,0,decode/reencode failed
2025-10-02T21:06:49,imagesnew1/lens/lens1/QPR0001_キュプリエ_リュヌベージュ_1day_lens.jpg,https://raw.githubusercontent.com/y4m4usr/HL001-quiz-karacon-academia-new/e2cbacf2d8d24222662151e6c4ed3edab7444774/imagesnew1/lens/lens1/QPR0001_キュプリエ_リュヌベージュ_1day_lens.jpg,NG,606406,0,decode/reencode failed
2025-10-02T21:06:49,imagesnew1/lens/lens1/RAI0001_レイン_アジサイ_1day_lens.jpg,https://raw.githubusercontent.com/y4m4usr/HL001-quiz-karacon-academia-new/e2cbacf2d8d24222662151e6c4ed3edab7444774/imagesnew1/lens/lens1/RAI0001_レイン_アジサイ_1day_lens.jpg,NG,606736,0,decode/reencode failed
2025-10-02T21:06:49,imagesnew1/lens/lens1/RAI0001_レイン_シベリアンオリーブ_1day_lens.jpg,https://raw.githubusercontent.com/y4m4usr/HL001-quiz-karacon-academia-new/e2cbacf2d8d24222662151e6c4ed3edab7444774/imagesnew1/lens/lens1/RAI0001_レイン_シベリアンオリーブ_1day_lens.jpg,NG,607215,0,decode/reencode failed
2025-10-02T21:06:50,imagesnew1/lens/lens1/RAI0001_レイン_シベリアングレー_1day_lens.jpg,https://raw.githubusercontent.com/y4m4usr/HL001-quiz-karacon-academia-new/e2cbacf2d8d24222662151e6c4ed3edab7444774/imagesnew1/lens/lens1/RAI0001_レイン_シベリアングレー_1day_lens.jpg,NG,606409,0,decode/reencode failed
2025-10-02T21:06:50,imagesnew1/lens/lens1/RAI0001_レイン_シベリアンブルー_1day_lens.jpg,https://raw.githubusercontent.com/y4m4usr/HL001-quiz-karacon-academia-new/e2cbacf2d8d24222662151e6c4ed3edab7444774/imagesnew1/lens/lens1/RAI0001_レイン_シベリアンブルー_1day_lens.jpg,NG,606823,0,decode/reencode failed
2025-10-02T21:06:50,imagesnew1/lens/lens1/RAI0001_レイン_ドールグレー_1day_lens.jpg,https://raw.githubusercontent.com/y4m4usr/HL001-quiz-karacon-academia-new/e2cbacf2d8d24222662151e6c4ed3edab7444774/imagesnew1/lens/lens1/RAI0001_レイン_ドールグレー_1day_lens.jpg,NG,606991,0,decode/reencode failed
2025-10-02T21:06:51,imagesnew1/lens/lens1/RAI0001_レイン_ネモフィラ_1day_lens.jpg,https://raw.githubusercontent.com/y4m4usr/HL001-quiz-karacon-academia-new/e2cbacf2d8d24222662151e6c4ed3edab7444774/imagesnew1/lens/lens1/RAI0001_レイン_ネモフィラ_1day_lens.jpg,NG,606483,0,decode/reencode failed
2025-10-02T21:06:51,imagesnew1/lens/lens1/RAI0001_レイン_リリーグレージュ_1day_lens.jpg,https://raw.githubusercontent.com/y4m4usr/HL001-quiz-karacon-academia-new/e2cbacf2d8d24222662151e6c4ed3edab7444774/imagesnew1/lens/lens1/RAI0001_レイン_リリーグレージュ_1day_lens.jpg,NG,606324,0,decode/reencode failed
2025-10-02T21:06:51,imagesnew1/lens/lens1/RAI0001_レイン_リリーラテ_1day_lens.jpg,https://raw.githubusercontent.com/y4m4usr/HL001-quiz-karacon-academia-new/e2cbacf2d8d24222662151e6c4ed3edab7444774/imagesnew1/lens/lens1/RAI0001_レイン_リリーラテ_1day_lens.jpg,NG,606574,0,decode/reencode failed
2025-10-02T21:06:52,imagesnew1/lens/lens1/RAI0002_レイン_アジサイ_1month_lens.jpg,https://raw.githubusercontent.com/y4m4usr/HL001-quiz-karacon-academia-new/e2cbacf2d8d24222662151e6c4ed3edab7444774/imagesnew1/lens/lens1/RAI0002_レイン_アジサイ_1month_lens.jpg,NG,606901,0,decode/reencode failed
2025-10-02T21:06:52,imagesnew1/lens/lens1/RAI0002_レイン_ドールグレー_1month_lens.jpg,https://raw.githubusercontent.com/y4m4usr/HL001-quiz-karacon-academia-new/e2cbacf2d8d24222662151e6c4ed3edab7444774/imagesnew1/lens/lens1/RAI0002_レイン_ドールグレー_1month_lens.jpg,NG,606430,0,decode/reencode failed
2025-10-02T21:06:52,imagesnew1/lens/lens1/RAI0002_レイン_ネモフィラ_1month_lens.jpg,https://raw.githubusercontent.com/y4m4usr/HL001-quiz-karacon-academia-new/e2cbacf2d8d24222662151e6c4ed3edab7444774/imagesnew1/lens/lens1/RAI0002_レイン_ネモフィラ_1month_lens.jpg,NG,606775,0,decode/reencode failed
2025-10-02T21:06:53,imagesnew1/lens/lens1/RE0001_レヴィア_シアーセーブル_1day_lens.jpg,https://raw.githubusercontent.com/y4m4usr/HL001-quiz-karacon-academia-new/e2cbacf2d8d24222662151e6c4ed3edab7444774/imagesnew1/lens/lens1/RE0001_レヴィア_シアーセーブル_1day_lens.jpg,NG,606739,0,decode/reencode failed
2025-10-02T21:06:53,imagesnew1/lens/lens1/RE0001_レヴィア_ステイミー_1day_lens.jpg,https://raw.githubusercontent.com/y4m4usr/HL001-quiz-karacon-academia-new/e2cbacf2d8d24222662151e6c4ed3edab7444774/imagesnew1/lens/lens1/RE0001_レヴィア_ステイミー_1day_lens.jpg,NG,606378,0,decode/reencode failed
2025-10-02T21:06:53,imagesnew1/lens/lens1/RE0001_レヴィア_ディアマリン_1day_lens.jpg,https://raw.githubusercontent.com/y4m4usr/HL001-quiz-karacon-academia-new/e2cbacf2d8d24222662151e6c4ed3edab7444774/imagesnew1/lens/lens1/RE0001_レヴィア_ディアマリン_1day_lens.jpg,NG,606359,0,decode/reencode failed
2025-10-02T21:06:54,imagesnew1/lens/lens1/RE0001_レヴィア_ハグミー_1day_lens.jpg,https://raw.githubusercontent.com/y4m4usr/HL001-quiz-karacon-academia-new/e2cbacf2d8d24222662151e6c4ed3edab7444774/imagesnew1/lens/lens1/RE0001_レヴィア_ハグミー_1day_lens.jpg,NG,606870,0,decode/reencode failed
2025-10-02T21:06:54,imagesnew1/lens/lens1/RE0001_レヴィア_ビアンカ_1day_lens.jpg,https://raw.githubusercontent.com/y4m4usr/HL001-quiz-karacon-academia-new/e2cbacf2d8d24222662151e6c4ed3edab7444774/imagesnew1/lens/lens1/RE0001_レヴィア_ビアンカ_1day_lens.jpg,NG,606673,0,decode/reencode failed
2025-10-02T21:06:54,imagesnew1/lens/lens1/RE0001_レヴィア_プライベート03_1day_lens.jpg,https://raw.githubusercontent.com/y4m4usr/HL001-quiz-karacon-academia-new/e2cbacf2d8d24222662151e6c4ed3edab7444774/imagesnew1/lens/lens1/RE0001_レヴィア_プライベート03_1day_lens.jpg,NG,606454,0,decode/reencode failed
2025-10-02T21:06:55,imagesnew1/lens/lens1/RE0001_レヴィア_ベイビーバニラ_1day_lens.jpg,https://raw.githubusercontent.com/y4m4usr/HL001-quiz-karacon-academia-new/e2cbacf2d8d24222662151e6c4ed3edab7444774/imagesnew1/lens/lens1/RE0001_レヴィア_ベイビーバニラ_1day_lens.jpg,NG,606542,0,decode/reencode failed
2025-10-02T21:06:55,imagesnew1/lens/lens1/RE0001_レヴィア_ヘイリー_1day_lens.jpg,https://raw.githubusercontent.com/y4m4usr/HL001-quiz-karacon-academia-new/e2cbacf2d8d24222662151e6c4ed3edab7444774/imagesnew1/lens/lens1/RE0001_レヴィア_ヘイリー_1day_lens.jpg,NG,606925,0,decode/reencode failed
2025-10-02T21:06:55,imagesnew1/lens/lens1/RE0001_レヴィア_ペールミラージュ_1day_lens.jpg,https://raw.githubusercontent.com/y4m4usr/HL001-quiz-karacon-academia-new/e2cbacf2d8d24222662151e6c4ed3edab7444774/imagesnew1/lens/lens1/RE0001_レヴィア_ペールミラージュ_1day_lens.jpg,NG,606558,0,decode/reencode failed
2025-10-02T21:06:56,imagesnew1/lens/lens1/RE0001_レヴィア_ミストアイリス_1day_lens.jpg,https://raw.githubusercontent.com/y4m4usr/HL001-quiz-karacon-academia-new/e2cbacf2d8d24222662151e6c4ed3edab7444774/imagesnew1/lens/lens1/RE0001_レヴィア_ミストアイリス_1day_lens.jpg,NG,606501,0,decode/reencode failed
2025-10-02T21:06:56,imagesnew1/lens/lens1/RE0001_レヴィア_メルティベア_1day_lens.jpg,https://raw.githubusercontent.com/y4m4usr/HL001-quiz-karacon-academia-new/e2cbacf2d8d24222662151e6c4ed3edab7444774/imagesnew1/lens/lens1/RE0001_レヴィア_メルティベア_1day_lens.jpg,NG,606559,0,decode/reencode failed
2025-10-02T21:06:56,imagesnew1/lens/lens1/RE0001_レヴィア_ラスタージェム_1day_lens.jpg,https://raw.githubusercontent.com/y4m4usr/HL001-quiz-karacon-academia-new/e2cbacf2d8d24222662151e6c4ed3edab7444774/imagesnew1/lens/lens1/RE0001_レヴィア_ラスタージェム_1day_lens.jpg,NG,606692,0,decode/reencode failed
2025-10-02T21:06:57,imagesnew1/lens/lens1/RE0002_レヴィア_シャイブラウン_1day_lens.jpg,https://raw.githubusercontent.com/y4m4usr/HL001-quiz-karacon-academia-new/e2cbacf2d8d24222662151e6c4ed3edab7444774/imagesnew1/lens/lens1/RE0002_レヴィア_シャイブラウン_1day_lens.jpg,NG,606832,0,decode/reencode failed
2025-10-02T21:06:57,imagesnew1/lens/lens1/RE0002_レヴィア_ヌードブラウン_1day_lens.jpg,https://raw.githubusercontent.com/y4m4usr/HL001-quiz-karacon-academia-new/e2cbacf2d8d24222662151e6c4ed3edab7444774/imagesnew1/lens/lens1/RE0002_レヴィア_ヌードブラウン_1day_lens.jpg,NG,606376,0,decode/reencode failed
2025-10-02T21:06:57,imagesnew1/lens/lens1/RE0002_レヴィア_ブラウン_1day_lens.jpg,https://raw.githubusercontent.com/y4m4usr/HL001-quiz-karacon-academia-new/e2cbacf2d8d24222662151e6c4ed3edab7444774/imagesnew1/lens/lens1/RE0002_レヴィア_ブラウン_1day_lens.jpg,NG,606640,0,decode/reencode failed
2025-10-02T21:06:57,imagesnew1/lens/lens1/RE0002_レヴィア_ブラック_1day_lens.jpg,https://raw.githubusercontent.com/y4m4usr/HL001-quiz-karacon-academia-new/e2cbacf2d8d24222662151e6c4ed3edab7444774/imagesnew1/lens/lens1/RE0002_レヴィア_ブラック_1day_lens.jpg,NG,606573,0,decode/reencode failed
2025-10-02T21:06:58,imagesnew1/lens/lens1/RE0002_レヴィア_ムースブラウン_1day_lens.jpg,https://raw.githubusercontent.com/y4m4usr/HL001-quiz-karacon-academia-new/e2cbacf2d8d24222662151e6c4ed3edab7444774/imagesnew1/lens/lens1/RE0002_レヴィア_ムースブラウン_1day_lens.jpg,NG,606932,0,decode/reencode failed
2025-10-02T21:06:58,imagesnew1/lens/lens1/RE0008_レヴィア_シアーセーブル_1month_lens.jpg,https://raw.githubusercontent.com/y4m4usr/HL001-quiz-karacon-academia-new/e2cbacf2d8d24222662151e6c4ed3edab7444774/imagesnew1/lens/lens1/RE0008_レヴィア_シアーセーブル_1month_lens.jpg,NG,606763,0,decode/reencode failed
2025-10-02T21:06:58,imagesnew1/lens/lens1/RE0008_レヴィア_ステイミー_1month_lens.jpg,https://raw.githubusercontent.com/y4m4usr/HL001-quiz-karacon-academia-new/e2cbacf2d8d24222662151e6c4ed3edab7444774/imagesnew1/lens/lens1/RE0008_レヴィア_ステイミー_1month_lens.jpg,NG,606725,0,decode/reencode failed
2025-10-02T21:06:59,imagesnew1/lens/lens1/RE0008_レヴィア_ハグミー_1month_lens.jpg,https://raw.githubusercontent.com/y4m4usr/HL001-quiz-karacon-academia-new/e2cbacf2d8d24222662151e6c4ed3edab7444774/imagesnew1/lens/lens1/RE0008_レヴィア_ハグミー_1month_lens.jpg,NG,606595,0,decode/reencode failed
2025-10-02T21:06:59,imagesnew1/lens/lens1/RE0008_レヴィア_ビアンカ_1month_lens.jpg,https://raw.githubusercontent.com/y4m4usr/HL001-quiz-karacon-academia-new/e2cbacf2d8d24222662151e6c4ed3edab7444774/imagesnew1/lens/lens1/RE0008_レヴィア_ビアンカ_1month_lens.jpg,NG,606896,0,decode/reencode failed
2025-10-02T21:06:59,imagesnew1/lens/lens1/RE0008_レヴィア_ヘイリー_1month_lens.jpg,https://raw.githubusercontent.com/y4m4usr/HL001-quiz-karacon-academia-new/e2cbacf2d8d24222662151e6c4ed3edab7444774/imagesnew1/lens/lens1/RE0008_レヴィア_ヘイリー_1month_lens.jpg,NG,606969,0,decode/reencode failed
2025-10-02T21:07:00,imagesnew1/lens/lens1/RE0008_レヴィア_ミストアイリス_1month_lens.jpg,https://raw.githubusercontent.com/y4m4usr/HL001-quiz-karacon-academia-new/e2cbacf2d8d24222662151e6c4ed3edab7444774/imagesnew1/lens/lens1/RE0008_レヴィア_ミストアイリス_1month_lens.jpg,NG,607761,0,decode/reencode failed
2025-10-02T21:07:00,imagesnew1/lens/lens1/RE0008_レヴィア_メルティベア_1month_lens.jpg,https://raw.githubusercontent.com/y4m4usr/HL001-quiz-karacon-academia-new/e2cbacf2d8d24222662151e6c4ed3edab7444774/imagesnew1/lens/lens1/RE0008_レヴィア_メルティベア_1month_lens.jpg,NG,607894,0,decode/reencode failed
2025-10-02T21:07:00,imagesnew1/lens/lens1/RE0008_レヴィア_ラスタージェム_1month_lens.jpg,https://raw.githubusercontent.com/y4m4usr/HL001-quiz-karacon-academia-new/e2cbacf2d8d24222662151e6c4ed3edab7444774/imagesnew1/lens/lens1/RE0008_レヴィア_ラスタージェム_1month_lens.jpg,NG,606483,0,decode/reencode failed
2025-10-02T21:07:01,imagesnew1/lens/lens1/RE0010_レヴィア_ブラウン_1month_lens.jpg,https://raw.githubusercontent.com/y4m4usr/HL001-quiz-karacon-academia-new/e2cbacf2d8d24222662151e6c4ed3edab7444774/imagesnew1/lens/lens1/RE0010_レヴィア_ブラウン_1month_lens.jpg,NG,606796,0,decode/reencode failed
2025-10-02T21:07:01,imagesnew1/lens/lens1/RE0010_レヴィア_ブラック_1month_lens.jpg,https://raw.githubusercontent.com/y4m4usr/HL001-quiz-karacon-academia-new/e2cbacf2d8d24222662151e6c4ed3edab7444774/imagesnew1/lens/lens1/RE0010_レヴィア_ブラック_1month_lens.jpg,NG,606857,0,decode/reencode failed
2025-10-02T21:07:01,imagesnew1/lens/lens1/RE0010_レヴィア_ムースブラウン_1month_lens.jpg,https://raw.githubusercontent.com/y4m4usr/HL001-quiz-karacon-academia-new/e2cbacf2d8d24222662151e6c4ed3edab7444774/imagesnew1/lens/lens1/RE0010_レヴィア_ムースブラウン_1month_lens.jpg,NG,606908,0,decode/reencode failed
2025-10-02T21:07:02,imagesnew1/lens/lens1/RE0014_レヴィア_スリークバリア_1day_lens.jpg,https://raw.githubusercontent.com/y4m4usr/HL001-quiz-karacon-academia-new/e2cbacf2d8d24222662151e6c4ed3edab7444774/imagesnew1/lens/lens1/RE0014_レヴィア_スリークバリア_1day_lens.jpg,NG,606406,0,decode/reencode failed
2025-10-02T21:07:02,imagesnew1/lens/lens1/RE0014_レヴィア_ピュアバリア_1day_lens.jpg,https://raw.githubusercontent.com/y4m4usr/HL001-quiz-karacon-academia-new/e2cbacf2d8d24222662151e6c4ed3edab7444774/imagesnew1/lens/lens1/RE0014_レヴィア_ピュアバリア_1day_lens.jpg,NG,606870,0,decode/reencode failed
2025-10-02T21:07:02,imagesnew1/lens/lens1/RE0014_レヴィア_フレアバリア_1day_lens.jpg,https://raw.githubusercontent.com/y4m4usr/HL001-quiz-karacon-academia-new/e2cbacf2d8d24222662151e6c4ed3edab7444774/imagesnew1/lens/lens1/RE0014_レヴィア_フレアバリア_1day_lens.jpg,NG,606585,0,decode/reencode failed
2025-10-02T21:07:03,imagesnew1/lens/lens1/RE0014_レヴィア_ベーシックバリア_1day_lens.jpg,https://raw.githubusercontent.com/y4m4usr/HL001-quiz-karacon-academia-new/e2cbacf2d8d24222662151e6c4ed3edab7444774/imagesnew1/lens/lens1/RE0014_レヴィア_ベーシックバリア_1day_lens.jpg,NG,606760,0,decode/reencode failed
2025-10-02T21:07:03,imagesnew1/lens/lens1/RFL0001_レフィネライト_アリスクラウディ_1day_lens.jpg,https://raw.githubusercontent.com/y4m4usr/HL001-quiz-karacon-academia-new/e2cbacf2d8d24222662151e6c4ed3edab7444774/imagesnew1/lens/lens1/RFL0001_レフィネライト_アリスクラウディ_1day_lens.jpg,NG,606645,0,decode/reencode failed
2025-10-02T21:07:03,imagesnew1/lens/lens1/RFL0001_レフィネライト_クリムゾンルビー_1day_lens.jpg,https://raw.githubusercontent.com/y4m4usr/HL001-quiz-karacon-academia-new/e2cbacf2d8d24222662151e6c4ed3edab7444774/imagesnew1/lens/lens1/RFL0001_レフィネライト_クリムゾンルビー_1day_lens.jpg,NG,606651,0,decode/reencode failed
2025-10-02T21:07:04,imagesnew1/lens/lens1/RFL0001_レフィネライト_シトラスクォーツ_1day_lens.jpg,https://raw.githubusercontent.com/y4m4usr/HL001-quiz-karacon-academia-new/e2cbacf2d8d24222662151e6c4ed3edab7444774/imagesnew1/lens/lens1/RFL0001_レフィネライト_シトラスクォーツ_1day_lens.jpg,NG,606246,0,decode/reencode failed
2025-10-02T21:07:04,imagesnew1/lens/lens1/RFL0001_レフィネライト_バイオレットラピス_1day_lens.jpg,https://raw.githubusercontent.com/y4m4usr/HL001-quiz-karacon-academia-new/e2cbacf2d8d24222662151e6c4ed3edab7444774/imagesnew1/lens/lens1/RFL0001_レフィネライト_バイオレットラピス_1day_lens.jpg,NG,606731,0,decode/reencode failed
2025-10-02T21:07:04,imagesnew1/lens/lens1/RFL0001_レフィネライト_ヨーロピアンアクア_1day_lens.jpg,https://raw.githubusercontent.com/y4m4usr/HL001-quiz-karacon-academia-new/e2cbacf2d8d24222662151e6c4ed3edab7444774/imagesnew1/lens/lens1/RFL0001_レフィネライト_ヨーロピアンアクア_1day_lens.jpg,NG,606481,0,decode/reencode failed
2025-10-02T21:07:05,imagesnew1/lens/lens1/RFL0001_レフィネライト_ラズベリームーン_1day_lens.jpg,https://raw.githubusercontent.com/y4m4usr/HL001-quiz-karacon-academia-new/e2cbacf2d8d24222662151e6c4ed3edab7444774/imagesnew1/lens/lens1/RFL0001_レフィネライト_ラズベリームーン_1day_lens.jpg,NG,607068,0,decode/reencode failed
2025-10-02T21:07:05,imagesnew1/lens/lens1/RFL0001_レフィネライト_ルシエルエメラルド_1day_lens.jpg,https://raw.githubusercontent.com/y4m4usr/HL001-quiz-karacon-academia-new/e2cbacf2d8d24222662151e6c4ed3edab7444774/imagesnew1/lens/lens1/RFL0001_レフィネライト_ルシエルエメラルド_1day_lens.jpg,NG,606739,0,decode/reencode failed
2025-10-02T21:07:05,imagesnew1/lens/lens1/STFM0001_フランミー_アールグレイパフェ_1day_lens.jpg,https://raw.githubusercontent.com/y4m4usr/HL001-quiz-karacon-academia-new/e2cbacf2d8d24222662151e6c4ed3edab7444774/imagesnew1/lens/lens1/STFM0001_フランミー_アールグレイパフェ_1day_lens.jpg,NG,606681,0,decode/reencode failed
2025-10-02T21:07:05,imagesnew1/lens/lens1/STFM0001_フランミー_カカオワッフル_1day_lens.jpg,https://raw.githubusercontent.com/y4m4usr/HL001-quiz-karacon-academia-new/e2cbacf2d8d24222662151e6c4ed3edab7444774/imagesnew1/lens/lens1/STFM0001_フランミー_カカオワッフル_1day_lens.jpg,NG,606566,0,decode/reencode failed
2025-10-02T21:07:06,imagesnew1/lens/lens1/STFM0001_フランミー_きなこロール_1day_lens.jpg,https://raw.githubusercontent.com/y4m4usr/HL001-quiz-karacon-academia-new/e2cbacf2d8d24222662151e6c4ed3edab7444774/imagesnew1/lens/lens1/STFM0001_フランミー_きなこロール_1day_lens.jpg,NG,606632,0,decode/reencode failed
2025-10-02T21:07:06,imagesnew1/lens/lens1/STFM0001_フランミー_キャラメルパイ_1day_lens.jpg,https://raw.githubusercontent.com/y4m4usr/HL001-quiz-karacon-academia-new/e2cbacf2d8d24222662151e6c4ed3edab7444774/imagesnew1/lens/lens1/STFM0001_フランミー_キャラメルパイ_1day_lens.jpg,NG,606762,0,decode/reencode failed
2025-10-02T21:07:06,imagesnew1/lens/lens1/STFM0001_フランミー_クリームマカロン_1day_lens.jpg,https://raw.githubusercontent.com/y4m4usr/HL001-quiz-karacon-academia-new/e2cbacf2d8d24222662151e6c4ed3edab7444774/imagesnew1/lens/lens1/STFM0001_フランミー_クリームマカロン_1day_lens.jpg,NG,606735,0,decode/reencode failed
2025-10-02T21:07:07,imagesnew1/lens/lens1/STFM0001_フランミー_ゴマバーム_1day_lens.jpg,https://raw.githubusercontent.com/y4m4usr/HL001-quiz-karacon-academia-new/e2cbacf2d8d24222662151e6c4ed3edab7444774/imagesnew1/lens/lens1/STFM0001_フランミー_ゴマバーム_1day_lens.jpg,NG,606946,0,decode/reencode failed
2025-10-02T21:07:07,imagesnew1/lens/lens1/STFM0001_フランミー_サクラロール_1day_lens.jpg,https://raw.githubusercontent.com/y4m4usr/HL001-quiz-karacon-academia-new/e2cbacf2d8d24222662151e6c4ed3edab7444774/imagesnew1/lens/lens1/STFM0001_フランミー_サクラロール_1day_lens.jpg,NG,607698,0,decode/reencode failed
2025-10-02T21:07:07,imagesnew1/lens/lens1/STFM0001_フランミー_ソルティーバニラ_1day_lens.jpg,https://raw.githubusercontent.com/y4m4usr/HL001-quiz-karacon-academia-new/e2cbacf2d8d24222662151e6c4ed3edab7444774/imagesnew1/lens/lens1/STFM0001_フランミー_ソルティーバニラ_1day_lens.jpg,NG,606401,0,decode/reencode failed
2025-10-02T21:07:08,imagesnew1/lens/lens1/STFM0001_フランミー_ダークモカ_1day_lens.jpg,https://raw.githubusercontent.com/y4m4usr/HL001-quiz-karacon-academia-new/e2cbacf2d8d24222662151e6c4ed3edab7444774/imagesnew1/lens/lens1/STFM0001_フランミー_ダークモカ_1day_lens.jpg,NG,606684,0,decode/reencode failed
2025-10-02T21:07:08,imagesnew1/lens/lens1/STFM0001_フランミー_チュールロゼ_1day_lens.jpg,https://raw.githubusercontent.com/y4m4usr/HL001-quiz-karacon-academia-new/e2cbacf2d8d24222662151e6c4ed3edab7444774/imagesnew1/lens/lens1/STFM0001_フランミー_チュールロゼ_1day_lens.jpg,NG,606511,0,decode/reencode failed
2025-10-02T21:07:08,imagesnew1/lens/lens1/STFM0001_フランミー_チョコタルト_1day_lens.jpg,https://raw.githubusercontent.com/y4m4usr/HL001-quiz-karacon-academia-new/e2cbacf2d8d24222662151e6c4ed3edab7444774/imagesnew1/lens/lens1/STFM0001_フランミー_チョコタルト_1day_lens.jpg,NG,606551,0,decode/reencode failed
2025-10-02T21:07:09,imagesnew1/lens/lens1/STFM0001_フランミー_ドーナツブラウン_1day_lens.jpg,https://raw.githubusercontent.com/y4m4usr/HL001-quiz-karacon-academia-new/e2cbacf2d8d24222662151e6c4ed3edab7444774/imagesnew1/lens/lens1/STFM0001_フランミー_ドーナツブラウン_1day_lens.jpg,NG,606865,0,decode/reencode failed
2025-10-02T21:07:09,imagesnew1/lens/lens1/STFM0001_フランミー_バターファッジ_1day_lens.jpg,https://raw.githubusercontent.com/y4m4usr/HL001-quiz-karacon-academia-new/e2cbacf2d8d24222662151e6c4ed3edab7444774/imagesnew1/lens/lens1/STFM0001_フランミー_バターファッジ_1day_lens.jpg,NG,607011,0,decode/reencode failed
2025-10-02T21:07:09,imagesnew1/lens/lens1/STFM0001_フランミー_ハニートースト_1day_lens.jpg,https://raw.githubusercontent.com/y4m4usr/HL001-quiz-karacon-academia-new/e2cbacf2d8d24222662151e6c4ed3edab7444774/imagesnew1/lens/lens1/STFM0001_フランミー_ハニートースト_1day_lens.jpg,NG,607985,0,decode/reencode failed
2025-10-02T21:07:10,imagesnew1/lens/lens1/STFM0001_フランミー_フラワームーン_1day_lens.jpg,https://raw.githubusercontent.com/y4m4usr/HL001-quiz-karacon-academia-new/e2cbacf2d8d24222662151e6c4ed3edab7444774/imagesnew1/lens/lens1/STFM0001_フランミー_フラワームーン_1day_lens.jpg,NG,606753,0,decode/reencode failed
2025-10-02T21:07:10,imagesnew1/lens/lens1/STFM0001_フランミー_ホウジチャバーム_1day_lens.jpg,https://raw.githubusercontent.com/y4m4usr/HL001-quiz-karacon-academia-new/e2cbacf2d8d24222662151e6c4ed3edab7444774/imagesnew1/lens/lens1/STFM0001_フランミー_ホウジチャバーム_1day_lens.jpg,NG,606554,0,decode/reencode failed
2025-10-02T21:07:10,imagesnew1/lens/lens1/STFM0001_フランミー_マッチャタルト_1day_lens.jpg,https://raw.githubusercontent.com/y4m4usr/HL001-quiz-karacon-academia-new/e2cbacf2d8d24222662151e6c4ed3edab7444774/imagesnew1/lens/lens1/STFM0001_フランミー_マッチャタルト_1day_lens.jpg,NG,606649,0,decode/reencode failed
2025-10-02T21:07:11,imagesnew1/lens/lens1/STFM0001_フランミー_ミルクプリン_1day_lens.jpg,https://raw.githubusercontent.com/y4m4usr/HL001-quiz-karacon-academia-new/e2cbacf2d8d24222662151e6c4ed3edab7444774/imagesnew1/lens/lens1/STFM0001_フランミー_ミルクプリン_1day_lens.jpg,NG,606942,0,decode/reencode failed
2025-10-02T21:07:11,imagesnew1/lens/lens1/STFM0001_フランミー_メープルシフォン_1day_lens.jpg,https://raw.githubusercontent.com/y4m4usr/HL001-quiz-karacon-academia-new/e2cbacf2d8d24222662151e6c4ed3edab7444774/imagesnew1/lens/lens1/STFM0001_フランミー_メープルシフォン_1day_lens.jpg,NG,606941,0,decode/reencode failed
2025-10-02T21:07:11,imagesnew1/lens/lens1/TP0001_トパーズ_ガーネット_1day_lens.jpg,https://raw.githubusercontent.com/y4m4usr/HL001-quiz-karacon-academia-new/e2cbacf2d8d24222662151e6c4ed3edab7444774/imagesnew1/lens/lens1/TP0001_トパーズ_ガーネット_1day_lens.jpg,NG,606346,0,decode/reencode failed
2025-10-02T21:07:12,imagesnew1/lens/lens1/TP0001_トパーズ_クリームローズ_1day_lens.jpg,https://raw.githubusercontent.com/y4m4usr/HL001-quiz-karacon-academia-new/e2cbacf2d8d24222662151e6c4ed3edab7444774/imagesnew1/lens/lens1/TP0001_トパーズ_クリームローズ_1day_lens.jpg,NG,606625,0,decode/reencode failed
2025-10-02T21:07:12,imagesnew1/lens/lens1/TP0001_トパーズ_クリスタルブルーム_1day_lens.jpg,https://raw.githubusercontent.com/y4m4usr/HL001-quiz-karacon-academia-new/e2cbacf2d8d24222662151e6c4ed3edab7444774/imagesnew1/lens/lens1/TP0001_トパーズ_クリスタルブルーム_1day_lens.jpg,NG,606781,0,decode/reencode failed
2025-10-02T21:07:12,imagesnew1/lens/lens1/TP0001_トパーズ_グレージュクォーツ_1day_lens.jpg,https://raw.githubusercontent.com/y4m4usr/HL001-quiz-karacon-academia-new/e2cbacf2d8d24222662151e6c4ed3edab7444774/imagesnew1/lens/lens1/TP0001_トパーズ_グレージュクォーツ_1day_lens.jpg,NG,606519,0,decode/reencode failed
2025-10-02T21:07:13,imagesnew1/lens/lens1/TP0001_トパーズ_グローブラウン_1day_lens.jpg,https://raw.githubusercontent.com/y4m4usr/HL001-quiz-karacon-academia-new/e2cbacf2d8d24222662151e6c4ed3edab7444774/imagesnew1/lens/lens1/TP0001_トパーズ_グローブラウン_1day_lens.jpg,NG,606577,0,decode/reencode failed
2025-10-02T21:07:13,imagesnew1/lens/lens1/TP0001_トパーズ_ストロベリークォーツ_1day_lens.jpg,https://raw.githubusercontent.com/y4m4usr/HL001-quiz-karacon-academia-new/e2cbacf2d8d24222662151e6c4ed3edab7444774/imagesnew1/lens/lens1/TP0001_トパーズ_ストロベリークォーツ_1day_lens.jpg,NG,607150,0,decode/reencode failed
2025-10-02T21:07:13,imagesnew1/lens/lens1/TP0001_トパーズ_デートトパーズ_1day_lens.jpg,https://raw.githubusercontent.com/y4m4usr/HL001-quiz-karacon-academia-new/e2cbacf2d8d24222662151e6c4ed3edab7444774/imagesnew1/lens/lens1/TP0001_トパーズ_デートトパーズ_1day_lens.jpg,NG,606846,0,decode/reencode failed
2025-10-02T21:07:13,imagesnew1/lens/lens1/TP0002_トパーズ_オパール_1day_lens.jpg,https://raw.githubusercontent.com/y4m4usr/HL001-quiz-karacon-academia-new/e2cbacf2d8d24222662151e6c4ed3edab7444774/imagesnew1/lens/lens1/TP0002_トパーズ_オパール_1day_lens.jpg,NG,606395,0,decode/reencode failed
2025-10-02T21:07:14,imagesnew1/lens/lens1/TP0002_トパーズ_キャットパール_1day_lens.jpg,https://raw.githubusercontent.com/y4m4usr/HL001-quiz-karacon-academia-new/e2cbacf2d8d24222662151e6c4ed3edab7444774/imagesnew1/lens/lens1/TP0002_トパーズ_キャットパール_1day_lens.jpg,NG,606694,0,decode/reencode failed
2025-10-02T21:07:14,imagesnew1/lens/lens1/TP0002_トパーズ_ココトパーズ_1day_lens.jpg,https://raw.githubusercontent.com/y4m4usr/HL001-quiz-karacon-academia-new/e2cbacf2d8d24222662151e6c4ed3edab7444774/imagesnew1/lens/lens1/TP0002_トパーズ_ココトパーズ_1day_lens.jpg,NG,606693,0,decode/reencode failed
2025-10-02T21:07:14,imagesnew1/lens/lens1/TP0002_トパーズ_ベイビーエスプレッソ_1day_lens.jpg,https://raw.githubusercontent.com/y4m4usr/HL001-quiz-karacon-academia-new/e2cbacf2d8d24222662151e6c4ed3edab7444774/imagesnew1/lens/lens1/TP0002_トパーズ_ベイビーエスプレッソ_1day_lens.jpg,NG,606569,0,decode/reencode failed
2025-10-02T21:07:15,imagesnew1/lens/lens1/TP0002_トパーズ_ムーンメルトブラウン_1day_lens.jpg,https://raw.githubusercontent.com/y4m4usr/HL001-quiz-karacon-academia-new/e2cbacf2d8d24222662151e6c4ed3edab7444774/imagesnew1/lens/lens1/TP0002_トパーズ_ムーンメルトブラウン_1day_lens.jpg,NG,607590,0,decode/reencode failed
2025-10-02T21:07:15,imagesnew1/lens/lens1/TP0002_トパーズ_モカリング_1day_lens.jpg,https://raw.githubusercontent.com/y4m4usr/HL001-quiz-karacon-academia-new/e2cbacf2d8d24222662151e6c4ed3edab7444774/imagesnew1/lens/lens1/TP0002_トパーズ_モカリング_1day_lens.jpg,NG,606496,0,decode/reencode failed
2025-10-02T21:07:15,imagesnew1/lens/lens1/TP0002_トパーズ_ラテパール_1day_lens.jpg,https://raw.githubusercontent.com/y4m4usr/HL001-quiz-karacon-academia-new/e2cbacf2d8d24222662151e6c4ed3edab7444774/imagesnew1/lens/lens1/TP0002_トパーズ_ラテパール_1day_lens.jpg,NG,606443,0,decode/reencode failed
2025-10-02T21:07:16,imagesnew1/lens/lens1/TP0003_トパーズ トーリック_オパール CYL-0.75_1day_lens.jpg,https://raw.githubusercontent.com/y4m4usr/HL001-quiz-karacon-academia-new/e2cbacf2d8d24222662151e6c4ed3edab7444774/imagesnew1/lens/lens1/TP0003_トパーズ トーリック_オパール CYL-0.75_1day_lens.jpg,NG,606590,0,decode/reencode failed
2025-10-02T21:07:16,imagesnew1/lens/lens1/TP0003_トパーズ トーリック_ストロベリークォーツ CYL-0.75_1day_lens.jpg,https://raw.githubusercontent.com/y4m4usr/HL001-quiz-karacon-academia-new/e2cbacf2d8d24222662151e6c4ed3edab7444774/imagesnew1/lens/lens1/TP0003_トパーズ トーリック_ストロベリークォーツ CYL-0.75_1day_lens.jpg,NG,606600,0,decode/reencode failed
2025-10-02T21:07:16,imagesnew1/lens/lens1/TP0003_トパーズ トーリック_デートトパーズ CYL-0.75_1day_lens.jpg,https://raw.githubusercontent.com/y4m4usr/HL001-quiz-karacon-academia-new/e2cbacf2d8d24222662151e6c4ed3edab7444774/imagesnew1/lens/lens1/TP0003_トパーズ トーリック_デートトパーズ CYL-0.75_1day_lens.jpg,NG,606445,0,decode/reencode failed
2025-10-02T21:07:16,imagesnew1/lens/lens1/TP0004_トパーズ トーリック_オパール CYL-1.25_1day_lens.jpg,https://raw.githubusercontent.com/y4m4usr/HL001-quiz-karacon-academia-new/e2cbacf2d8d24222662151e6c4ed3edab7444774/imagesnew1/lens/lens1/TP0004_トパーズ トーリック_オパール CYL-1.25_1day_lens.jpg,NG,606531,0,decode/reencode failed
2025-10-02T21:07:17,imagesnew1/lens/lens1/TP0004_トパーズ トーリック_ストロベリークォーツ CYL-1.25_1day_lens.jpg,https://raw.githubusercontent.com/y4m4usr/HL001-quiz-karacon-academia-new/e2cbacf2d8d24222662151e6c4ed3edab7444774/imagesnew1/lens/lens1/TP0004_トパーズ トーリック_ストロベリークォーツ CYL-1.25_1day_lens.jpg,NG,606513,0,decode/reencode failed
2025-10-02T21:07:17,imagesnew1/lens/lens1/TP0004_トパーズ トーリック_デートトパーズ CYL-1.25_1day_lens.jpg,https://raw.githubusercontent.com/y4m4usr/HL001-quiz-karacon-academia-new/e2cbacf2d8d24222662151e6c4ed3edab7444774/imagesnew1/lens/lens1/TP0004_トパーズ トーリック_デートトパーズ CYL-1.25_1day_lens.jpg,NG,606366,0,decode/reencode failed
2025-10-02T21:07:17,imagesnew1/lens/lens1/TP0005_トパーズ_ガーネット_1month_lens.jpg,https://raw.githubusercontent.com/y4m4usr/HL001-quiz-karacon-academia-new/e2cbacf2d8d24222662151e6c4ed3edab7444774/imagesnew1/lens/lens1/TP0005_トパーズ_ガーネット_1month_lens.jpg,NG,606826,0,decode/reencode failed
2025-10-02T21:07:18,imagesnew1/lens/lens1/TP0005_トパーズ_クリームローズ_1month_lens.jpg,https://raw.githubusercontent.com/y4m4usr/HL001-quiz-karacon-academia-new/e2cbacf2d8d24222662151e6c4ed3edab7444774/imagesnew1/lens/lens1/TP0005_トパーズ_クリームローズ_1month_lens.jpg,NG,606441,0,decode/reencode failed
2025-10-02T21:07:18,imagesnew1/lens/lens1/TP0005_トパーズ_ストロベリークォーツ_1month_lens.jpg,https://raw.githubusercontent.com/y4m4usr/HL001-quiz-karacon-academia-new/e2cbacf2d8d24222662151e6c4ed3edab7444774/imagesnew1/lens/lens1/TP0005_トパーズ_ストロベリークォーツ_1month_lens.jpg,NG,606744,0,decode/reencode failed
2025-10-02T21:07:18,imagesnew1/lens/lens1/TP0005_トパーズ_デートトパーズ_1month_lens.jpg,https://raw.githubusercontent.com/y4m4usr/HL001-quiz-karacon-academia-new/e2cbacf2d8d24222662151e6c4ed3edab7444774/imagesnew1/lens/lens1/TP0005_トパーズ_デートトパーズ_1month_lens.jpg,NG,606480,0,decode/reencode failed
2025-10-02T21:07:19,imagesnew1/lens/lens1/TP0006_トパーズ_ベイビーエスプレッソ_1month_lens.jpg,https://raw.githubusercontent.com/y4m4usr/HL001-quiz-karacon-academia-new/e2cbacf2d8d24222662151e6c4ed3edab7444774/imagesnew1/lens/lens1/TP0006_トパーズ_ベイビーエスプレッソ_1month_lens.jpg,NG,606689,0,decode/reencode failed
2025-10-02T21:07:19,imagesnew1/lens/lens1/TP0006_トパーズ_モカリング_1month_lens.jpg,https://raw.githubusercontent.com/y4m4usr/HL001-quiz-karacon-academia-new/e2cbacf2d8d24222662151e6c4ed3edab7444774/imagesnew1/lens/lens1/TP0006_トパーズ_モカリング_1month_lens.jpg,NG,607005,0,decode/reencode failed
2025-10-02T21:07:19,imagesnew1/lens/lens1/TRC0001_トリコニナル_ゾッコンブラウン_1day_lens.jpg,https://raw.githubusercontent.com/y4m4usr/HL001-quiz-karacon-academia-new/e2cbacf2d8d24222662151e6c4ed3edab7444774/imagesnew1/lens/lens1/TRC0001_トリコニナル_ゾッコンブラウン_1day_lens.jpg,NG,606955,0,decode/reencode failed
2025-10-02T21:07:20,imagesnew1/lens/lens1/TRC0001_トリコニナル_トリコグレー_1day_lens.jpg,https://raw.githubusercontent.com/y4m4usr/HL001-quiz-karacon-academia-new/e2cbacf2d8d24222662151e6c4ed3edab7444774/imagesnew1/lens/lens1/TRC0001_トリコニナル_トリコグレー_1day_lens.jpg,NG,606299,0,decode/reencode failed
2025-10-02T21:07:20,imagesnew1/lens/lens1/TRC0001_トリコニナル_トリコベージュ_1day_lens.jpg,https://raw.githubusercontent.com/y4m4usr/HL001-quiz-karacon-academia-new/e2cbacf2d8d24222662151e6c4ed3edab7444774/imagesnew1/lens/lens1/TRC0001_トリコニナル_トリコベージュ_1day_lens.jpg,NG,606750,0,decode/reencode failed
2025-10-02T21:07:20,imagesnew1/lens/lens1/TRC0001_トリコニナル_メロメロブラウン_1day_lens.jpg,https://raw.githubusercontent.com/y4m4usr/HL001-quiz-karacon-academia-new/e2cbacf2d8d24222662151e6c4ed3edab7444774/imagesnew1/lens/lens1/TRC0001_トリコニナル_メロメロブラウン_1day_lens.jpg,NG,606641,0,decode/reencode failed
2025-10-02T21:07:20,imagesnew1/lens/lens1/TRC0001_トリコニナル_溺愛グレー_1day_lens.jpg,https://raw.githubusercontent.com/y4m4usr/HL001-quiz-karacon-academia-new/e2cbacf2d8d24222662151e6c4ed3edab7444774/imagesnew1/lens/lens1/TRC0001_トリコニナル_溺愛グレー_1day_lens.jpg,NG,606533,0,decode/reencode failed
2025-10-02T21:07:21,imagesnew1/lens/lens1/TRC0001_トリコニナル_溺愛ベージュ_1day_lens.jpg,https://raw.githubusercontent.com/y4m4usr/HL001-quiz-karacon-academia-new/e2cbacf2d8d24222662151e6c4ed3edab7444774/imagesnew1/lens/lens1/TRC0001_トリコニナル_溺愛ベージュ_1day_lens.jpg,NG,606779,0,decode/reencode failed
2025-10-02T21:07:21,imagesnew1/lens/lens1/TT0001_とりーてぃー_ごまぷりん_1day_lens.jpg,https://raw.githubusercontent.com/y4m4usr/HL001-quiz-karacon-academia-new/e2cbacf2d8d24222662151e6c4ed3edab7444774/imagesnew1/lens/lens1/TT0001_とりーてぃー_ごまぷりん_1day_lens.jpg,NG,606875,0,decode/reencode failed
2025-10-02T21:07:21,imagesnew1/lens/lens1/TT0001_とりーてぃー_しめさば_1day_lens.jpg,https://raw.githubusercontent.com/y4m4usr/HL001-quiz-karacon-academia-new/e2cbacf2d8d24222662151e6c4ed3edab7444774/imagesnew1/lens/lens1/TT0001_とりーてぃー_しめさば_1day_lens.jpg,NG,606668,0,decode/reencode failed
2025-10-02T21:07:22,imagesnew1/lens/lens1/TT0001_とりーてぃー_たぴおか_1day_lens.jpg,https://raw.githubusercontent.com/y4m4usr/HL001-quiz-karacon-academia-new/e2cbacf2d8d24222662151e6c4ed3edab7444774/imagesnew1/lens/lens1/TT0001_とりーてぃー_たぴおか_1day_lens.jpg,NG,606822,0,decode/reencode failed
2025-10-02T21:07:22,imagesnew1/lens/lens1/TT0001_とりーてぃー_なまちょこ_1day_lens.jpg,https://raw.githubusercontent.com/y4m4usr/HL001-quiz-karacon-academia-new/e2cbacf2d8d24222662151e6c4ed3edab7444774/imagesnew1/lens/lens1/TT0001_とりーてぃー_なまちょこ_1day_lens.jpg,NG,606627,0,decode/reencode failed
2025-10-02T21:07:22,imagesnew1/lens/lens1/TT0001_とりーてぃー_にくじゃが_1day_lens.jpg,https://raw.githubusercontent.com/y4m4usr/HL001-quiz-karacon-academia-new/e2cbacf2d8d24222662151e6c4ed3edab7444774/imagesnew1/lens/lens1/TT0001_とりーてぃー_にくじゃが_1day_lens.jpg,NG,607109,0,decode/reencode failed
2025-10-02T21:07:23,imagesnew1/lens/lens1/TT0001_とりーてぃー_ばさし_1day_lens.jpg,https://raw.githubusercontent.com/y4m4usr/HL001-quiz-karacon-academia-new/e2cbacf2d8d24222662151e6c4ed3edab7444774/imagesnew1/lens/lens1/TT0001_とりーてぃー_ばさし_1day_lens.jpg,NG,606830,0,decode/reencode failed
2025-10-02T21:07:23,imagesnew1/lens/lens1/VC0002_ヴィクトリア_シルキーヴェール_1day_lens.jpg,https://raw.githubusercontent.com/y4m4usr/HL001-quiz-karacon-academia-new/e2cbacf2d8d24222662151e6c4ed3edab7444774/imagesnew1/lens/lens1/VC0002_ヴィクトリア_シルキーヴェール_1day_lens.jpg,NG,606620,0,decode/reencode failed
2025-10-02T21:07:23,imagesnew1/lens/lens1/VC0002_ヴィクトリア_ダスティグレー_1day_lens.jpg,https://raw.githubusercontent.com/y4m4usr/HL001-quiz-karacon-academia-new/e2cbacf2d8d24222662151e6c4ed3edab7444774/imagesnew1/lens/lens1/VC0002_ヴィクトリア_ダスティグレー_1day_lens.jpg,NG,606705,0,decode/reencode failed
2025-10-02T21:07:24,imagesnew1/lens/lens1/VC0002_ヴィクトリア_チョコレート_1day_lens.jpg,https://raw.githubusercontent.com/y4m4usr/HL001-quiz-karacon-academia-new/e2cbacf2d8d24222662151e6c4ed3edab7444774/imagesnew1/lens/lens1/VC0002_ヴィクトリア_チョコレート_1day_lens.jpg,NG,606565,0,decode/reencode failed
2025-10-02T21:07:24,imagesnew1/lens/lens1/VC0002_ヴィクトリア_ピュアトレンチ_1day_lens.jpg,https://raw.githubusercontent.com/y4m4usr/HL001-quiz-karacon-academia-new/e2cbacf2d8d24222662151e6c4ed3edab7444774/imagesnew1/lens/lens1/VC0002_ヴィクトリア_ピュアトレンチ_1day_lens.jpg,NG,606649,0,decode/reencode failed
2025-10-02T21:07:24,imagesnew1/lens/lens1/VC0002_ヴィクトリア_ブラウン_1day_lens.jpg,https://raw.githubusercontent.com/y4m4usr/HL001-quiz-karacon-academia-new/e2cbacf2d8d24222662151e6c4ed3edab7444774/imagesnew1/lens/lens1/VC0002_ヴィクトリア_ブラウン_1day_lens.jpg,NG,606898,0,decode/reencode failed
2025-10-02T21:07:25,imagesnew1/lens/lens1/VC0002_ヴィクトリア_ブラック_1day_lens.jpg,https://raw.githubusercontent.com/y4m4usr/HL001-quiz-karacon-academia-new/e2cbacf2d8d24222662151e6c4ed3edab7444774/imagesnew1/lens/lens1/VC0002_ヴィクトリア_ブラック_1day_lens.jpg,NG,606705,0,decode/reencode failed
2025-10-02T21:07:25,imagesnew1/lens/lens1/VC0002_ヴィクトリア_ベルベットモカ_1day_lens.jpg,https://raw.githubusercontent.com/y4m4usr/HL001-quiz-karacon-academia-new/e2cbacf2d8d24222662151e6c4ed3edab7444774/imagesnew1/lens/lens1/VC0002_ヴィクトリア_ベルベットモカ_1day_lens.jpg,NG,606662,0,decode/reencode failed
2025-10-02T21:07:25,imagesnew1/lens/lens1/VG0001_ビクトリアガーデン_チョコレートブラウン_1month_lens.jpg,https://raw.githubusercontent.com/y4m4usr/HL001-quiz-karacon-academia-new/e2cbacf2d8d24222662151e6c4ed3edab7444774/imagesnew1/lens/lens1/VG0001_ビクトリアガーデン_チョコレートブラウン_1month_lens.jpg,NG,606437,0,decode/reencode failed
2025-10-02T21:07:25,imagesnew1/lens/lens1/VG0001_ビクトリアガーデン_ヘーゼルクラッシュ_1month_lens.jpg,https://raw.githubusercontent.com/y4m4usr/HL001-quiz-karacon-academia-new/e2cbacf2d8d24222662151e6c4ed3edab7444774/imagesnew1/lens/lens1/VG0001_ビクトリアガーデン_ヘーゼルクラッシュ_1month_lens.jpg,NG,606839,0,decode/reencode failed
2025-10-02T21:07:26,imagesnew1/lens/lens1/VG0002_ビクトリアガーデン_スプライトグレー_1day_lens.jpg,https://raw.githubusercontent.com/y4m4usr/HL001-quiz-karacon-academia-new/e2cbacf2d8d24222662151e6c4ed3edab7444774/imagesnew1/lens/lens1/VG0002_ビクトリアガーデン_スプライトグレー_1day_lens.jpg,NG,606558,0,decode/reencode failed
2025-10-02T21:07:26,imagesnew1/lens/lens1/VG0002_ビクトリアガーデン_チーキーベア_1day_lens.jpg,https://raw.githubusercontent.com/y4m4usr/HL001-quiz-karacon-academia-new/e2cbacf2d8d24222662151e6c4ed3edab7444774/imagesnew1/lens/lens1/VG0002_ビクトリアガーデン_チーキーベア_1day_lens.jpg,NG,606603,0,decode/reencode failed
2025-10-02T21:07:26,imagesnew1/lens/lens1/VG0002_ビクトリアガーデン_ディップピンク_1day_lens.jpg,https://raw.githubusercontent.com/y4m4usr/HL001-quiz-karacon-academia-new/e2cbacf2d8d24222662151e6c4ed3edab7444774/imagesnew1/lens/lens1/VG0002_ビクトリアガーデン_ディップピンク_1day_lens.jpg,NG,606881,0,decode/reencode failed
2025-10-02T21:07:27,imagesnew1/lens/lens1/VG0002_ビクトリアガーデン_バニラベージュ_1day_lens.jpg,https://raw.githubusercontent.com/y4m4usr/HL001-quiz-karacon-academia-new/e2cbacf2d8d24222662151e6c4ed3edab7444774/imagesnew1/lens/lens1/VG0002_ビクトリアガーデン_バニラベージュ_1day_lens.jpg,NG,606622,0,decode/reencode failed
2025-10-02T21:07:27,imagesnew1/lens/lens1/VG0002_ビクトリアガーデン_ブレイジーグレー_1day_lens.jpg,https://raw.githubusercontent.com/y4m4usr/HL001-quiz-karacon-academia-new/e2cbacf2d8d24222662151e6c4ed3edab7444774/imagesnew1/lens/lens1/VG0002_ビクトリアガーデン_ブレイジーグレー_1day_lens.jpg,NG,606623,0,decode/reencode failed
2025-10-02T21:07:27,imagesnew1/lens/lens1/VG0002_ビクトリアガーデン_ブレイジーベージュ_1day_lens.jpg,https://raw.githubusercontent.com/y4m4usr/HL001-quiz-karacon-academia-new/e2cbacf2d8d24222662151e6c4ed3edab7444774/imagesnew1/lens/lens1/VG0002_ビクトリアガーデン_ブレイジーベージュ_1day_lens.jpg,NG,606564,0,decode/reencode failed
2025-10-02T21:07:28,imagesnew1/lens/lens1/VL0001_ヴィレジェ_インシャンパープル_1day_lens.jpg,https://raw.githubusercontent.com/y4m4usr/HL001-quiz-karacon-academia-new/e2cbacf2d8d24222662151e6c4ed3edab7444774/imagesnew1/lens/lens1/VL0001_ヴィレジェ_インシャンパープル_1day_lens.jpg,NG,606579,0,decode/reencode failed
2025-10-02T21:07:28,imagesnew1/lens/lens1/VL0001_ヴィレジェ_メイリーネイビー_1day_lens.jpg,https://raw.githubusercontent.com/y4m4usr/HL001-quiz-karacon-academia-new/e2cbacf2d8d24222662151e6c4ed3edab7444774/imagesnew1/lens/lens1/VL0001_ヴィレジェ_メイリーネイビー_1day_lens.jpg,NG,607938,0,decode/reencode failed
2025-10-02T21:07:28,imagesnew1/lens/lens1/VL0002_ヴィレジェ_アイニーピンク_1day_lens.jpg,https://raw.githubusercontent.com/y4m4usr/HL001-quiz-karacon-academia-new/e2cbacf2d8d24222662151e6c4ed3edab7444774/imagesnew1/lens/lens1/VL0002_ヴィレジェ_アイニーピンク_1day_lens.jpg,NG,606701,0,decode/reencode failed
2025-10-02T21:07:29,imagesnew1/lens/lens1/VL0002_ヴィレジェ_チークグレー_1day_lens.jpg,https://raw.githubusercontent.com/y4m4usr/HL001-quiz-karacon-academia-new/e2cbacf2d8d24222662151e6c4ed3edab7444774/imagesnew1/lens/lens1/VL0002_ヴィレジェ_チークグレー_1day_lens.jpg,NG,606558,0,decode/reencode failed
2025-10-02T21:07:29,imagesnew1/lens/lens1/VL0002_ヴィレジェ_トゥミングレージュ_1day_lens.jpg,https://raw.githubusercontent.com/y4m4usr/HL001-quiz-karacon-academia-new/e2cbacf2d8d24222662151e6c4ed3edab7444774/imagesnew1/lens/lens1/VL0002_ヴィレジェ_トゥミングレージュ_1day_lens.jpg,NG,606577,0,decode/reencode failed
2025-10-02T21:07:29,imagesnew1/lens/lens1/VL0002_ヴィレジェ_モウタンブラウン_1day_lens.jpg,https://raw.githubusercontent.com/y4m4usr/HL001-quiz-karacon-academia-new/e2cbacf2d8d24222662151e6c4ed3edab7444774/imagesnew1/lens/lens1/VL0002_ヴィレジェ_モウタンブラウン_1day_lens.jpg,NG,606770,0,decode/reencode failed
2025-10-02T21:07:29,imagesnew1/lens/lens1/VM0003_ビューム_レディショコラ_1day_lens.jpg,https://raw.githubusercontent.com/y4m4usr/HL001-quiz-karacon-academia-new/e2cbacf2d8d24222662151e6c4ed3edab7444774/imagesnew1/lens/lens1/VM0003_ビューム_レディショコラ_1day_lens.jpg,NG,606539,0,decode/reencode failed
2025-10-02T21:07:30,imagesnew1/lens/lens1/VM0003_ビューム_星屑キャンディー_1day_lens.jpg,https://raw.githubusercontent.com/y4m4usr/HL001-quiz-karacon-academia-new/e2cbacf2d8d24222662151e6c4ed3edab7444774/imagesnew1/lens/lens1/VM0003_ビューム_星屑キャンディー_1day_lens.jpg,NG,606818,0,decode/reencode failed
2025-10-02T21:07:30,imagesnew1/lens/lens1/VM0003_ビューム_淡雪うさぎ_1day_lens.jpg,https://raw.githubusercontent.com/y4m4usr/HL001-quiz-karacon-academia-new/e2cbacf2d8d24222662151e6c4ed3edab7444774/imagesnew1/lens/lens1/VM0003_ビューム_淡雪うさぎ_1day_lens.jpg,NG,606469,0,decode/reencode failed
2025-10-02T21:07:30,imagesnew1/lens/lens1/VM0003_ビューム_天使のなみだ_1day_lens.jpg,https://raw.githubusercontent.com/y4m4usr/HL001-quiz-karacon-academia-new/e2cbacf2d8d24222662151e6c4ed3edab7444774/imagesnew1/lens/lens1/VM0003_ビューム_天使のなみだ_1day_lens.jpg,NG,606849,0,decode/reencode failed
2025-10-02T21:07:31,imagesnew1/lens/lens1/VM0003_ビューム_満月パンケーキ_1day_lens.jpg,https://raw.githubusercontent.com/y4m4usr/HL001-quiz-karacon-academia-new/e2cbacf2d8d24222662151e6c4ed3edab7444774/imagesnew1/lens/lens1/VM0003_ビューム_満月パンケーキ_1day_lens.jpg,NG,606341,0,decode/reencode failed
2025-10-02T21:07:31,imagesnew1/lens/lens1/VV0001_ヴェルヴェティア_ブーケブラウン_1day_lens.jpg,https://raw.githubusercontent.com/y4m4usr/HL001-quiz-karacon-academia-new/e2cbacf2d8d24222662151e6c4ed3edab7444774/imagesnew1/lens/lens1/VV0001_ヴェルヴェティア_ブーケブラウン_1day_lens.jpg,NG,606605,0,decode/reencode failed
2025-10-02T21:07:31,imagesnew1/lens/lens1/VV0001_ヴェルヴェティア_ミストグレージュ_1day_lens.jpg,https://raw.githubusercontent.com/y4m4usr/HL001-quiz-karacon-academia-new/e2cbacf2d8d24222662151e6c4ed3edab7444774/imagesnew1/lens/lens1/VV0001_ヴェルヴェティア_ミストグレージュ_1day_lens.jpg,NG,606487,0,decode/reencode failed
2025-10-02T21:07:31,imagesnew1/lens/lens1/VV0001_ヴェルヴェティア_モカヴェール_1day_lens.jpg,https://raw.githubusercontent.com/y4m4usr/HL001-quiz-karacon-academia-new/e2cbacf2d8d24222662151e6c4ed3edab7444774/imagesnew1/lens/lens1/VV0001_ヴェルヴェティア_モカヴェール_1day_lens.jpg,NG,606573,0,decode/reencode failed
2025-10-02T21:07:32,imagesnew1/lens/lens1/VV0001_ヴェルヴェティア_ロゼフィルム_1day_lens.jpg,https://raw.githubusercontent.com/y4m4usr/HL001-quiz-karacon-academia-new/e2cbacf2d8d24222662151e6c4ed3edab7444774/imagesnew1/lens/lens1/VV0001_ヴェルヴェティア_ロゼフィルム_1day_lens.jpg,NG,607808,0,decode/reencode failed
2025-10-02T21:07:32,imagesnew1/lens/lens1/WN0001_ワナフ_クッショングロー_1day_lens.jpg,https://raw.githubusercontent.com/y4m4usr/HL001-quiz-karacon-academia-new/e2cbacf2d8d24222662151e6c4ed3edab7444774/imagesnew1/lens/lens1/WN0001_ワナフ_クッショングロー_1day_lens.jpg,NG,607208,0,decode/reencode failed
2025-10-02T21:07:32,imagesnew1/lens/lens1/WN0001_ワナフ_グラスミラー_1day_lens.jpg,https://raw.githubusercontent.com/y4m4usr/HL001-quiz-karacon-academia-new/e2cbacf2d8d24222662151e6c4ed3edab7444774/imagesnew1/lens/lens1/WN0001_ワナフ_グラスミラー_1day_lens.jpg,NG,606413,0,decode/reencode failed
2025-10-02T21:07:33,imagesnew1/lens/lens1/WN0001_ワナフ_シャイルージュ_1day_lens.jpg,https://raw.githubusercontent.com/y4m4usr/HL001-quiz-karacon-academia-new/e2cbacf2d8d24222662151e6c4ed3edab7444774/imagesnew1/lens/lens1/WN0001_ワナフ_シャイルージュ_1day_lens.jpg,NG,606449,0,decode/reencode failed
2025-10-02T21:07:33,imagesnew1/lens/lens1/WN0001_ワナフ_セレングロー_1day_lens.jpg,https://raw.githubusercontent.com/y4m4usr/HL001-quiz-karacon-academia-new/e2cbacf2d8d24222662151e6c4ed3edab7444774/imagesnew1/lens/lens1/WN0001_ワナフ_セレングロー_1day_lens.jpg,NG,606487,0,decode/reencode failed
2025-10-02T21:07:34,imagesnew1/samune/samune1/AEL0001_アイエクリプス_グレムーン_1day_samune.jpg,https://raw.githubusercontent.com/y4m4usr/HL001-quiz-karacon-academia-new/e2cbacf2d8d24222662151e6c4ed3edab7444774/imagesnew1/samune/samune1/AEL0001_アイエクリプス_グレムーン_1day_samune.jpg,NG,606909,0,decode/reencode failed
2025-10-02T21:07:34,imagesnew1/samune/samune1/AEL0001_アイエクリプス_ブルムーン_1day_samune.jpg,https://raw.githubusercontent.com/y4m4usr/HL001-quiz-karacon-academia-new/e2cbacf2d8d24222662151e6c4ed3edab7444774/imagesnew1/samune/samune1/AEL0001_アイエクリプス_ブルムーン_1day_samune.jpg,NG,606446,0,decode/reencode failed
2025-10-02T21:07:34,imagesnew1/samune/samune1/AEL0001_アイエクリプス_ライトムーン_1day_samune.jpg,https://raw.githubusercontent.com/y4m4usr/HL001-quiz-karacon-academia-new/e2cbacf2d8d24222662151e6c4ed3edab7444774/imagesnew1/samune/samune1/AEL0001_アイエクリプス_ライトムーン_1day_samune.jpg,NG,606181,0,decode/reencode failed
2025-10-02T21:07:35,imagesnew1/samune/samune1/AEL0002_アイエクリプス_サターン_1day_samune.jpg,https://raw.githubusercontent.com/y4m4usr/HL001-quiz-karacon-academia-new/e2cbacf2d8d24222662151e6c4ed3edab7444774/imagesnew1/samune/samune1/AEL0002_アイエクリプス_サターン_1day_samune.jpg,NG,606601,0,decode/reencode failed
2025-10-02T21:07:35,imagesnew1/samune/samune1/AEL0002_アイエクリプス_ブラムーン_1day_samune.jpg,https://raw.githubusercontent.com/y4m4usr/HL001-quiz-karacon-academia-new/e2cbacf2d8d24222662151e6c4ed3edab7444774/imagesnew1/samune/samune1/AEL0002_アイエクリプス_ブラムーン_1day_samune.jpg,NG,606611,0,decode/reencode failed
2025-10-02T21:07:35,imagesnew1/samune/samune1/AEL0003_アイエクリプス_グレムーン_1month_samune.jpg,https://raw.githubusercontent.com/y4m4usr/HL001-quiz-karacon-academia-new/e2cbacf2d8d24222662151e6c4ed3edab7444774/imagesnew1/samune/samune1/AEL0003_アイエクリプス_グレムーン_1month_samune.jpg,NG,606813,0,decode/reencode failed
2025-10-02T21:07:35,imagesnew1/samune/samune1/AG0003_バンビシリーズ_アーモンド_1day_samune.jpg,https://raw.githubusercontent.com/y4m4usr/HL001-quiz-karacon-academia-new/e2cbacf2d8d24222662151e6c4ed3edab7444774/imagesnew1/samune/samune1/AG0003_バンビシリーズ_アーモンド_1day_samune.jpg,NG,606821,0,decode/reencode failed
2025-10-02T21:07:36,imagesnew1/samune/samune1/AG0003_バンビシリーズ_カシスブラウン_1day_samune.jpg,https://raw.githubusercontent.com/y4m4usr/HL001-quiz-karacon-academia-new/e2cbacf2d8d24222662151e6c4ed3edab7444774/imagesnew1/samune/samune1/AG0003_バンビシリーズ_カシスブラウン_1day_samune.jpg,NG,606561,0,decode/reencode failed
2025-10-02T21:07:36,imagesnew1/samune/samune1/AG0003_バンビシリーズ_クリームピンク_1day_samune.jpg,https://raw.githubusercontent.com/y4m4usr/HL001-quiz-karacon-academia-new/e2cbacf2d8d24222662151e6c4ed3edab7444774/imagesnew1/samune/samune1/AG0003_バンビシリーズ_クリームピンク_1day_samune.jpg,NG,606446,0,decode/reencode failed
2025-10-02T21:07:36,imagesnew1/samune/samune1/AG0003_バンビシリーズ_ショコラ_1day_samune.jpg,https://raw.githubusercontent.com/y4m4usr/HL001-quiz-karacon-academia-new/e2cbacf2d8d24222662151e6c4ed3edab7444774/imagesnew1/samune/samune1/AG0003_バンビシリーズ_ショコラ_1day_samune.jpg,NG,608247,0,decode/reencode failed
2025-10-02T21:07:37,imagesnew1/samune/samune1/AG0003_バンビシリーズ_スワングレー_1day_samune.jpg,https://raw.githubusercontent.com/y4m4usr/HL001-quiz-karacon-academia-new/e2cbacf2d8d24222662151e6c4ed3edab7444774/imagesnew1/samune/samune1/AG0003_バンビシリーズ_スワングレー_1day_samune.jpg,NG,606717,0,decode/reencode failed
2025-10-02T21:07:37,imagesnew1/samune/samune1/AG0003_バンビシリーズ_スワンブルー_1day_samune.jpg,https://raw.githubusercontent.com/y4m4usr/HL001-quiz-karacon-academia-new/e2cbacf2d8d24222662151e6c4ed3edab7444774/imagesnew1/samune/samune1/AG0003_バンビシリーズ_スワンブルー_1day_samune.jpg,NG,606894,0,decode/reencode failed
2025-10-02T21:07:37,imagesnew1/samune/samune1/AG0003_バンビシリーズ_パールグレー_1day_samune.jpg,https://raw.githubusercontent.com/y4m4usr/HL001-quiz-karacon-academia-new/e2cbacf2d8d24222662151e6c4ed3edab7444774/imagesnew1/samune/samune1/AG0003_バンビシリーズ_パールグレー_1day_samune.jpg,NG,606723,0,decode/reencode failed
2025-10-02T21:07:38,imagesnew1/samune/samune1/AG0003_バンビシリーズ_ミルクベージュ_1day_samune.jpg,https://raw.githubusercontent.com/y4m4usr/HL001-quiz-karacon-academia-new/e2cbacf2d8d24222662151e6c4ed3edab7444774/imagesnew1/samune/samune1/AG0003_バンビシリーズ_ミルクベージュ_1day_samune.jpg,NG,606638,0,decode/reencode failed
2025-10-02T21:07:38,imagesnew1/samune/samune1/AG0003_バンビシリーズ_レモンヘーゼル_1day_samune.jpg,https://raw.githubusercontent.com/y4m4usr/HL001-quiz-karacon-academia-new/e2cbacf2d8d24222662151e6c4ed3edab7444774/imagesnew1/samune/samune1/AG0003_バンビシリーズ_レモンヘーゼル_1day_samune.jpg,NG,606845,0,decode/reencode failed
2025-10-02T21:07:39,imagesnew1/samune/samune1/AG0005_バンビシリーズ_アーモンド_1month_samune.jpg,https://raw.githubusercontent.com/y4m4usr/HL001-quiz-karacon-academia-new/e2cbacf2d8d24222662151e6c4ed3edab7444774/imagesnew1/samune/samune1/AG0005_バンビシリーズ_アーモンド_1month_samune.jpg,NG,606741,0,decode/reencode failed
2025-10-02T21:07:39,imagesnew1/samune/samune1/AG0005_バンビシリーズ_スワングレー_1month_samune.jpg,https://raw.githubusercontent.com/y4m4usr/HL001-quiz-karacon-academia-new/e2cbacf2d8d24222662151e6c4ed3edab7444774/imagesnew1/samune/samune1/AG0005_バンビシリーズ_スワングレー_1month_samune.jpg,NG,606858,0,decode/reencode failed
2025-10-02T21:07:39,imagesnew1/samune/samune1/AG0005_バンビシリーズ_スワンブルー_1month_samune.jpg,https://raw.githubusercontent.com/y4m4usr/HL001-quiz-karacon-academia-new/e2cbacf2d8d24222662151e6c4ed3edab7444774/imagesnew1/samune/samune1/AG0005_バンビシリーズ_スワンブルー_1month_samune.jpg,NG,606201,0,decode/reencode failed
2025-10-02T21:07:40,imagesnew1/samune/samune1/AG0007_バンビシリーズ_セサミムーン_1day_samune.jpg,https://raw.githubusercontent.com/y4m4usr/HL001-quiz-karacon-academia-new/e2cbacf2d8d24222662151e6c4ed3edab7444774/imagesnew1/samune/samune1/AG0007_バンビシリーズ_セサミムーン_1day_samune.jpg,NG,606714,0,decode/reencode failed
2025-10-02T21:07:40,imagesnew1/samune/samune1/AG0007_バンビシリーズ_ハニームーン_1day_samune.jpg,https://raw.githubusercontent.com/y4m4usr/HL001-quiz-karacon-academia-new/e2cbacf2d8d24222662151e6c4ed3edab7444774/imagesnew1/samune/samune1/AG0007_バンビシリーズ_ハニームーン_1day_samune.jpg,NG,606729,0,decode/reencode failed
2025-10-02T21:07:40,imagesnew1/samune/samune1/AG0007_バンビシリーズ_ブルーベリームーン_1day_samune.jpg,https://raw.githubusercontent.com/y4m4usr/HL001-quiz-karacon-academia-new/e2cbacf2d8d24222662151e6c4ed3edab7444774/imagesnew1/samune/samune1/AG0007_バンビシリーズ_ブルーベリームーン_1day_samune.jpg,NG,606841,0,decode/reencode failed
2025-10-02T21:07:41,imagesnew1/samune/samune1/AG0021_バンビシリーズ ヴィンテージ_ヴィンテージクラシック_1day_samune.jpg,https://raw.githubusercontent.com/y4m4usr/HL001-quiz-karacon-academia-new/e2cbacf2d8d24222662151e6c4ed3edab7444774/imagesnew1/samune/samune1/AG0021_バンビシリーズ ヴィンテージ_ヴィンテージクラシック_1day_samune.jpg,NG,606651,0,decode/reencode failed
2025-10-02T21:07:41,imagesnew1/samune/samune1/AG0021_バンビシリーズ ヴィンテージ_ヴィンテージグレー_1day_samune.jpg,https://raw.githubusercontent.com/y4m4usr/HL001-quiz-karacon-academia-new/e2cbacf2d8d24222662151e6c4ed3edab7444774/imagesnew1/samune/samune1/AG0021_バンビシリーズ ヴィンテージ_ヴィンテージグレー_1day_samune.jpg,NG,606872,0,decode/reencode failed
2025-10-02T21:07:41,imagesnew1/samune/samune1/AG0021_バンビシリーズ ヴィンテージ_ヴィンテージグレージュ_1day_samune.jpg,https://raw.githubusercontent.com/y4m4usr/HL001-quiz-karacon-academia-new/e2cbacf2d8d24222662151e6c4ed3edab7444774/imagesnew1/samune/samune1/AG0021_バンビシリーズ ヴィンテージ_ヴィンテージグレージュ_1day_samune.jpg,NG,606689,0,decode/reencode failed
2025-10-02T21:07:42,imagesnew1/samune/samune1/AG0021_バンビシリーズ ヴィンテージ_ヴィンテージセージ_1day_samune.jpg,https://raw.githubusercontent.com/y4m4usr/HL001-quiz-karacon-academia-new/e2cbacf2d8d24222662151e6c4ed3edab7444774/imagesnew1/samune/samune1/AG0021_バンビシリーズ ヴィンテージ_ヴィンテージセージ_1day_samune.jpg,NG,606674,0,decode/reencode failed
2025-10-02T21:07:42,imagesnew1/samune/samune1/AG0021_バンビシリーズ ヴィンテージ_ヴィンテージピスタチオ_1day_samune.jpg,https://raw.githubusercontent.com/y4m4usr/HL001-quiz-karacon-academia-new/e2cbacf2d8d24222662151e6c4ed3edab7444774/imagesnew1/samune/samune1/AG0021_バンビシリーズ ヴィンテージ_ヴィンテージピスタチオ_1day_samune.jpg,NG,606601,0,decode/reencode failed
2025-10-02T21:07:42,imagesnew1/samune/samune1/AG0021_バンビシリーズ ヴィンテージ_ヴィンテージベアー_1day_samune.jpg,https://raw.githubusercontent.com/y4m4usr/HL001-quiz-karacon-academia-new/e2cbacf2d8d24222662151e6c4ed3edab7444774/imagesnew1/samune/samune1/AG0021_バンビシリーズ ヴィンテージ_ヴィンテージベアー_1day_samune.jpg,NG,606461,0,decode/reencode failed
2025-10-02T21:07:43,imagesnew1/samune/samune1/AG0021_バンビシリーズ ヴィンテージ_ヴィンテージヘーゼル_1day_samune.jpg,https://raw.githubusercontent.com/y4m4usr/HL001-quiz-karacon-academia-new/e2cbacf2d8d24222662151e6c4ed3edab7444774/imagesnew1/samune/samune1/AG0021_バンビシリーズ ヴィンテージ_ヴィンテージヘーゼル_1day_samune.jpg,NG,606827,0,decode/reencode failed
2025-10-02T21:07:43,imagesnew1/samune/samune1/AG0021_バンビシリーズ ヴィンテージ_ヴィンテージラベンダー_1day_samune.jpg,https://raw.githubusercontent.com/y4m4usr/HL001-quiz-karacon-academia-new/e2cbacf2d8d24222662151e6c4ed3edab7444774/imagesnew1/samune/samune1/AG0021_バンビシリーズ ヴィンテージ_ヴィンテージラベンダー_1day_samune.jpg,NG,606474,0,decode/reencode failed
2025-10-02T21:07:43,imagesnew1/samune/samune1/AG0021_バンビシリーズ ヴィンテージ_ナチュラルヌード_1day_samune.jpg,https://raw.githubusercontent.com/y4m4usr/HL001-quiz-karacon-academia-new/e2cbacf2d8d24222662151e6c4ed3edab7444774/imagesnew1/samune/samune1/AG0021_バンビシリーズ ヴィンテージ_ナチュラルヌード_1day_samune.jpg,NG,606467,0,decode/reencode failed
2025-10-02T21:07:44,imagesnew1/samune/samune1/AG0021_バンビシリーズ ヴィンテージ_ナチュラルブラウン_1day_samune.jpg,https://raw.githubusercontent.com/y4m4usr/HL001-quiz-karacon-academia-new/e2cbacf2d8d24222662151e6c4ed3edab7444774/imagesnew1/samune/samune1/AG0021_バンビシリーズ ヴィンテージ_ナチュラルブラウン_1day_samune.jpg,NG,606736,0,decode/reencode failed
2025-10-02T21:07:44,imagesnew1/samune/samune1/AG0021_バンビシリーズ ヴィンテージ_ピュアブラウン_1day_samune.jpg,https://raw.githubusercontent.com/y4m4usr/HL001-quiz-karacon-academia-new/e2cbacf2d8d24222662151e6c4ed3edab7444774/imagesnew1/samune/samune1/AG0021_バンビシリーズ ヴィンテージ_ピュアブラウン_1day_samune.jpg,NG,606963,0,decode/reencode failed
2025-10-02T21:07:45,imagesnew1/samune/samune1/AMU0001_アミュリー_テディボア_1day_samune.jpg,https://raw.githubusercontent.com/y4m4usr/HL001-quiz-karacon-academia-new/e2cbacf2d8d24222662151e6c4ed3edab7444774/imagesnew1/samune/samune1/AMU0001_アミュリー_テディボア_1day_samune.jpg,NG,606793,0,decode/reencode failed
2025-10-02T21:07:45,imagesnew1/samune/samune1/AMU0001_アミュリー_トフィークラウン_1day_samune.jpg,https://raw.githubusercontent.com/y4m4usr/HL001-quiz-karacon-academia-new/e2cbacf2d8d24222662151e6c4ed3edab7444774/imagesnew1/samune/samune1/AMU0001_アミュリー_トフィークラウン_1day_samune.jpg,NG,606561,0,decode/reencode failed
2025-10-02T21:07:45,imagesnew1/samune/samune1/AMU0001_アミュリー_ブランデーメリィ_1day_samune.jpg,https://raw.githubusercontent.com/y4m4usr/HL001-quiz-karacon-academia-new/e2cbacf2d8d24222662151e6c4ed3edab7444774/imagesnew1/samune/samune1/AMU0001_アミュリー_ブランデーメリィ_1day_samune.jpg,NG,606671,0,decode/reencode failed
2025-10-02T21:07:46,imagesnew1/samune/samune1/AMU0001_アミュリー_ミュウグリス_1day_samune.jpg,https://raw.githubusercontent.com/y4m4usr/HL001-quiz-karacon-academia-new/e2cbacf2d8d24222662151e6c4ed3edab7444774/imagesnew1/samune/samune1/AMU0001_アミュリー_ミュウグリス_1day_samune.jpg,NG,606767,0,decode/reencode failed
2025-10-02T21:07:46,imagesnew1/samune/samune1/BA0001_バブリス_アメリーブラウン_1day_samune.jpg,https://raw.githubusercontent.com/y4m4usr/HL001-quiz-karacon-academia-new/e2cbacf2d8d24222662151e6c4ed3edab7444774/imagesnew1/samune/samune1/BA0001_バブリス_アメリーブラウン_1day_samune.jpg,NG,606694,0,decode/reencode failed
2025-10-02T21:07:46,imagesnew1/samune/samune1/BA0001_バブリス_ダーリーグレージュ_1day_samune.jpg,https://raw.githubusercontent.com/y4m4usr/HL001-quiz-karacon-academia-new/e2cbacf2d8d24222662151e6c4ed3edab7444774/imagesnew1/samune/samune1/BA0001_バブリス_ダーリーグレージュ_1day_samune.jpg,NG,607983,0,decode/reencode failed
2025-10-02T21:07:47,imagesnew1/samune/samune1/BA0001_バブリス_ダーリーベージュ_1day_samune.jpg,https://raw.githubusercontent.com/y4m4usr/HL001-quiz-karacon-academia-new/e2cbacf2d8d24222662151e6c4ed3edab7444774/imagesnew1/samune/samune1/BA0001_バブリス_ダーリーベージュ_1day_samune.jpg,NG,606473,0,decode/reencode failed
2025-10-02T21:07:47,imagesnew1/samune/samune1/BA0001_バブリス_ルナリーグレー_1day_samune.jpg,https://raw.githubusercontent.com/y4m4usr/HL001-quiz-karacon-academia-new/e2cbacf2d8d24222662151e6c4ed3edab7444774/imagesnew1/samune/samune1/BA0001_バブリス_ルナリーグレー_1day_samune.jpg,NG,608224,0,decode/reencode failed
2025-10-02T21:07:47,imagesnew1/samune/samune1/CHM0001_チューズミー_エッセンスベージュ_1day_samune.jpg,https://raw.githubusercontent.com/y4m4usr/HL001-quiz-karacon-academia-new/e2cbacf2d8d24222662151e6c4ed3edab7444774/imagesnew1/samune/samune1/CHM0001_チューズミー_エッセンスベージュ_1day_samune.jpg,NG,606873,0,decode/reencode failed
2025-10-02T21:07:48,imagesnew1/samune/samune1/CHM0001_チューズミー_グロスブラウン_1day_samune.jpg,https://raw.githubusercontent.com/y4m4usr/HL001-quiz-karacon-academia-new/e2cbacf2d8d24222662151e6c4ed3edab7444774/imagesnew1/samune/samune1/CHM0001_チューズミー_グロスブラウン_1day_samune.jpg,NG,606852,0,decode/reencode failed
2025-10-02T21:07:48,imagesnew1/samune/samune1/CHM0001_チューズミー_シフォンブラウン_1day_samune.jpg,https://raw.githubusercontent.com/y4m4usr/HL001-quiz-karacon-academia-new/e2cbacf2d8d24222662151e6c4ed3edab7444774/imagesnew1/samune/samune1/CHM0001_チューズミー_シフォンブラウン_1day_samune.jpg,NG,606889,0,decode/reencode failed
2025-10-02T21:07:48,imagesnew1/samune/samune1/CHM0001_チューズミー_セラムグレー_1day_samune.jpg,https://raw.githubusercontent.com/y4m4usr/HL001-quiz-karacon-academia-new/e2cbacf2d8d24222662151e6c4ed3edab7444774/imagesnew1/samune/samune1/CHM0001_チューズミー_セラムグレー_1day_samune.jpg,NG,606457,0,decode/reencode failed
2025-10-02T21:07:49,imagesnew1/samune/samune1/CHM0001_チューズミー_チョコブラウン_1day_samune.jpg,https://raw.githubusercontent.com/y4m4usr/HL001-quiz-karacon-academia-new/e2cbacf2d8d24222662151e6c4ed3edab7444774/imagesnew1/samune/samune1/CHM0001_チューズミー_チョコブラウン_1day_samune.jpg,NG,606696,0,decode/reencode failed
2025-10-02T21:07:49,imagesnew1/samune/samune1/CHM0001_チューズミー_ティアーオリーブ_1day_samune.jpg,https://raw.githubusercontent.com/y4m4usr/HL001-quiz-karacon-academia-new/e2cbacf2d8d24222662151e6c4ed3edab7444774/imagesnew1/samune/samune1/CHM0001_チューズミー_ティアーオリーブ_1day_samune.jpg,NG,606994,0,decode/reencode failed
2025-10-02T21:07:49,imagesnew1/samune/samune1/CHM0001_チューズミー_ハニーベージュ_1day_samune.jpg,https://raw.githubusercontent.com/y4m4usr/HL001-quiz-karacon-academia-new/e2cbacf2d8d24222662151e6c4ed3edab7444774/imagesnew1/samune/samune1/CHM0001_チューズミー_ハニーベージュ_1day_samune.jpg,NG,606418,0,decode/reencode failed
2025-10-02T21:07:50,imagesnew1/samune/samune1/CHM0001_チューズミー_ピーチブラウン_1day_samune.jpg,https://raw.githubusercontent.com/y4m4usr/HL001-quiz-karacon-academia-new/e2cbacf2d8d24222662151e6c4ed3edab7444774/imagesnew1/samune/samune1/CHM0001_チューズミー_ピーチブラウン_1day_samune.jpg,NG,607094,0,decode/reencode failed
2025-10-02T21:07:50,imagesnew1/samune/samune1/CHM0001_チューズミー_ピュアベール_1day_samune.jpg,https://raw.githubusercontent.com/y4m4usr/HL001-quiz-karacon-academia-new/e2cbacf2d8d24222662151e6c4ed3edab7444774/imagesnew1/samune/samune1/CHM0001_チューズミー_ピュアベール_1day_samune.jpg,NG,606710,0,decode/reencode failed
2025-10-02T21:07:50,imagesnew1/samune/samune1/CHM0001_チューズミー_ベイビーブラウン_1day_samune.jpg,https://raw.githubusercontent.com/y4m4usr/HL001-quiz-karacon-academia-new/e2cbacf2d8d24222662151e6c4ed3edab7444774/imagesnew1/samune/samune1/CHM0001_チューズミー_ベイビーブラウン_1day_samune.jpg,NG,606670,0,decode/reencode failed
2025-10-02T21:07:50,imagesnew1/samune/samune1/CHM0001_チューズミー_ムードグレージュ_1day_samune.jpg,https://raw.githubusercontent.com/y4m4usr/HL001-quiz-karacon-academia-new/e2cbacf2d8d24222662151e6c4ed3edab7444774/imagesnew1/samune/samune1/CHM0001_チューズミー_ムードグレージュ_1day_samune.jpg,NG,606491,0,decode/reencode failed
2025-10-02T21:07:51,imagesnew1/samune/samune1/CHM0001_チューズミー_モイストブラウン_1day_samune.jpg,https://raw.githubusercontent.com/y4m4usr/HL001-quiz-karacon-academia-new/e2cbacf2d8d24222662151e6c4ed3edab7444774/imagesnew1/samune/samune1/CHM0001_チューズミー_モイストブラウン_1day_samune.jpg,NG,606637,0,decode/reencode failed
2025-10-02T21:07:51,imagesnew1/samune/samune1/CHM0001_チューズミー_リリーベージュ_1day_samune.jpg,https://raw.githubusercontent.com/y4m4usr/HL001-quiz-karacon-academia-new/e2cbacf2d8d24222662151e6c4ed3edab7444774/imagesnew1/samune/samune1/CHM0001_チューズミー_リリーベージュ_1day_samune.jpg,NG,606459,0,decode/reencode failed
2025-10-02T21:07:51,imagesnew1/samune/samune1/CHM0002_チューズミー_シュガーグレージュ_1day_samune.jpg,https://raw.githubusercontent.com/y4m4usr/HL001-quiz-karacon-academia-new/e2cbacf2d8d24222662151e6c4ed3edab7444774/imagesnew1/samune/samune1/CHM0002_チューズミー_シュガーグレージュ_1day_samune.jpg,NG,606445,0,decode/reencode failed
2025-10-02T21:07:52,imagesnew1/samune/samune1/CHM0002_チューズミー_ホイップベリー_1day_samune.jpg,https://raw.githubusercontent.com/y4m4usr/HL001-quiz-karacon-academia-new/e2cbacf2d8d24222662151e6c4ed3edab7444774/imagesnew1/samune/samune1/CHM0002_チューズミー_ホイップベリー_1day_samune.jpg,NG,606806,0,decode/reencode failed
2025-10-02T21:07:52,imagesnew1/samune/samune1/CHM0002_チューズミー_マロンラテ_1day_samune.jpg,https://raw.githubusercontent.com/y4m4usr/HL001-quiz-karacon-academia-new/e2cbacf2d8d24222662151e6c4ed3edab7444774/imagesnew1/samune/samune1/CHM0002_チューズミー_マロンラテ_1day_samune.jpg,NG,606941,0,decode/reencode failed
2025-10-02T21:07:52,imagesnew1/samune/samune1/CHM0002_チューズミー_ミルキーチャイ_1day_samune.jpg,https://raw.githubusercontent.com/y4m4usr/HL001-quiz-karacon-academia-new/e2cbacf2d8d24222662151e6c4ed3edab7444774/imagesnew1/samune/samune1/CHM0002_チューズミー_ミルキーチャイ_1day_samune.jpg,NG,606594,0,decode/reencode failed
2025-10-02T21:07:53,imagesnew1/samune/samune1/CHM0002_チューズミー_メルティーココア_1day_samune.jpg,https://raw.githubusercontent.com/y4m4usr/HL001-quiz-karacon-academia-new/e2cbacf2d8d24222662151e6c4ed3edab7444774/imagesnew1/samune/samune1/CHM0002_チューズミー_メルティーココア_1day_samune.jpg,NG,607438,0,decode/reencode failed
2025-10-02T21:07:53,imagesnew1/samune/samune1/CHM0004_チューズミー_シフォンブラウン_1month_samune.jpg,https://raw.githubusercontent.com/y4m4usr/HL001-quiz-karacon-academia-new/e2cbacf2d8d24222662151e6c4ed3edab7444774/imagesnew1/samune/samune1/CHM0004_チューズミー_シフォンブラウン_1month_samune.jpg,NG,606377,0,decode/reencode failed
2025-10-02T21:07:53,imagesnew1/samune/samune1/CHM0004_チューズミー_ハニーベージュ_1month_samune.jpg,https://raw.githubusercontent.com/y4m4usr/HL001-quiz-karacon-academia-new/e2cbacf2d8d24222662151e6c4ed3edab7444774/imagesnew1/samune/samune1/CHM0004_チューズミー_ハニーベージュ_1month_samune.jpg,NG,606914,0,decode/reencode failed
2025-10-02T21:07:54,imagesnew1/samune/samune1/CHM0004_チューズミー_ピーチブラウン_1month_samune.jpg,https://raw.githubusercontent.com/y4m4usr/HL001-quiz-karacon-academia-new/e2cbacf2d8d24222662151e6c4ed3edab7444774/imagesnew1/samune/samune1/CHM0004_チューズミー_ピーチブラウン_1month_samune.jpg,NG,606470,0,decode/reencode failed
2025-10-02T21:07:54,imagesnew1/samune/samune1/CHM0004_チューズミー_ベイビーブラウン_1month_samune.jpg,https://raw.githubusercontent.com/y4m4usr/HL001-quiz-karacon-academia-new/e2cbacf2d8d24222662151e6c4ed3edab7444774/imagesnew1/samune/samune1/CHM0004_チューズミー_ベイビーブラウン_1month_samune.jpg,NG,606353,0,decode/reencode failed
2025-10-02T21:07:54,imagesnew1/samune/samune1/CHM0004_チューズミー_ミューテッドグレージュ_1month_samune.jpg,https://raw.githubusercontent.com/y4m4usr/HL001-quiz-karacon-academia-new/e2cbacf2d8d24222662151e6c4ed3edab7444774/imagesnew1/samune/samune1/CHM0004_チューズミー_ミューテッドグレージュ_1month_samune.jpg,NG,606785,0,decode/reencode failed
2025-10-02T21:07:55,imagesnew1/samune/samune1/CHM0004_チューズミー_メロウキャメル_1month_samune.jpg,https://raw.githubusercontent.com/y4m4usr/HL001-quiz-karacon-academia-new/e2cbacf2d8d24222662151e6c4ed3edab7444774/imagesnew1/samune/samune1/CHM0004_チューズミー_メロウキャメル_1month_samune.jpg,NG,606488,0,decode/reencode failed
2025-10-02T21:07:55,imagesnew1/samune/samune1/CHM0004_チューズミー_モイストブラウン_1month_samune.jpg,https://raw.githubusercontent.com/y4m4usr/HL001-quiz-karacon-academia-new/e2cbacf2d8d24222662151e6c4ed3edab7444774/imagesnew1/samune/samune1/CHM0004_チューズミー_モイストブラウン_1month_samune.jpg,NG,606785,0,decode/reencode failed
2025-10-02T21:07:55,imagesnew1/samune/samune1/CHP0001_シャプン_きらゆめブラウン_1day_samune.jpg,https://raw.githubusercontent.com/y4m4usr/HL001-quiz-karacon-academia-new/e2cbacf2d8d24222662151e6c4ed3edab7444774/imagesnew1/samune/samune1/CHP0001_シャプン_きらゆめブラウン_1day_samune.jpg,NG,606938,0,decode/reencode failed
2025-10-02T21:07:56,imagesnew1/samune/samune1/CHP0001_シャプン_ときとめグレー_1day_samune.jpg,https://raw.githubusercontent.com/y4m4usr/HL001-quiz-karacon-academia-new/e2cbacf2d8d24222662151e6c4ed3edab7444774/imagesnew1/samune/samune1/CHP0001_シャプン_ときとめグレー_1day_samune.jpg,NG,606669,0,decode/reencode failed
2025-10-02T21:07:56,imagesnew1/samune/samune1/CHP0001_シャプン_ときとめブラウン_1day_samune.jpg,https://raw.githubusercontent.com/y4m4usr/HL001-quiz-karacon-academia-new/e2cbacf2d8d24222662151e6c4ed3edab7444774/imagesnew1/samune/samune1/CHP0001_シャプン_ときとめブラウン_1day_samune.jpg,NG,606786,0,decode/reencode failed
2025-10-02T21:07:56,imagesnew1/samune/samune1/CHP0001_シャプン_ぬけがけグレージュ_1day_samune.jpg,https://raw.githubusercontent.com/y4m4usr/HL001-quiz-karacon-academia-new/e2cbacf2d8d24222662151e6c4ed3edab7444774/imagesnew1/samune/samune1/CHP0001_シャプン_ぬけがけグレージュ_1day_samune.jpg,NG,606791,0,decode/reencode failed
2025-10-02T21:07:57,imagesnew1/samune/samune1/CHP0002_シャプン_いとおしブラック_1day_samune.jpg,https://raw.githubusercontent.com/y4m4usr/HL001-quiz-karacon-academia-new/e2cbacf2d8d24222662151e6c4ed3edab7444774/imagesnew1/samune/samune1/CHP0002_シャプン_いとおしブラック_1day_samune.jpg,NG,606357,0,decode/reencode failed
2025-10-02T21:07:57,imagesnew1/samune/samune1/CHP0002_シャプン_ずるモテベージュ_1day_samune.jpg,https://raw.githubusercontent.com/y4m4usr/HL001-quiz-karacon-academia-new/e2cbacf2d8d24222662151e6c4ed3edab7444774/imagesnew1/samune/samune1/CHP0002_シャプン_ずるモテベージュ_1day_samune.jpg,NG,606662,0,decode/reencode failed
2025-10-02T21:07:57,imagesnew1/samune/samune1/CLR0001_チャロル_チャーナグレージュ_1day_samune.jpg,https://raw.githubusercontent.com/y4m4usr/HL001-quiz-karacon-academia-new/e2cbacf2d8d24222662151e6c4ed3edab7444774/imagesnew1/samune/samune1/CLR0001_チャロル_チャーナグレージュ_1day_samune.jpg,NG,606178,0,decode/reencode failed
2025-10-02T21:07:58,imagesnew1/samune/samune1/CLR0001_チャロル_ルアヘーゼル_1day_samune.jpg,https://raw.githubusercontent.com/y4m4usr/HL001-quiz-karacon-academia-new/e2cbacf2d8d24222662151e6c4ed3edab7444774/imagesnew1/samune/samune1/CLR0001_チャロル_ルアヘーゼル_1day_samune.jpg,NG,606604,0,decode/reencode failed
2025-10-02T21:07:58,imagesnew1/samune/samune1/CLR0001_チャロル_ロイブラウン_1day_samune.jpg,https://raw.githubusercontent.com/y4m4usr/HL001-quiz-karacon-academia-new/e2cbacf2d8d24222662151e6c4ed3edab7444774/imagesnew1/samune/samune1/CLR0001_チャロル_ロイブラウン_1day_samune.jpg,NG,606870,0,decode/reencode failed
2025-10-02T21:07:58,imagesnew1/samune/samune1/CM0009_シークレットキャンディーマジック_NO.14ヘーゼル_1month_samune.jpg,https://raw.githubusercontent.com/y4m4usr/HL001-quiz-karacon-academia-new/e2cbacf2d8d24222662151e6c4ed3edab7444774/imagesnew1/samune/samune1/CM0009_シークレットキャンディーマジック_NO.14ヘーゼル_1month_samune.jpg,NG,606768,0,decode/reencode failed
2025-10-02T21:07:59,imagesnew1/samune/samune1/CM0009_シークレットキャンディーマジック_NO.1チョコレート_1month_samune.jpg,https://raw.githubusercontent.com/y4m4usr/HL001-quiz-karacon-academia-new/e2cbacf2d8d24222662151e6c4ed3edab7444774/imagesnew1/samune/samune1/CM0009_シークレットキャンディーマジック_NO.1チョコレート_1month_samune.jpg,NG,606497,0,decode/reencode failed
2025-10-02T21:07:59,imagesnew1/samune/samune1/CM0009_シークレットキャンディーマジック_NO.5ブラック_1month_samune.jpg,https://raw.githubusercontent.com/y4m4usr/HL001-quiz-karacon-academia-new/e2cbacf2d8d24222662151e6c4ed3edab7444774/imagesnew1/samune/samune1/CM0009_シークレットキャンディーマジック_NO.5ブラック_1month_samune.jpg,NG,608517,0,decode/reencode failed
2025-10-02T21:07:59,imagesnew1/samune/samune1/CM0009_シークレットキャンディーマジック_NO.6ブラウン_1month_samune.jpg,https://raw.githubusercontent.com/y4m4usr/HL001-quiz-karacon-academia-new/e2cbacf2d8d24222662151e6c4ed3edab7444774/imagesnew1/samune/samune1/CM0009_シークレットキャンディーマジック_NO.6ブラウン_1month_samune.jpg,NG,606379,0,decode/reencode failed
2025-10-02T21:08:00,imagesnew1/samune/samune1/CM0009_シークレットキャンディーマジック_NO.9ブラウン_1month_samune.jpg,https://raw.githubusercontent.com/y4m4usr/HL001-quiz-karacon-academia-new/e2cbacf2d8d24222662151e6c4ed3edab7444774/imagesnew1/samune/samune1/CM0009_シークレットキャンディーマジック_NO.9ブラウン_1month_samune.jpg,NG,606798,0,decode/reencode failed
2025-10-02T21:08:00,imagesnew1/samune/samune1/CM0009_シークレットキャンディーマジック_クリアグレー_1month_samune.jpg,https://raw.githubusercontent.com/y4m4usr/HL001-quiz-karacon-academia-new/e2cbacf2d8d24222662151e6c4ed3edab7444774/imagesnew1/samune/samune1/CM0009_シークレットキャンディーマジック_クリアグレー_1month_samune.jpg,NG,608030,0,decode/reencode failed
2025-10-02T21:08:00,imagesnew1/samune/samune1/CM0009_シークレットキャンディーマジック_シマーブラウン_1month_samune.jpg,https://raw.githubusercontent.com/y4m4usr/HL001-quiz-karacon-academia-new/e2cbacf2d8d24222662151e6c4ed3edab7444774/imagesnew1/samune/samune1/CM0009_シークレットキャンディーマジック_シマーブラウン_1month_samune.jpg,NG,606593,0,decode/reencode failed
2025-10-02T21:08:01,imagesnew1/samune/samune1/CM0009_シークレットキャンディーマジック_バターブラウン_1month_samune.jpg,https://raw.githubusercontent.com/y4m4usr/HL001-quiz-karacon-academia-new/e2cbacf2d8d24222662151e6c4ed3edab7444774/imagesnew1/samune/samune1/CM0009_シークレットキャンディーマジック_バターブラウン_1month_samune.jpg,NG,607034,0,decode/reencode failed
2025-10-02T21:08:01,imagesnew1/samune/samune1/CM0009_シークレットキャンディーマジック_バニラブラウン_1month_samune.jpg,https://raw.githubusercontent.com/y4m4usr/HL001-quiz-karacon-academia-new/e2cbacf2d8d24222662151e6c4ed3edab7444774/imagesnew1/samune/samune1/CM0009_シークレットキャンディーマジック_バニラブラウン_1month_samune.jpg,NG,606870,0,decode/reencode failed
2025-10-02T21:08:01,imagesnew1/samune/samune1/CM0009_シークレットキャンディーマジック_ピンクベージュ_1month_samune.jpg,https://raw.githubusercontent.com/y4m4usr/HL001-quiz-karacon-academia-new/e2cbacf2d8d24222662151e6c4ed3edab7444774/imagesnew1/samune/samune1/CM0009_シークレットキャンディーマジック_ピンクベージュ_1month_samune.jpg,NG,606633,0,decode/reencode failed
2025-10-02T21:08:02,imagesnew1/samune/samune1/CM0009_シークレットキャンディーマジック_プルモグレー_1month_samune.jpg,https://raw.githubusercontent.com/y4m4usr/HL001-quiz-karacon-academia-new/e2cbacf2d8d24222662151e6c4ed3edab7444774/imagesnew1/samune/samune1/CM0009_シークレットキャンディーマジック_プルモグレー_1month_samune.jpg,NG,607303,0,decode/reencode failed
2025-10-02T21:08:03,imagesnew1/samune/samune1/CM0009_シークレットキャンディーマジック_モモピンク_1month_samune.jpg,https://raw.githubusercontent.com/y4m4usr/HL001-quiz-karacon-academia-new/e2cbacf2d8d24222662151e6c4ed3edab7444774/imagesnew1/samune/samune1/CM0009_シークレットキャンディーマジック_モモピンク_1month_samune.jpg,NG,606597,0,decode/reencode failed
2025-10-02T21:08:03,imagesnew1/samune/samune1/CM0009_シークレットキャンディーマジック_ラテベージュ_1month_samune.jpg,https://raw.githubusercontent.com/y4m4usr/HL001-quiz-karacon-academia-new/e2cbacf2d8d24222662151e6c4ed3edab7444774/imagesnew1/samune/samune1/CM0009_シークレットキャンディーマジック_ラテベージュ_1month_samune.jpg,NG,606530,0,decode/reencode failed
2025-10-02T21:08:04,imagesnew1/samune/samune1/CM0011_シークレットキャンディーマジック_グレージュ_1month_samune.jpg,https://raw.githubusercontent.com/y4m4usr/HL001-quiz-karacon-academia-new/e2cbacf2d8d24222662151e6c4ed3edab7444774/imagesnew1/samune/samune1/CM0011_シークレットキャンディーマジック_グレージュ_1month_samune.jpg,NG,607080,0,decode/reencode failed
2025-10-02T21:08:04,imagesnew1/samune/samune1/CM0011_シークレットキャンディーマジック_ダークモカ_1month_samune.jpg,https://raw.githubusercontent.com/y4m4usr/HL001-quiz-karacon-academia-new/e2cbacf2d8d24222662151e6c4ed3edab7444774/imagesnew1/samune/samune1/CM0011_シークレットキャンディーマジック_ダークモカ_1month_samune.jpg,NG,606899,0,decode/reencode failed
2025-10-02T21:08:04,imagesnew1/samune/samune1/CM0019_キャンディーマジック_アリアナヘーゼル_1month_samune.jpg,https://raw.githubusercontent.com/y4m4usr/HL001-quiz-karacon-academia-new/e2cbacf2d8d24222662151e6c4ed3edab7444774/imagesnew1/samune/samune1/CM0019_キャンディーマジック_アリアナヘーゼル_1month_samune.jpg,NG,606318,0,decode/reencode failed
2025-10-02T21:08:04,imagesnew1/samune/samune1/CM0019_キャンディーマジック_キングブラウン_1month_samune.jpg,https://raw.githubusercontent.com/y4m4usr/HL001-quiz-karacon-academia-new/e2cbacf2d8d24222662151e6c4ed3edab7444774/imagesnew1/samune/samune1/CM0019_キャンディーマジック_キングブラウン_1month_samune.jpg,NG,606127,0,decode/reencode failed
2025-10-02T21:08:05,imagesnew1/samune/samune1/CM0019_キャンディーマジック_グラスブラウン_1month_samune.jpg,https://raw.githubusercontent.com/y4m4usr/HL001-quiz-karacon-academia-new/e2cbacf2d8d24222662151e6c4ed3edab7444774/imagesnew1/samune/samune1/CM0019_キャンディーマジック_グラスブラウン_1month_samune.jpg,NG,606495,0,decode/reencode failed
2025-10-02T21:08:05,imagesnew1/samune/samune1/CM0019_キャンディーマジック_デートブラウン_1month_samune.jpg,https://raw.githubusercontent.com/y4m4usr/HL001-quiz-karacon-academia-new/e2cbacf2d8d24222662151e6c4ed3edab7444774/imagesnew1/samune/samune1/CM0019_キャンディーマジック_デートブラウン_1month_samune.jpg,NG,607000,0,decode/reencode failed
2025-10-02T21:08:05,imagesnew1/samune/samune1/CM0019_キャンディーマジック_ネネヘーゼル_1month_samune.jpg,https://raw.githubusercontent.com/y4m4usr/HL001-quiz-karacon-academia-new/e2cbacf2d8d24222662151e6c4ed3edab7444774/imagesnew1/samune/samune1/CM0019_キャンディーマジック_ネネヘーゼル_1month_samune.jpg,NG,606543,0,decode/reencode failed
2025-10-02T21:08:06,imagesnew1/samune/samune1/CM0019_キャンディーマジック_ビギナーブラック_1month_samune.jpg,https://raw.githubusercontent.com/y4m4usr/HL001-quiz-karacon-academia-new/e2cbacf2d8d24222662151e6c4ed3edab7444774/imagesnew1/samune/samune1/CM0019_キャンディーマジック_ビギナーブラック_1month_samune.jpg,NG,606429,0,decode/reencode failed
2025-10-02T21:08:06,imagesnew1/samune/samune1/CM0019_キャンディーマジック_マリアージュモカ_1month_samune.jpg,https://raw.githubusercontent.com/y4m4usr/HL001-quiz-karacon-academia-new/e2cbacf2d8d24222662151e6c4ed3edab7444774/imagesnew1/samune/samune1/CM0019_キャンディーマジック_マリアージュモカ_1month_samune.jpg,NG,606347,0,decode/reencode failed
2025-10-02T21:08:06,imagesnew1/samune/samune1/CM0019_キャンディーマジック_ミミグレー_1month_samune.jpg,https://raw.githubusercontent.com/y4m4usr/HL001-quiz-karacon-academia-new/e2cbacf2d8d24222662151e6c4ed3edab7444774/imagesnew1/samune/samune1/CM0019_キャンディーマジック_ミミグレー_1month_samune.jpg,NG,606768,0,decode/reencode failed
2025-10-02T21:08:07,imagesnew1/samune/samune1/CM0019_キャンディーマジック_ミミブラウン_1month_samune.jpg,https://raw.githubusercontent.com/y4m4usr/HL001-quiz-karacon-academia-new/e2cbacf2d8d24222662151e6c4ed3edab7444774/imagesnew1/samune/samune1/CM0019_キャンディーマジック_ミミブラウン_1month_samune.jpg,NG,606762,0,decode/reencode failed
2025-10-02T21:08:07,imagesnew1/samune/samune1/CM0019_キャンディーマジック_メログレー_1month_samune.jpg,https://raw.githubusercontent.com/y4m4usr/HL001-quiz-karacon-academia-new/e2cbacf2d8d24222662151e6c4ed3edab7444774/imagesnew1/samune/samune1/CM0019_キャンディーマジック_メログレー_1month_samune.jpg,NG,606659,0,decode/reencode failed
2025-10-02T21:08:07,imagesnew1/samune/samune1/CM0019_キャンディーマジック_メロブラウン_1month_samune.jpg,https://raw.githubusercontent.com/y4m4usr/HL001-quiz-karacon-academia-new/e2cbacf2d8d24222662151e6c4ed3edab7444774/imagesnew1/samune/samune1/CM0019_キャンディーマジック_メロブラウン_1month_samune.jpg,NG,607128,0,decode/reencode failed
2025-10-02T21:08:08,imagesnew1/samune/samune1/CM0019_キャンディーマジック_ルルブラウン_1month_samune.jpg,https://raw.githubusercontent.com/y4m4usr/HL001-quiz-karacon-academia-new/e2cbacf2d8d24222662151e6c4ed3edab7444774/imagesnew1/samune/samune1/CM0019_キャンディーマジック_ルルブラウン_1month_samune.jpg,NG,606752,0,decode/reencode failed
2025-10-02T21:08:08,imagesnew1/samune/samune1/CM0020_キャンディーマジック_アリアナヘーゼル_1day_samune.jpg,https://raw.githubusercontent.com/y4m4usr/HL001-quiz-karacon-academia-new/e2cbacf2d8d24222662151e6c4ed3edab7444774/imagesnew1/samune/samune1/CM0020_キャンディーマジック_アリアナヘーゼル_1day_samune.jpg,NG,607029,0,decode/reencode failed
2025-10-02T21:08:08,imagesnew1/samune/samune1/CM0020_キャンディーマジック_キングブラウン_1day_samune.jpg,https://raw.githubusercontent.com/y4m4usr/HL001-quiz-karacon-academia-new/e2cbacf2d8d24222662151e6c4ed3edab7444774/imagesnew1/samune/samune1/CM0020_キャンディーマジック_キングブラウン_1day_samune.jpg,NG,606543,0,decode/reencode failed
2025-10-02T21:08:09,imagesnew1/samune/samune1/CM0020_キャンディーマジック_グラスブラウン_1day_samune.jpg,https://raw.githubusercontent.com/y4m4usr/HL001-quiz-karacon-academia-new/e2cbacf2d8d24222662151e6c4ed3edab7444774/imagesnew1/samune/samune1/CM0020_キャンディーマジック_グラスブラウン_1day_samune.jpg,NG,606559,0,decode/reencode failed
2025-10-02T21:08:09,imagesnew1/samune/samune1/CM0020_キャンディーマジック_シェリーグレージュ_1day_samune.jpg,https://raw.githubusercontent.com/y4m4usr/HL001-quiz-karacon-academia-new/e2cbacf2d8d24222662151e6c4ed3edab7444774/imagesnew1/samune/samune1/CM0020_キャンディーマジック_シェリーグレージュ_1day_samune.jpg,NG,606906,0,decode/reencode failed
2025-10-02T21:08:09,imagesnew1/samune/samune1/CM0020_キャンディーマジック_チョコミュー_1day_samune.jpg,https://raw.githubusercontent.com/y4m4usr/HL001-quiz-karacon-academia-new/e2cbacf2d8d24222662151e6c4ed3edab7444774/imagesnew1/samune/samune1/CM0020_キャンディーマジック_チョコミュー_1day_samune.jpg,NG,606788,0,decode/reencode failed
2025-10-02T21:08:10,imagesnew1/samune/samune1/CM0020_キャンディーマジック_デートブラウン_1day_samune.jpg,https://raw.githubusercontent.com/y4m4usr/HL001-quiz-karacon-academia-new/e2cbacf2d8d24222662151e6c4ed3edab7444774/imagesnew1/samune/samune1/CM0020_キャンディーマジック_デートブラウン_1day_samune.jpg,NG,606560,0,decode/reencode failed
2025-10-02T21:08:10,imagesnew1/samune/samune1/CM0020_キャンディーマジック_ネネヘーゼル_1day_samune.jpg,https://raw.githubusercontent.com/y4m4usr/HL001-quiz-karacon-academia-new/e2cbacf2d8d24222662151e6c4ed3edab7444774/imagesnew1/samune/samune1/CM0020_キャンディーマジック_ネネヘーゼル_1day_samune.jpg,NG,606783,0,decode/reencode failed
2025-10-02T21:08:11,imagesnew1/samune/samune1/CM0020_キャンディーマジック_ビギナーチョコレート_1day_samune.jpg,https://raw.githubusercontent.com/y4m4usr/HL001-quiz-karacon-academia-new/e2cbacf2d8d24222662151e6c4ed3edab7444774/imagesnew1/samune/samune1/CM0020_キャンディーマジック_ビギナーチョコレート_1day_samune.jpg,NG,606456,0,decode/reencode failed
2025-10-02T21:08:11,imagesnew1/samune/samune1/CM0020_キャンディーマジック_ビギナーブラック_1day_samune.jpg,https://raw.githubusercontent.com/y4m4usr/HL001-quiz-karacon-academia-new/e2cbacf2d8d24222662151e6c4ed3edab7444774/imagesnew1/samune/samune1/CM0020_キャンディーマジック_ビギナーブラック_1day_samune.jpg,NG,606908,0,decode/reencode failed
2025-10-02T21:08:11,imagesnew1/samune/samune1/CM0020_キャンディーマジック_マリアージュモカ_1day_samune.jpg,https://raw.githubusercontent.com/y4m4usr/HL001-quiz-karacon-academia-new/e2cbacf2d8d24222662151e6c4ed3edab7444774/imagesnew1/samune/samune1/CM0020_キャンディーマジック_マリアージュモカ_1day_samune.jpg,NG,606543,0,decode/reencode failed
2025-10-02T21:08:12,imagesnew1/samune/samune1/CM0020_キャンディーマジック_ミミグレー_1day_samune.jpg,https://raw.githubusercontent.com/y4m4usr/HL001-quiz-karacon-academia-new/e2cbacf2d8d24222662151e6c4ed3edab7444774/imagesnew1/samune/samune1/CM0020_キャンディーマジック_ミミグレー_1day_samune.jpg,NG,606781,0,decode/reencode failed
2025-10-02T21:08:12,imagesnew1/samune/samune1/CM0020_キャンディーマジック_ミミブラウン_1day_samune.jpg,https://raw.githubusercontent.com/y4m4usr/HL001-quiz-karacon-academia-new/e2cbacf2d8d24222662151e6c4ed3edab7444774/imagesnew1/samune/samune1/CM0020_キャンディーマジック_ミミブラウン_1day_samune.jpg,NG,606669,0,decode/reencode failed
2025-10-02T21:08:13,imagesnew1/samune/samune1/CM0020_キャンディーマジック_メルティハニー_1day_samune.jpg,https://raw.githubusercontent.com/y4m4usr/HL001-quiz-karacon-academia-new/e2cbacf2d8d24222662151e6c4ed3edab7444774/imagesnew1/samune/samune1/CM0020_キャンディーマジック_メルティハニー_1day_samune.jpg,NG,607622,0,decode/reencode failed
2025-10-02T21:08:13,imagesnew1/samune/samune1/CM0020_キャンディーマジック_メログレー_1day_samune.jpg,https://raw.githubusercontent.com/y4m4usr/HL001-quiz-karacon-academia-new/e2cbacf2d8d24222662151e6c4ed3edab7444774/imagesnew1/samune/samune1/CM0020_キャンディーマジック_メログレー_1day_samune.jpg,NG,606762,0,decode/reencode failed
2025-10-02T21:08:13,imagesnew1/samune/samune1/CM0020_キャンディーマジック_メロブラウン_1day_samune.jpg,https://raw.githubusercontent.com/y4m4usr/HL001-quiz-karacon-academia-new/e2cbacf2d8d24222662151e6c4ed3edab7444774/imagesnew1/samune/samune1/CM0020_キャンディーマジック_メロブラウン_1day_samune.jpg,NG,608179,0,decode/reencode failed
2025-10-02T21:08:14,imagesnew1/samune/samune1/CM0020_キャンディーマジック_ルルブラウン_1day_samune.jpg,https://raw.githubusercontent.com/y4m4usr/HL001-quiz-karacon-academia-new/e2cbacf2d8d24222662151e6c4ed3edab7444774/imagesnew1/samune/samune1/CM0020_キャンディーマジック_ルルブラウン_1day_samune.jpg,NG,606699,0,decode/reencode failed
2025-10-02T21:08:14,imagesnew1/samune/samune1/CM0021_ファビュラス_NO.3ブラウン_1month_samune.jpg,https://raw.githubusercontent.com/y4m4usr/HL001-quiz-karacon-academia-new/e2cbacf2d8d24222662151e6c4ed3edab7444774/imagesnew1/samune/samune1/CM0021_ファビュラス_NO.3ブラウン_1month_samune.jpg,NG,606856,0,decode/reencode failed
2025-10-02T21:08:14,imagesnew1/samune/samune1/CM0021_ファビュラス_NO.5ブラック_1month_samune.jpg,https://raw.githubusercontent.com/y4m4usr/HL001-quiz-karacon-academia-new/e2cbacf2d8d24222662151e6c4ed3edab7444774/imagesnew1/samune/samune1/CM0021_ファビュラス_NO.5ブラック_1month_samune.jpg,NG,606569,0,decode/reencode failed
2025-10-02T21:08:15,imagesnew1/samune/samune1/CM0021_ファビュラス_キングブラウン_1month_samune.jpg,https://raw.githubusercontent.com/y4m4usr/HL001-quiz-karacon-academia-new/e2cbacf2d8d24222662151e6c4ed3edab7444774/imagesnew1/samune/samune1/CM0021_ファビュラス_キングブラウン_1month_samune.jpg,NG,606653,0,decode/reencode failed
2025-10-02T21:08:15,imagesnew1/samune/samune1/CM0021_ファビュラス_シアーセーブル_1month_samune.jpg,https://raw.githubusercontent.com/y4m4usr/HL001-quiz-karacon-academia-new/e2cbacf2d8d24222662151e6c4ed3edab7444774/imagesnew1/samune/samune1/CM0021_ファビュラス_シアーセーブル_1month_samune.jpg,NG,608009,0,decode/reencode failed
2025-10-02T21:08:15,imagesnew1/samune/samune1/CM0021_ファビュラス_バターブラウン_1month_samune.jpg,https://raw.githubusercontent.com/y4m4usr/HL001-quiz-karacon-academia-new/e2cbacf2d8d24222662151e6c4ed3edab7444774/imagesnew1/samune/samune1/CM0021_ファビュラス_バターブラウン_1month_samune.jpg,NG,606483,0,decode/reencode failed
2025-10-02T21:08:15,imagesnew1/samune/samune1/CM0021_ファビュラス_バニラブラウン_1month_samune.jpg,https://raw.githubusercontent.com/y4m4usr/HL001-quiz-karacon-academia-new/e2cbacf2d8d24222662151e6c4ed3edab7444774/imagesnew1/samune/samune1/CM0021_ファビュラス_バニラブラウン_1month_samune.jpg,NG,607967,0,decode/reencode failed
2025-10-02T21:08:16,imagesnew1/samune/samune1/CM0021_ファビュラス_メログレー_1month_samune.jpg,https://raw.githubusercontent.com/y4m4usr/HL001-quiz-karacon-academia-new/e2cbacf2d8d24222662151e6c4ed3edab7444774/imagesnew1/samune/samune1/CM0021_ファビュラス_メログレー_1month_samune.jpg,NG,606693,0,decode/reencode failed
2025-10-02T21:08:16,imagesnew1/samune/samune1/CM0021_ファビュラス_メロブラウン_1month_samune.jpg,https://raw.githubusercontent.com/y4m4usr/HL001-quiz-karacon-academia-new/e2cbacf2d8d24222662151e6c4ed3edab7444774/imagesnew1/samune/samune1/CM0021_ファビュラス_メロブラウン_1month_samune.jpg,NG,607429,0,decode/reencode failed
2025-10-02T21:08:16,imagesnew1/samune/samune1/CM0021_ファビュラス_ラテベージュ_1month_samune.jpg,https://raw.githubusercontent.com/y4m4usr/HL001-quiz-karacon-academia-new/e2cbacf2d8d24222662151e6c4ed3edab7444774/imagesnew1/samune/samune1/CM0021_ファビュラス_ラテベージュ_1month_samune.jpg,NG,606674,0,decode/reencode failed
2025-10-02T21:08:17,imagesnew1/samune/samune1/CM0022_シークレットキャンディーマジック_NO.14ヘーゼル_1day_samune.jpg,https://raw.githubusercontent.com/y4m4usr/HL001-quiz-karacon-academia-new/e2cbacf2d8d24222662151e6c4ed3edab7444774/imagesnew1/samune/samune1/CM0022_シークレットキャンディーマジック_NO.14ヘーゼル_1day_samune.jpg,NG,606563,0,decode/reencode failed
2025-10-02T21:08:17,imagesnew1/samune/samune1/CM0022_シークレットキャンディーマジック_NO.1チョコレート_1day_samune.jpg,https://raw.githubusercontent.com/y4m4usr/HL001-quiz-karacon-academia-new/e2cbacf2d8d24222662151e6c4ed3edab7444774/imagesnew1/samune/samune1/CM0022_シークレットキャンディーマジック_NO.1チョコレート_1day_samune.jpg,NG,606718,0,decode/reencode failed
2025-10-02T21:08:17,imagesnew1/samune/samune1/CM0022_シークレットキャンディーマジック_NO.3ブラウン_1day_samune.jpg,https://raw.githubusercontent.com/y4m4usr/HL001-quiz-karacon-academia-new/e2cbacf2d8d24222662151e6c4ed3edab7444774/imagesnew1/samune/samune1/CM0022_シークレットキャンディーマジック_NO.3ブラウン_1day_samune.jpg,NG,606575,0,decode/reencode failed
2025-10-02T21:08:18,imagesnew1/samune/samune1/CM0022_シークレットキャンディーマジック_NO.5ブラック_1day_samune.jpg,https://raw.githubusercontent.com/y4m4usr/HL001-quiz-karacon-academia-new/e2cbacf2d8d24222662151e6c4ed3edab7444774/imagesnew1/samune/samune1/CM0022_シークレットキャンディーマジック_NO.5ブラック_1day_samune.jpg,NG,606673,0,decode/reencode failed
2025-10-02T21:08:18,imagesnew1/samune/samune1/CM0022_シークレットキャンディーマジック_NO.6ブラウン_1day_samune.jpg,https://raw.githubusercontent.com/y4m4usr/HL001-quiz-karacon-academia-new/e2cbacf2d8d24222662151e6c4ed3edab7444774/imagesnew1/samune/samune1/CM0022_シークレットキャンディーマジック_NO.6ブラウン_1day_samune.jpg,NG,606378,0,decode/reencode failed
2025-10-02T21:08:18,imagesnew1/samune/samune1/CM0022_シークレットキャンディーマジック_NO.9ブラウン_1day_samune.jpg,https://raw.githubusercontent.com/y4m4usr/HL001-quiz-karacon-academia-new/e2cbacf2d8d24222662151e6c4ed3edab7444774/imagesnew1/samune/samune1/CM0022_シークレットキャンディーマジック_NO.9ブラウン_1day_samune.jpg,NG,606908,0,decode/reencode failed
2025-10-02T21:08:19,imagesnew1/samune/samune1/CM0022_シークレットキャンディーマジック_クリアグレー_1day_samune.jpg,https://raw.githubusercontent.com/y4m4usr/HL001-quiz-karacon-academia-new/e2cbacf2d8d24222662151e6c4ed3edab7444774/imagesnew1/samune/samune1/CM0022_シークレットキャンディーマジック_クリアグレー_1day_samune.jpg,NG,606414,0,decode/reencode failed
2025-10-02T21:08:19,imagesnew1/samune/samune1/CM0022_シークレットキャンディーマジック_グレージュ_1day_samune.jpg,https://raw.githubusercontent.com/y4m4usr/HL001-quiz-karacon-academia-new/e2cbacf2d8d24222662151e6c4ed3edab7444774/imagesnew1/samune/samune1/CM0022_シークレットキャンディーマジック_グレージュ_1day_samune.jpg,NG,606881,0,decode/reencode failed
2025-10-02T21:08:19,imagesnew1/samune/samune1/CM0022_シークレットキャンディーマジック_シマーブラウン_1day_samune.jpg,https://raw.githubusercontent.com/y4m4usr/HL001-quiz-karacon-academia-new/e2cbacf2d8d24222662151e6c4ed3edab7444774/imagesnew1/samune/samune1/CM0022_シークレットキャンディーマジック_シマーブラウン_1day_samune.jpg,NG,606498,0,decode/reencode failed
2025-10-02T21:08:20,imagesnew1/samune/samune1/CM0022_シークレットキャンディーマジック_ダークモカ_1day_samune.jpg,https://raw.githubusercontent.com/y4m4usr/HL001-quiz-karacon-academia-new/e2cbacf2d8d24222662151e6c4ed3edab7444774/imagesnew1/samune/samune1/CM0022_シークレットキャンディーマジック_ダークモカ_1day_samune.jpg,NG,606711,0,decode/reencode failed
2025-10-02T21:08:20,imagesnew1/samune/samune1/CM0022_シークレットキャンディーマジック_バターブラウン_1day_samune.jpg,https://raw.githubusercontent.com/y4m4usr/HL001-quiz-karacon-academia-new/e2cbacf2d8d24222662151e6c4ed3edab7444774/imagesnew1/samune/samune1/CM0022_シークレットキャンディーマジック_バターブラウン_1day_samune.jpg,NG,606453,0,decode/reencode failed
2025-10-02T21:08:20,imagesnew1/samune/samune1/CM0022_シークレットキャンディーマジック_バニラブラウン_1day_samune.jpg,https://raw.githubusercontent.com/y4m4usr/HL001-quiz-karacon-academia-new/e2cbacf2d8d24222662151e6c4ed3edab7444774/imagesnew1/samune/samune1/CM0022_シークレットキャンディーマジック_バニラブラウン_1day_samune.jpg,NG,608190,0,decode/reencode failed
2025-10-02T21:08:21,imagesnew1/samune/samune1/CM0022_シークレットキャンディーマジック_ピンクベージュ_1day_samune.jpg,https://raw.githubusercontent.com/y4m4usr/HL001-quiz-karacon-academia-new/e2cbacf2d8d24222662151e6c4ed3edab7444774/imagesnew1/samune/samune1/CM0022_シークレットキャンディーマジック_ピンクベージュ_1day_samune.jpg,NG,606473,0,decode/reencode failed
2025-10-02T21:08:22,imagesnew1/samune/samune1/CM0022_シークレットキャンディーマジック_プルモグレー_1day_samune.jpg,https://raw.githubusercontent.com/y4m4usr/HL001-quiz-karacon-academia-new/e2cbacf2d8d24222662151e6c4ed3edab7444774/imagesnew1/samune/samune1/CM0022_シークレットキャンディーマジック_プルモグレー_1day_samune.jpg,NG,606511,0,decode/reencode failed
2025-10-02T21:08:22,imagesnew1/samune/samune1/CM0022_シークレットキャンディーマジック_モモピンク_1day_samune.jpg,https://raw.githubusercontent.com/y4m4usr/HL001-quiz-karacon-academia-new/e2cbacf2d8d24222662151e6c4ed3edab7444774/imagesnew1/samune/samune1/CM0022_シークレットキャンディーマジック_モモピンク_1day_samune.jpg,NG,606730,0,decode/reencode failed
2025-10-02T21:08:22,imagesnew1/samune/samune1/CM0022_シークレットキャンディーマジック_ラテベージュ_1day_samune.jpg,https://raw.githubusercontent.com/y4m4usr/HL001-quiz-karacon-academia-new/e2cbacf2d8d24222662151e6c4ed3edab7444774/imagesnew1/samune/samune1/CM0022_シークレットキャンディーマジック_ラテベージュ_1day_samune.jpg,NG,606846,0,decode/reencode failed
2025-10-02T21:08:23,imagesnew1/samune/samune1/CO0001_カラーズ_ハーフグレイ_1month_samune.jpg,https://raw.githubusercontent.com/y4m4usr/HL001-quiz-karacon-academia-new/e2cbacf2d8d24222662151e6c4ed3edab7444774/imagesnew1/samune/samune1/CO0001_カラーズ_ハーフグレイ_1month_samune.jpg,NG,606842,0,decode/reencode failed
2025-10-02T21:08:23,imagesnew1/samune/samune1/CO0001_カラーズ_メガブラウン_1day_samune.jpg,https://raw.githubusercontent.com/y4m4usr/HL001-quiz-karacon-academia-new/e2cbacf2d8d24222662151e6c4ed3edab7444774/imagesnew1/samune/samune1/CO0001_カラーズ_メガブラウン_1day_samune.jpg,NG,608164,0,decode/reencode failed
2025-10-02T21:08:23,imagesnew1/samune/samune1/CO0001_カラーズ_メガブラウン_1month_samune.jpg,https://raw.githubusercontent.com/y4m4usr/HL001-quiz-karacon-academia-new/e2cbacf2d8d24222662151e6c4ed3edab7444774/imagesnew1/samune/samune1/CO0001_カラーズ_メガブラウン_1month_samune.jpg,NG,606803,0,decode/reencode failed
2025-10-02T21:08:24,imagesnew1/samune/samune1/CO0002_カラーズ_エアリーブラウン_1day_samune.jpg,https://raw.githubusercontent.com/y4m4usr/HL001-quiz-karacon-academia-new/e2cbacf2d8d24222662151e6c4ed3edab7444774/imagesnew1/samune/samune1/CO0002_カラーズ_エアリーブラウン_1day_samune.jpg,NG,606542,0,decode/reencode failed
2025-10-02T21:08:24,imagesnew1/samune/samune1/CO0002_カラーズ_エアリーブラウン_1month_samune.jpg,https://raw.githubusercontent.com/y4m4usr/HL001-quiz-karacon-academia-new/e2cbacf2d8d24222662151e6c4ed3edab7444774/imagesnew1/samune/samune1/CO0002_カラーズ_エアリーブラウン_1month_samune.jpg,NG,606726,0,decode/reencode failed
2025-10-02T21:08:24,imagesnew1/samune/samune1/CO0002_カラーズ_ナチュラルウォームブラウン_1day_samune.jpg,https://raw.githubusercontent.com/y4m4usr/HL001-quiz-karacon-academia-new/e2cbacf2d8d24222662151e6c4ed3edab7444774/imagesnew1/samune/samune1/CO0002_カラーズ_ナチュラルウォームブラウン_1day_samune.jpg,NG,607287,0,decode/reencode failed
2025-10-02T21:08:25,imagesnew1/samune/samune1/CO0002_カラーズ_ナチュラルダークブラウン_1month_samune.jpg,https://raw.githubusercontent.com/y4m4usr/HL001-quiz-karacon-academia-new/e2cbacf2d8d24222662151e6c4ed3edab7444774/imagesnew1/samune/samune1/CO0002_カラーズ_ナチュラルダークブラウン_1month_samune.jpg,NG,606867,0,decode/reencode failed
2025-10-02T21:08:25,imagesnew1/samune/samune1/CO0002_カラーズ_メガブラウンフラワー_1month_samune.jpg,https://raw.githubusercontent.com/y4m4usr/HL001-quiz-karacon-academia-new/e2cbacf2d8d24222662151e6c4ed3edab7444774/imagesnew1/samune/samune1/CO0002_カラーズ_メガブラウンフラワー_1month_samune.jpg,NG,606741,0,decode/reencode failed
2025-10-02T21:08:25,imagesnew1/samune/samune1/CO0002_カラーズ_メガベージュ_1month_samune.jpg,https://raw.githubusercontent.com/y4m4usr/HL001-quiz-karacon-academia-new/e2cbacf2d8d24222662151e6c4ed3edab7444774/imagesnew1/samune/samune1/CO0002_カラーズ_メガベージュ_1month_samune.jpg,NG,606226,0,decode/reencode failed
2025-10-02T21:08:26,imagesnew1/samune/samune1/CO0004_カラーズ_ナチュラルシルキーブラウン_1day_samune.jpg,https://raw.githubusercontent.com/y4m4usr/HL001-quiz-karacon-academia-new/e2cbacf2d8d24222662151e6c4ed3edab7444774/imagesnew1/samune/samune1/CO0004_カラーズ_ナチュラルシルキーブラウン_1day_samune.jpg,NG,606750,0,decode/reencode failed
2025-10-02T21:08:26,imagesnew1/samune/samune1/CO0004_カラーズ_ナチュラルリングブラウン_1day_samune.jpg,https://raw.githubusercontent.com/y4m4usr/HL001-quiz-karacon-academia-new/e2cbacf2d8d24222662151e6c4ed3edab7444774/imagesnew1/samune/samune1/CO0004_カラーズ_ナチュラルリングブラウン_1day_samune.jpg,NG,606773,0,decode/reencode failed
2025-10-02T21:08:26,imagesnew1/samune/samune1/CO0004_カラーズ_ハーフグレーゴールド_1day_samune.jpg,https://raw.githubusercontent.com/y4m4usr/HL001-quiz-karacon-academia-new/e2cbacf2d8d24222662151e6c4ed3edab7444774/imagesnew1/samune/samune1/CO0004_カラーズ_ハーフグレーゴールド_1day_samune.jpg,NG,606781,0,decode/reencode failed
2025-10-02T21:08:27,imagesnew1/samune/samune1/CO0004_カラーズ_メガリングドーナツ_1day_samune.jpg,https://raw.githubusercontent.com/y4m4usr/HL001-quiz-karacon-academia-new/e2cbacf2d8d24222662151e6c4ed3edab7444774/imagesnew1/samune/samune1/CO0004_カラーズ_メガリングドーナツ_1day_samune.jpg,NG,606433,0,decode/reencode failed
2025-10-02T21:08:27,imagesnew1/samune/samune1/CO0005_カラーズ_ナチュラルヘーゼルブラウン_1day_samune.jpg,https://raw.githubusercontent.com/y4m4usr/HL001-quiz-karacon-academia-new/e2cbacf2d8d24222662151e6c4ed3edab7444774/imagesnew1/samune/samune1/CO0005_カラーズ_ナチュラルヘーゼルブラウン_1day_samune.jpg,NG,606519,0,decode/reencode failed
2025-10-02T21:08:27,imagesnew1/samune/samune1/CO0005_カラーズ_メガシャイニーブラウン_1day_samune.jpg,https://raw.githubusercontent.com/y4m4usr/HL001-quiz-karacon-academia-new/e2cbacf2d8d24222662151e6c4ed3edab7444774/imagesnew1/samune/samune1/CO0005_カラーズ_メガシャイニーブラウン_1day_samune.jpg,NG,606476,0,decode/reencode failed
2025-10-02T21:08:27,imagesnew1/samune/samune1/CO0005_カラーズ_メガドーナツブラウン_1day_samune.jpg,https://raw.githubusercontent.com/y4m4usr/HL001-quiz-karacon-academia-new/e2cbacf2d8d24222662151e6c4ed3edab7444774/imagesnew1/samune/samune1/CO0005_カラーズ_メガドーナツブラウン_1day_samune.jpg,NG,606463,0,decode/reencode failed
2025-10-02T21:08:28,imagesnew1/samune/samune1/CO0005_カラーズ_メガナチュラルブラウン_1day_samune.jpg,https://raw.githubusercontent.com/y4m4usr/HL001-quiz-karacon-academia-new/e2cbacf2d8d24222662151e6c4ed3edab7444774/imagesnew1/samune/samune1/CO0005_カラーズ_メガナチュラルブラウン_1day_samune.jpg,NG,606366,0,decode/reencode failed
2025-10-02T21:08:28,imagesnew1/samune/samune1/CO0006_カラーズ_ハーフオリーブブラウン_1day_samune.jpg,https://raw.githubusercontent.com/y4m4usr/HL001-quiz-karacon-academia-new/e2cbacf2d8d24222662151e6c4ed3edab7444774/imagesnew1/samune/samune1/CO0006_カラーズ_ハーフオリーブブラウン_1day_samune.jpg,NG,606564,0,decode/reencode failed
2025-10-02T21:08:28,imagesnew1/samune/samune1/CO0008_カラーズ_オールドファッション_1month_samune.jpg,https://raw.githubusercontent.com/y4m4usr/HL001-quiz-karacon-academia-new/e2cbacf2d8d24222662151e6c4ed3edab7444774/imagesnew1/samune/samune1/CO0008_カラーズ_オールドファッション_1month_samune.jpg,NG,606732,0,decode/reencode failed
2025-10-02T21:08:29,imagesnew1/samune/samune1/CO0008_カラーズ_ハニーディップ_1month_samune.jpg,https://raw.githubusercontent.com/y4m4usr/HL001-quiz-karacon-academia-new/e2cbacf2d8d24222662151e6c4ed3edab7444774/imagesnew1/samune/samune1/CO0008_カラーズ_ハニーディップ_1month_samune.jpg,NG,606827,0,decode/reencode failed
2025-10-02T21:08:29,imagesnew1/samune/samune1/CO0008_カラーズ_ヒビキ_1day_samune.jpg,https://raw.githubusercontent.com/y4m4usr/HL001-quiz-karacon-academia-new/e2cbacf2d8d24222662151e6c4ed3edab7444774/imagesnew1/samune/samune1/CO0008_カラーズ_ヒビキ_1day_samune.jpg,NG,606522,0,decode/reencode failed
2025-10-02T21:08:29,imagesnew1/samune/samune1/CO0008_カラーズ_ヒビキ_1month_samune.jpg,https://raw.githubusercontent.com/y4m4usr/HL001-quiz-karacon-academia-new/e2cbacf2d8d24222662151e6c4ed3edab7444774/imagesnew1/samune/samune1/CO0008_カラーズ_ヒビキ_1month_samune.jpg,NG,606689,0,decode/reencode failed
2025-10-02T21:08:30,imagesnew1/samune/samune1/CO0008_カラーズ_ヒビコ_1day_samune.jpg,https://raw.githubusercontent.com/y4m4usr/HL001-quiz-karacon-academia-new/e2cbacf2d8d24222662151e6c4ed3edab7444774/imagesnew1/samune/samune1/CO0008_カラーズ_ヒビコ_1day_samune.jpg,NG,606646,0,decode/reencode failed
2025-10-02T21:08:30,imagesnew1/samune/samune1/CO0008_カラーズ_ヒビコ_1month_samune.jpg,https://raw.githubusercontent.com/y4m4usr/HL001-quiz-karacon-academia-new/e2cbacf2d8d24222662151e6c4ed3edab7444774/imagesnew1/samune/samune1/CO0008_カラーズ_ヒビコ_1month_samune.jpg,NG,606702,0,decode/reencode failed
2025-10-02T21:08:30,imagesnew1/samune/samune1/CO0009_カラーズ_チョコレートリング_1month_samune.jpg,https://raw.githubusercontent.com/y4m4usr/HL001-quiz-karacon-academia-new/e2cbacf2d8d24222662151e6c4ed3edab7444774/imagesnew1/samune/samune1/CO0009_カラーズ_チョコレートリング_1month_samune.jpg,NG,606729,0,decode/reencode failed
2025-10-02T21:08:31,imagesnew1/samune/samune1/CO0009_カラーズ_フレンチクルーラー_1month_samune.jpg,https://raw.githubusercontent.com/y4m4usr/HL001-quiz-karacon-academia-new/e2cbacf2d8d24222662151e6c4ed3edab7444774/imagesnew1/samune/samune1/CO0009_カラーズ_フレンチクルーラー_1month_samune.jpg,NG,606841,0,decode/reencode failed
2025-10-02T21:08:31,imagesnew1/samune/samune1/CO0010_カラーズ_スパークリンググレー_1day_samune.jpg,https://raw.githubusercontent.com/y4m4usr/HL001-quiz-karacon-academia-new/e2cbacf2d8d24222662151e6c4ed3edab7444774/imagesnew1/samune/samune1/CO0010_カラーズ_スパークリンググレー_1day_samune.jpg,NG,606481,0,decode/reencode failed
2025-10-02T21:08:31,imagesnew1/samune/samune1/CO0010_カラーズ_ブラックパール_1day_samune.jpg,https://raw.githubusercontent.com/y4m4usr/HL001-quiz-karacon-academia-new/e2cbacf2d8d24222662151e6c4ed3edab7444774/imagesnew1/samune/samune1/CO0010_カラーズ_ブラックパール_1day_samune.jpg,NG,606813,0,decode/reencode failed
2025-10-02T21:08:32,imagesnew1/samune/samune1/CRM0001_クルーム_アイシードール_1day_samune.jpg,https://raw.githubusercontent.com/y4m4usr/HL001-quiz-karacon-academia-new/e2cbacf2d8d24222662151e6c4ed3edab7444774/imagesnew1/samune/samune1/CRM0001_クルーム_アイシードール_1day_samune.jpg,NG,606734,0,decode/reencode failed
2025-10-02T21:08:32,imagesnew1/samune/samune1/CRM0001_クルーム_アズール_1day_samune.jpg,https://raw.githubusercontent.com/y4m4usr/HL001-quiz-karacon-academia-new/e2cbacf2d8d24222662151e6c4ed3edab7444774/imagesnew1/samune/samune1/CRM0001_クルーム_アズール_1day_samune.jpg,NG,606464,0,decode/reencode failed
2025-10-02T21:08:32,imagesnew1/samune/samune1/CRM0001_クルーム_アッシュ_1day_samune.jpg,https://raw.githubusercontent.com/y4m4usr/HL001-quiz-karacon-academia-new/e2cbacf2d8d24222662151e6c4ed3edab7444774/imagesnew1/samune/samune1/CRM0001_クルーム_アッシュ_1day_samune.jpg,NG,606352,0,decode/reencode failed
2025-10-02T21:08:33,imagesnew1/samune/samune1/CRM0001_クルーム_サンフラワー_1day_samune.jpg,https://raw.githubusercontent.com/y4m4usr/HL001-quiz-karacon-academia-new/e2cbacf2d8d24222662151e6c4ed3edab7444774/imagesnew1/samune/samune1/CRM0001_クルーム_サンフラワー_1day_samune.jpg,NG,606535,0,decode/reencode failed
2025-10-02T21:08:33,imagesnew1/samune/samune1/CRM0001_クルーム_マカダミア_1day_samune.jpg,https://raw.githubusercontent.com/y4m4usr/HL001-quiz-karacon-academia-new/e2cbacf2d8d24222662151e6c4ed3edab7444774/imagesnew1/samune/samune1/CRM0001_クルーム_マカダミア_1day_samune.jpg,NG,606897,0,decode/reencode failed
2025-10-02T21:08:33,imagesnew1/samune/samune1/CRM0002_クルーム_アクア_1day_samune.jpg,https://raw.githubusercontent.com/y4m4usr/HL001-quiz-karacon-academia-new/e2cbacf2d8d24222662151e6c4ed3edab7444774/imagesnew1/samune/samune1/CRM0002_クルーム_アクア_1day_samune.jpg,NG,606713,0,decode/reencode failed
2025-10-02T21:08:33,imagesnew1/samune/samune1/CRM0002_クルーム_イブニング_1day_samune.jpg,https://raw.githubusercontent.com/y4m4usr/HL001-quiz-karacon-academia-new/e2cbacf2d8d24222662151e6c4ed3edab7444774/imagesnew1/samune/samune1/CRM0002_クルーム_イブニング_1day_samune.jpg,NG,606769,0,decode/reencode failed
2025-10-02T21:08:34,imagesnew1/samune/samune1/CRM0002_クルーム_スモークグレー_1day_samune.jpg,https://raw.githubusercontent.com/y4m4usr/HL001-quiz-karacon-academia-new/e2cbacf2d8d24222662151e6c4ed3edab7444774/imagesnew1/samune/samune1/CRM0002_クルーム_スモークグレー_1day_samune.jpg,NG,606799,0,decode/reencode failed
2025-10-02T21:08:34,imagesnew1/samune/samune1/CRM0002_クルーム_ピンクホリック_1day_samune.jpg,https://raw.githubusercontent.com/y4m4usr/HL001-quiz-karacon-academia-new/e2cbacf2d8d24222662151e6c4ed3edab7444774/imagesnew1/samune/samune1/CRM0002_クルーム_ピンクホリック_1day_samune.jpg,NG,606533,0,decode/reencode failed
2025-10-02T21:08:34,imagesnew1/samune/samune1/CRM0002_クルーム_ペアーミルク_1day_samune.jpg,https://raw.githubusercontent.com/y4m4usr/HL001-quiz-karacon-academia-new/e2cbacf2d8d24222662151e6c4ed3edab7444774/imagesnew1/samune/samune1/CRM0002_クルーム_ペアーミルク_1day_samune.jpg,NG,606630,0,decode/reencode failed
2025-10-02T21:08:35,imagesnew1/samune/samune1/CRM0002_クルーム_ベイビーキャット_1day_samune.jpg,https://raw.githubusercontent.com/y4m4usr/HL001-quiz-karacon-academia-new/e2cbacf2d8d24222662151e6c4ed3edab7444774/imagesnew1/samune/samune1/CRM0002_クルーム_ベイビーキャット_1day_samune.jpg,NG,608026,0,decode/reencode failed
2025-10-02T21:08:35,imagesnew1/samune/samune1/CRM0002_クルーム_リーフ_1day_samune.jpg,https://raw.githubusercontent.com/y4m4usr/HL001-quiz-karacon-academia-new/e2cbacf2d8d24222662151e6c4ed3edab7444774/imagesnew1/samune/samune1/CRM0002_クルーム_リーフ_1day_samune.jpg,NG,606643,0,decode/reencode failed
2025-10-02T21:08:35,imagesnew1/samune/samune1/DS0001_ダスティティー_依存ピンク_1day_samune.jpg,https://raw.githubusercontent.com/y4m4usr/HL001-quiz-karacon-academia-new/e2cbacf2d8d24222662151e6c4ed3edab7444774/imagesnew1/samune/samune1/DS0001_ダスティティー_依存ピンク_1day_samune.jpg,NG,606952,0,decode/reencode failed
2025-10-02T21:08:36,imagesnew1/samune/samune1/DS0001_ダスティティー_煩悩ブルー_1day_samune.jpg,https://raw.githubusercontent.com/y4m4usr/HL001-quiz-karacon-academia-new/e2cbacf2d8d24222662151e6c4ed3edab7444774/imagesnew1/samune/samune1/DS0001_ダスティティー_煩悩ブルー_1day_samune.jpg,NG,606997,0,decode/reencode failed
2025-10-02T21:08:36,imagesnew1/samune/samune1/DS0002_ダスティティー_狂愛ブラウン_1day_samune.jpg,https://raw.githubusercontent.com/y4m4usr/HL001-quiz-karacon-academia-new/e2cbacf2d8d24222662151e6c4ed3edab7444774/imagesnew1/samune/samune1/DS0002_ダスティティー_狂愛ブラウン_1day_samune.jpg,NG,606575,0,decode/reencode failed
2025-10-02T21:08:36,imagesnew1/samune/samune1/DS0002_ダスティティー_欲望グレー_1day_samune.jpg,https://raw.githubusercontent.com/y4m4usr/HL001-quiz-karacon-academia-new/e2cbacf2d8d24222662151e6c4ed3edab7444774/imagesnew1/samune/samune1/DS0002_ダスティティー_欲望グレー_1day_samune.jpg,NG,606844,0,decode/reencode failed
2025-10-02T21:08:37,imagesnew1/samune/samune1/DW0005_ドープウィンク_スパイシーグレー_1month_samune.jpg,https://raw.githubusercontent.com/y4m4usr/HL001-quiz-karacon-academia-new/e2cbacf2d8d24222662151e6c4ed3edab7444774/imagesnew1/samune/samune1/DW0005_ドープウィンク_スパイシーグレー_1month_samune.jpg,NG,606288,0,decode/reencode failed
2025-10-02T21:08:37,imagesnew1/samune/samune1/DW0005_ドープウィンク_チャームブラウン_1month_samune.jpg,https://raw.githubusercontent.com/y4m4usr/HL001-quiz-karacon-academia-new/e2cbacf2d8d24222662151e6c4ed3edab7444774/imagesnew1/samune/samune1/DW0005_ドープウィンク_チャームブラウン_1month_samune.jpg,NG,606942,0,decode/reencode failed
2025-10-02T21:08:37,imagesnew1/samune/samune1/DW0005_ドープウィンク_ブライトヘーゼル_1month_samune.jpg,https://raw.githubusercontent.com/y4m4usr/HL001-quiz-karacon-academia-new/e2cbacf2d8d24222662151e6c4ed3edab7444774/imagesnew1/samune/samune1/DW0005_ドープウィンク_ブライトヘーゼル_1month_samune.jpg,NG,606459,0,decode/reencode failed
2025-10-02T21:08:38,imagesnew1/samune/samune1/DW0009_ドープウィンク_アートグレー_1day_samune.jpg,https://raw.githubusercontent.com/y4m4usr/HL001-quiz-karacon-academia-new/e2cbacf2d8d24222662151e6c4ed3edab7444774/imagesnew1/samune/samune1/DW0009_ドープウィンク_アートグレー_1day_samune.jpg,NG,606549,0,decode/reencode failed
2025-10-02T21:08:38,imagesnew1/samune/samune1/DW0009_ドープウィンク_アシッドヘーゼル_1day_samune.jpg,https://raw.githubusercontent.com/y4m4usr/HL001-quiz-karacon-academia-new/e2cbacf2d8d24222662151e6c4ed3edab7444774/imagesnew1/samune/samune1/DW0009_ドープウィンク_アシッドヘーゼル_1day_samune.jpg,NG,606685,0,decode/reencode failed
2025-10-02T21:08:38,imagesnew1/samune/samune1/DW0009_ドープウィンク_インディゴアッシュ_1day_samune.jpg,https://raw.githubusercontent.com/y4m4usr/HL001-quiz-karacon-academia-new/e2cbacf2d8d24222662151e6c4ed3edab7444774/imagesnew1/samune/samune1/DW0009_ドープウィンク_インディゴアッシュ_1day_samune.jpg,NG,606593,0,decode/reencode failed
2025-10-02T21:08:38,imagesnew1/samune/samune1/DW0009_ドープウィンク_ヴェスタベージュ_1day_samune.jpg,https://raw.githubusercontent.com/y4m4usr/HL001-quiz-karacon-academia-new/e2cbacf2d8d24222662151e6c4ed3edab7444774/imagesnew1/samune/samune1/DW0009_ドープウィンク_ヴェスタベージュ_1day_samune.jpg,NG,606475,0,decode/reencode failed
2025-10-02T21:08:39,imagesnew1/samune/samune1/DW0009_ドープウィンク_サニーヘーゼル_1day_samune.jpg,https://raw.githubusercontent.com/y4m4usr/HL001-quiz-karacon-academia-new/e2cbacf2d8d24222662151e6c4ed3edab7444774/imagesnew1/samune/samune1/DW0009_ドープウィンク_サニーヘーゼル_1day_samune.jpg,NG,606457,0,decode/reencode failed
2025-10-02T21:08:39,imagesnew1/samune/samune1/DW0009_ドープウィンク_スタイルグレー_1day_samune.jpg,https://raw.githubusercontent.com/y4m4usr/HL001-quiz-karacon-academia-new/e2cbacf2d8d24222662151e6c4ed3edab7444774/imagesnew1/samune/samune1/DW0009_ドープウィンク_スタイルグレー_1day_samune.jpg,NG,607003,0,decode/reencode failed
2025-10-02T21:08:40,imagesnew1/samune/samune1/DW0009_ドープウィンク_スパイシーグレー_1day_samune.jpg,https://raw.githubusercontent.com/y4m4usr/HL001-quiz-karacon-academia-new/e2cbacf2d8d24222662151e6c4ed3edab7444774/imagesnew1/samune/samune1/DW0009_ドープウィンク_スパイシーグレー_1day_samune.jpg,NG,606722,0,decode/reencode failed
2025-10-02T21:08:40,imagesnew1/samune/samune1/DW0009_ドープウィンク_スルーベージュ_1day_samune.jpg,https://raw.githubusercontent.com/y4m4usr/HL001-quiz-karacon-academia-new/e2cbacf2d8d24222662151e6c4ed3edab7444774/imagesnew1/samune/samune1/DW0009_ドープウィンク_スルーベージュ_1day_samune.jpg,NG,606813,0,decode/reencode failed
2025-10-02T21:08:40,imagesnew1/samune/samune1/DW0009_ドープウィンク_ダスクベージュ_1day_samune.jpg,https://raw.githubusercontent.com/y4m4usr/HL001-quiz-karacon-academia-new/e2cbacf2d8d24222662151e6c4ed3edab7444774/imagesnew1/samune/samune1/DW0009_ドープウィンク_ダスクベージュ_1day_samune.jpg,NG,606785,0,decode/reencode failed
2025-10-02T21:08:40,imagesnew1/samune/samune1/DW0009_ドープウィンク_ビターブラウン_1day_samune.jpg,https://raw.githubusercontent.com/y4m4usr/HL001-quiz-karacon-academia-new/e2cbacf2d8d24222662151e6c4ed3edab7444774/imagesnew1/samune/samune1/DW0009_ドープウィンク_ビターブラウン_1day_samune.jpg,NG,606507,0,decode/reencode failed
2025-10-02T21:08:41,imagesnew1/samune/samune1/DW0009_ドープウィンク_ピンクオパール_1day_samune.jpg,https://raw.githubusercontent.com/y4m4usr/HL001-quiz-karacon-academia-new/e2cbacf2d8d24222662151e6c4ed3edab7444774/imagesnew1/samune/samune1/DW0009_ドープウィンク_ピンクオパール_1day_samune.jpg,NG,606928,0,decode/reencode failed
2025-10-02T21:08:41,imagesnew1/samune/samune1/DW0009_ドープウィンク_ヘーゼルベージュ_1day_samune.jpg,https://raw.githubusercontent.com/y4m4usr/HL001-quiz-karacon-academia-new/e2cbacf2d8d24222662151e6c4ed3edab7444774/imagesnew1/samune/samune1/DW0009_ドープウィンク_ヘーゼルベージュ_1day_samune.jpg,NG,606631,0,decode/reencode failed
2025-10-02T21:08:41,imagesnew1/samune/samune1/DW0011_ドープウィンク_イーヴンブラウン_1month_samune.jpg,https://raw.githubusercontent.com/y4m4usr/HL001-quiz-karacon-academia-new/e2cbacf2d8d24222662151e6c4ed3edab7444774/imagesnew1/samune/samune1/DW0011_ドープウィンク_イーヴンブラウン_1month_samune.jpg,NG,606807,0,decode/reencode failed
2025-10-02T21:08:42,imagesnew1/samune/samune1/DW0011_ドープウィンク_エゴグレー_1month_samune.jpg,https://raw.githubusercontent.com/y4m4usr/HL001-quiz-karacon-academia-new/e2cbacf2d8d24222662151e6c4ed3edab7444774/imagesnew1/samune/samune1/DW0011_ドープウィンク_エゴグレー_1month_samune.jpg,NG,606806,0,decode/reencode failed
2025-10-02T21:08:42,imagesnew1/samune/samune1/DW0014_ドープウィンク_ミラーベージュ_1month_samune.jpg,https://raw.githubusercontent.com/y4m4usr/HL001-quiz-karacon-academia-new/e2cbacf2d8d24222662151e6c4ed3edab7444774/imagesnew1/samune/samune1/DW0014_ドープウィンク_ミラーベージュ_1month_samune.jpg,NG,606341,0,decode/reencode failed
2025-10-02T21:08:42,imagesnew1/samune/samune1/DW0014_ドープウィンク_ラウンドブラウン_1month_samune.jpg,https://raw.githubusercontent.com/y4m4usr/HL001-quiz-karacon-academia-new/e2cbacf2d8d24222662151e6c4ed3edab7444774/imagesnew1/samune/samune1/DW0014_ドープウィンク_ラウンドブラウン_1month_samune.jpg,NG,606525,0,decode/reencode failed
2025-10-02T21:08:43,imagesnew1/samune/samune1/EC0002_エバーカラー_アプリコットブラウン_1day_samune.jpg,https://raw.githubusercontent.com/y4m4usr/HL001-quiz-karacon-academia-new/e2cbacf2d8d24222662151e6c4ed3edab7444774/imagesnew1/samune/samune1/EC0002_エバーカラー_アプリコットブラウン_1day_samune.jpg,NG,606483,0,decode/reencode failed
2025-10-02T21:08:43,imagesnew1/samune/samune1/EC0002_エバーカラー_くぎづけの心_1day_samune.jpg,https://raw.githubusercontent.com/y4m4usr/HL001-quiz-karacon-academia-new/e2cbacf2d8d24222662151e6c4ed3edab7444774/imagesnew1/samune/samune1/EC0002_エバーカラー_くぎづけの心_1day_samune.jpg,NG,606825,0,decode/reencode failed
2025-10-02T21:08:43,imagesnew1/samune/samune1/EC0002_エバーカラー_クラシックチーク_1day_samune.jpg,https://raw.githubusercontent.com/y4m4usr/HL001-quiz-karacon-academia-new/e2cbacf2d8d24222662151e6c4ed3edab7444774/imagesnew1/samune/samune1/EC0002_エバーカラー_クラシックチーク_1day_samune.jpg,NG,606293,0,decode/reencode failed
2025-10-02T21:08:44,imagesnew1/samune/samune1/EC0002_エバーカラー_クリアキャメル_1day_samune.jpg,https://raw.githubusercontent.com/y4m4usr/HL001-quiz-karacon-academia-new/e2cbacf2d8d24222662151e6c4ed3edab7444774/imagesnew1/samune/samune1/EC0002_エバーカラー_クリアキャメル_1day_samune.jpg,NG,607037,0,decode/reencode failed
2025-10-02T21:08:44,imagesnew1/samune/samune1/EC0002_エバーカラー_シャンパンブラウン_1day_samune.jpg,https://raw.githubusercontent.com/y4m4usr/HL001-quiz-karacon-academia-new/e2cbacf2d8d24222662151e6c4ed3edab7444774/imagesnew1/samune/samune1/EC0002_エバーカラー_シャンパンブラウン_1day_samune.jpg,NG,606496,0,decode/reencode failed
2025-10-02T21:08:44,imagesnew1/samune/samune1/EC0002_エバーカラー_スムースコーラル_1day_samune.jpg,https://raw.githubusercontent.com/y4m4usr/HL001-quiz-karacon-academia-new/e2cbacf2d8d24222662151e6c4ed3edab7444774/imagesnew1/samune/samune1/EC0002_エバーカラー_スムースコーラル_1day_samune.jpg,NG,606696,0,decode/reencode failed
2025-10-02T21:08:45,imagesnew1/samune/samune1/EC0002_エバーカラー_テディモカ_1day_samune.jpg,https://raw.githubusercontent.com/y4m4usr/HL001-quiz-karacon-academia-new/e2cbacf2d8d24222662151e6c4ed3edab7444774/imagesnew1/samune/samune1/EC0002_エバーカラー_テディモカ_1day_samune.jpg,NG,607129,0,decode/reencode failed
2025-10-02T21:08:45,imagesnew1/samune/samune1/EC0002_エバーカラー_ナチュラルブラウン_1day_samune.jpg,https://raw.githubusercontent.com/y4m4usr/HL001-quiz-karacon-academia-new/e2cbacf2d8d24222662151e6c4ed3edab7444774/imagesnew1/samune/samune1/EC0002_エバーカラー_ナチュラルブラウン_1day_samune.jpg,NG,606717,0,decode/reencode failed
2025-10-02T21:08:45,imagesnew1/samune/samune1/EC0002_エバーカラー_ナチュラルブラック_1day_samune.jpg,https://raw.githubusercontent.com/y4m4usr/HL001-quiz-karacon-academia-new/e2cbacf2d8d24222662151e6c4ed3edab7444774/imagesnew1/samune/samune1/EC0002_エバーカラー_ナチュラルブラック_1day_samune.jpg,NG,606584,0,decode/reencode failed
2025-10-02T21:08:46,imagesnew1/samune/samune1/EC0002_エバーカラー_ナチュラルモカ_1day_samune.jpg,https://raw.githubusercontent.com/y4m4usr/HL001-quiz-karacon-academia-new/e2cbacf2d8d24222662151e6c4ed3edab7444774/imagesnew1/samune/samune1/EC0002_エバーカラー_ナチュラルモカ_1day_samune.jpg,NG,606603,0,decode/reencode failed
2025-10-02T21:08:46,imagesnew1/samune/samune1/EC0002_エバーカラー_パールスノーグレー_1day_samune.jpg,https://raw.githubusercontent.com/y4m4usr/HL001-quiz-karacon-academia-new/e2cbacf2d8d24222662151e6c4ed3edab7444774/imagesnew1/samune/samune1/EC0002_エバーカラー_パールスノーグレー_1day_samune.jpg,NG,606790,0,decode/reencode failed
2025-10-02T21:08:46,imagesnew1/samune/samune1/EC0002_エバーカラー_パールベージュ_1day_samune.jpg,https://raw.githubusercontent.com/y4m4usr/HL001-quiz-karacon-academia-new/e2cbacf2d8d24222662151e6c4ed3edab7444774/imagesnew1/samune/samune1/EC0002_エバーカラー_パールベージュ_1day_samune.jpg,NG,607224,0,decode/reencode failed
2025-10-02T21:08:47,imagesnew1/samune/samune1/EC0002_エバーカラー_ひとめぼれの恋_1day_samune.jpg,https://raw.githubusercontent.com/y4m4usr/HL001-quiz-karacon-academia-new/e2cbacf2d8d24222662151e6c4ed3edab7444774/imagesnew1/samune/samune1/EC0002_エバーカラー_ひとめぼれの恋_1day_samune.jpg,NG,606361,0,decode/reencode failed
2025-10-02T21:08:48,imagesnew1/samune/samune1/EC0002_エバーカラー_ミルクブラウニー_1day_samune.jpg,https://raw.githubusercontent.com/y4m4usr/HL001-quiz-karacon-academia-new/e2cbacf2d8d24222662151e6c4ed3edab7444774/imagesnew1/samune/samune1/EC0002_エバーカラー_ミルクブラウニー_1day_samune.jpg,NG,606766,0,decode/reencode failed
2025-10-02T21:08:48,imagesnew1/samune/samune1/EC0005_エバーカラー_ティアーミューズ_1day_samune.jpg,https://raw.githubusercontent.com/y4m4usr/HL001-quiz-karacon-academia-new/e2cbacf2d8d24222662151e6c4ed3edab7444774/imagesnew1/samune/samune1/EC0005_エバーカラー_ティアーミューズ_1day_samune.jpg,NG,606867,0,decode/reencode failed
2025-10-02T21:08:48,imagesnew1/samune/samune1/EC0005_エバーカラー_ブラウンマリアージュ_1day_samune.jpg,https://raw.githubusercontent.com/y4m4usr/HL001-quiz-karacon-academia-new/e2cbacf2d8d24222662151e6c4ed3edab7444774/imagesnew1/samune/samune1/EC0005_エバーカラー_ブラウンマリアージュ_1day_samune.jpg,NG,608208,0,decode/reencode failed
2025-10-02T21:08:49,imagesnew1/samune/samune1/EC0005_エバーカラー_ローズミューズ_1day_samune.jpg,https://raw.githubusercontent.com/y4m4usr/HL001-quiz-karacon-academia-new/e2cbacf2d8d24222662151e6c4ed3edab7444774/imagesnew1/samune/samune1/EC0005_エバーカラー_ローズミューズ_1day_samune.jpg,NG,607785,0,decode/reencode failed
2025-10-02T21:08:50,imagesnew1/samune/samune1/EC0010_エバーカラー_あまえんぼカカオ_1day_samune.jpg,https://raw.githubusercontent.com/y4m4usr/HL001-quiz-karacon-academia-new/e2cbacf2d8d24222662151e6c4ed3edab7444774/imagesnew1/samune/samune1/EC0010_エバーカラー_あまえんぼカカオ_1day_samune.jpg,NG,606829,0,decode/reencode failed
2025-10-02T21:08:50,imagesnew1/samune/samune1/EC0010_エバーカラー_おねだりパール_1day_samune.jpg,https://raw.githubusercontent.com/y4m4usr/HL001-quiz-karacon-academia-new/e2cbacf2d8d24222662151e6c4ed3edab7444774/imagesnew1/samune/samune1/EC0010_エバーカラー_おねだりパール_1day_samune.jpg,NG,606649,0,decode/reencode failed
2025-10-02T21:08:50,imagesnew1/samune/samune1/EC0010_エバーカラー_じらしてショコラ_1day_samune.jpg,https://raw.githubusercontent.com/y4m4usr/HL001-quiz-karacon-academia-new/e2cbacf2d8d24222662151e6c4ed3edab7444774/imagesnew1/samune/samune1/EC0010_エバーカラー_じらしてショコラ_1day_samune.jpg,NG,606741,0,decode/reencode failed
2025-10-02T21:08:51,imagesnew1/samune/samune1/EC0010_エバーカラー_ときめきホイップ_1day_samune.jpg,https://raw.githubusercontent.com/y4m4usr/HL001-quiz-karacon-academia-new/e2cbacf2d8d24222662151e6c4ed3edab7444774/imagesnew1/samune/samune1/EC0010_エバーカラー_ときめきホイップ_1day_samune.jpg,NG,606710,0,decode/reencode failed
2025-10-02T21:08:51,imagesnew1/samune/samune1/EC0010_エバーカラー_なまいきシュガー_1day_samune.jpg,https://raw.githubusercontent.com/y4m4usr/HL001-quiz-karacon-academia-new/e2cbacf2d8d24222662151e6c4ed3edab7444774/imagesnew1/samune/samune1/EC0010_エバーカラー_なまいきシュガー_1day_samune.jpg,NG,606958,0,decode/reencode failed
2025-10-02T21:08:51,imagesnew1/samune/samune1/EC0010_エバーカラー_はじらいベイビー_1day_samune.jpg,https://raw.githubusercontent.com/y4m4usr/HL001-quiz-karacon-academia-new/e2cbacf2d8d24222662151e6c4ed3edab7444774/imagesnew1/samune/samune1/EC0010_エバーカラー_はじらいベイビー_1day_samune.jpg,NG,607321,0,decode/reencode failed
2025-10-02T21:08:52,imagesnew1/samune/samune1/EC0010_エバーカラー_まどわせパール_1day_samune.jpg,https://raw.githubusercontent.com/y4m4usr/HL001-quiz-karacon-academia-new/e2cbacf2d8d24222662151e6c4ed3edab7444774/imagesnew1/samune/samune1/EC0010_エバーカラー_まどわせパール_1day_samune.jpg,NG,606379,0,decode/reencode failed
2025-10-02T21:08:52,imagesnew1/samune/samune1/EC0010_エバーカラー_よくばりシロップ_1day_samune.jpg,https://raw.githubusercontent.com/y4m4usr/HL001-quiz-karacon-academia-new/e2cbacf2d8d24222662151e6c4ed3edab7444774/imagesnew1/samune/samune1/EC0010_エバーカラー_よくばりシロップ_1day_samune.jpg,NG,608117,0,decode/reencode failed
2025-10-02T21:08:52,imagesnew1/samune/samune1/EC0011_エバーカラー_アプリコットブラウン_1month_samune.jpg,https://raw.githubusercontent.com/y4m4usr/HL001-quiz-karacon-academia-new/e2cbacf2d8d24222662151e6c4ed3edab7444774/imagesnew1/samune/samune1/EC0011_エバーカラー_アプリコットブラウン_1month_samune.jpg,NG,606817,0,decode/reencode failed
2025-10-02T21:08:52,imagesnew1/samune/samune1/EC0011_エバーカラー_シロップリング_1month_samune.jpg,https://raw.githubusercontent.com/y4m4usr/HL001-quiz-karacon-academia-new/e2cbacf2d8d24222662151e6c4ed3edab7444774/imagesnew1/samune/samune1/EC0011_エバーカラー_シロップリング_1month_samune.jpg,NG,606512,0,decode/reencode failed
2025-10-02T21:08:53,imagesnew1/samune/samune1/EC0011_エバーカラー_ナチュラルブラウン_1month_samune.jpg,https://raw.githubusercontent.com/y4m4usr/HL001-quiz-karacon-academia-new/e2cbacf2d8d24222662151e6c4ed3edab7444774/imagesnew1/samune/samune1/EC0011_エバーカラー_ナチュラルブラウン_1month_samune.jpg,NG,606549,0,decode/reencode failed
2025-10-02T21:08:53,imagesnew1/samune/samune1/EC0011_エバーカラー_ナチュラルブラック_1month_samune.jpg,https://raw.githubusercontent.com/y4m4usr/HL001-quiz-karacon-academia-new/e2cbacf2d8d24222662151e6c4ed3edab7444774/imagesnew1/samune/samune1/EC0011_エバーカラー_ナチュラルブラック_1month_samune.jpg,NG,606537,0,decode/reencode failed
2025-10-02T21:08:53,imagesnew1/samune/samune1/EC0011_エバーカラー_パールスノーグレー_1month_samune.jpg,https://raw.githubusercontent.com/y4m4usr/HL001-quiz-karacon-academia-new/e2cbacf2d8d24222662151e6c4ed3edab7444774/imagesnew1/samune/samune1/EC0011_エバーカラー_パールスノーグレー_1month_samune.jpg,NG,607048,0,decode/reencode failed
2025-10-02T21:08:54,imagesnew1/samune/samune1/EC0011_エバーカラー_パールベージュ_1month_samune.jpg,https://raw.githubusercontent.com/y4m4usr/HL001-quiz-karacon-academia-new/e2cbacf2d8d24222662151e6c4ed3edab7444774/imagesnew1/samune/samune1/EC0011_エバーカラー_パールベージュ_1month_samune.jpg,NG,606911,0,decode/reencode failed
2025-10-02T21:08:54,imagesnew1/samune/samune1/EC0011_エバーカラー_ピュアマカロン_1month_samune.jpg,https://raw.githubusercontent.com/y4m4usr/HL001-quiz-karacon-academia-new/e2cbacf2d8d24222662151e6c4ed3edab7444774/imagesnew1/samune/samune1/EC0011_エバーカラー_ピュアマカロン_1month_samune.jpg,NG,606810,0,decode/reencode failed
2025-10-02T21:08:54,imagesnew1/samune/samune1/EC0011_エバーカラー_ベイビードロップ_1month_samune.jpg,https://raw.githubusercontent.com/y4m4usr/HL001-quiz-karacon-academia-new/e2cbacf2d8d24222662151e6c4ed3edab7444774/imagesnew1/samune/samune1/EC0011_エバーカラー_ベイビードロップ_1month_samune.jpg,NG,606202,0,decode/reencode failed
2025-10-02T21:08:55,imagesnew1/samune/samune1/ECC0001_アイシクル_ウィンター_1day_samune.jpg,https://raw.githubusercontent.com/y4m4usr/HL001-quiz-karacon-academia-new/e2cbacf2d8d24222662151e6c4ed3edab7444774/imagesnew1/samune/samune1/ECC0001_アイシクル_ウィンター_1day_samune.jpg,NG,606634,0,decode/reencode failed
2025-10-02T21:08:55,imagesnew1/samune/samune1/ECC0001_アイシクル_トワイライト_1day_samune.jpg,https://raw.githubusercontent.com/y4m4usr/HL001-quiz-karacon-academia-new/e2cbacf2d8d24222662151e6c4ed3edab7444774/imagesnew1/samune/samune1/ECC0001_アイシクル_トワイライト_1day_samune.jpg,NG,606391,0,decode/reencode failed
2025-10-02T21:08:55,imagesnew1/samune/samune1/ECC0001_アイシクル_ノクターナル_1day_samune.jpg,https://raw.githubusercontent.com/y4m4usr/HL001-quiz-karacon-academia-new/e2cbacf2d8d24222662151e6c4ed3edab7444774/imagesnew1/samune/samune1/ECC0001_アイシクル_ノクターナル_1day_samune.jpg,NG,606498,0,decode/reencode failed
2025-10-02T21:08:56,imagesnew1/samune/samune1/ECC0001_アイシクル_ブラウンネージュ_1day_samune.jpg,https://raw.githubusercontent.com/y4m4usr/HL001-quiz-karacon-academia-new/e2cbacf2d8d24222662151e6c4ed3edab7444774/imagesnew1/samune/samune1/ECC0001_アイシクル_ブラウンネージュ_1day_samune.jpg,NG,606442,0,decode/reencode failed
2025-10-02T21:08:56,imagesnew1/samune/samune1/ECC0001_アイシクル_ポラリス_1day_samune.jpg,https://raw.githubusercontent.com/y4m4usr/HL001-quiz-karacon-academia-new/e2cbacf2d8d24222662151e6c4ed3edab7444774/imagesnew1/samune/samune1/ECC0001_アイシクル_ポラリス_1day_samune.jpg,NG,606287,0,decode/reencode failed
2025-10-02T21:08:56,imagesnew1/samune/samune1/ECL0001_アイクローゼット_ガウスショコラ_1month_samune.jpg,https://raw.githubusercontent.com/y4m4usr/HL001-quiz-karacon-academia-new/e2cbacf2d8d24222662151e6c4ed3edab7444774/imagesnew1/samune/samune1/ECL0001_アイクローゼット_ガウスショコラ_1month_samune.jpg,NG,606631,0,decode/reencode failed
2025-10-02T21:08:57,imagesnew1/samune/samune1/ECL0001_アイクローゼット_クリアベージュ_1month_samune.jpg,https://raw.githubusercontent.com/y4m4usr/HL001-quiz-karacon-academia-new/e2cbacf2d8d24222662151e6c4ed3edab7444774/imagesnew1/samune/samune1/ECL0001_アイクローゼット_クリアベージュ_1month_samune.jpg,NG,606580,0,decode/reencode failed
2025-10-02T21:08:57,imagesnew1/samune/samune1/ECL0001_アイクローゼット_さつまいも_1month_samune.jpg,https://raw.githubusercontent.com/y4m4usr/HL001-quiz-karacon-academia-new/e2cbacf2d8d24222662151e6c4ed3edab7444774/imagesnew1/samune/samune1/ECL0001_アイクローゼット_さつまいも_1month_samune.jpg,NG,606549,0,decode/reencode failed
2025-10-02T21:08:57,imagesnew1/samune/samune1/ECL0001_アイクローゼット_しずく_1month_samune.jpg,https://raw.githubusercontent.com/y4m4usr/HL001-quiz-karacon-academia-new/e2cbacf2d8d24222662151e6c4ed3edab7444774/imagesnew1/samune/samune1/ECL0001_アイクローゼット_しずく_1month_samune.jpg,NG,607169,0,decode/reencode failed
2025-10-02T21:08:58,imagesnew1/samune/samune1/ECL0001_アイクローゼット_シナモンエンジェル_1month_samune.jpg,https://raw.githubusercontent.com/y4m4usr/HL001-quiz-karacon-academia-new/e2cbacf2d8d24222662151e6c4ed3edab7444774/imagesnew1/samune/samune1/ECL0001_アイクローゼット_シナモンエンジェル_1month_samune.jpg,NG,606843,0,decode/reencode failed
2025-10-02T21:08:58,imagesnew1/samune/samune1/ECL0001_アイクローゼット_シナモンラテ_1month_samune.jpg,https://raw.githubusercontent.com/y4m4usr/HL001-quiz-karacon-academia-new/e2cbacf2d8d24222662151e6c4ed3edab7444774/imagesnew1/samune/samune1/ECL0001_アイクローゼット_シナモンラテ_1month_samune.jpg,NG,606644,0,decode/reencode failed
2025-10-02T21:08:58,imagesnew1/samune/samune1/ECL0001_アイクローゼット_ショコラベーグル_1month_samune.jpg,https://raw.githubusercontent.com/y4m4usr/HL001-quiz-karacon-academia-new/e2cbacf2d8d24222662151e6c4ed3edab7444774/imagesnew1/samune/samune1/ECL0001_アイクローゼット_ショコラベーグル_1month_samune.jpg,NG,607758,0,decode/reencode failed
2025-10-02T21:08:59,imagesnew1/samune/samune1/ECL0001_アイクローゼット_シルエットキャメル_1month_samune.jpg,https://raw.githubusercontent.com/y4m4usr/HL001-quiz-karacon-academia-new/e2cbacf2d8d24222662151e6c4ed3edab7444774/imagesnew1/samune/samune1/ECL0001_アイクローゼット_シルエットキャメル_1month_samune.jpg,NG,606499,0,decode/reencode failed
2025-10-02T21:08:59,imagesnew1/samune/samune1/ECL0001_アイクローゼット_ピーナッツベーグル_1month_samune.jpg,https://raw.githubusercontent.com/y4m4usr/HL001-quiz-karacon-academia-new/e2cbacf2d8d24222662151e6c4ed3edab7444774/imagesnew1/samune/samune1/ECL0001_アイクローゼット_ピーナッツベーグル_1month_samune.jpg,NG,606721,0,decode/reencode failed
2025-10-02T21:08:59,imagesnew1/samune/samune1/ECL0001_アイクローゼット_ほっぺ_1month_samune.jpg,https://raw.githubusercontent.com/y4m4usr/HL001-quiz-karacon-academia-new/e2cbacf2d8d24222662151e6c4ed3edab7444774/imagesnew1/samune/samune1/ECL0001_アイクローゼット_ほっぺ_1month_samune.jpg,NG,606905,0,decode/reencode failed
2025-10-02T21:09:00,imagesnew1/samune/samune1/ECL0001_アイクローゼット_ホログレー_1month_samune.jpg,https://raw.githubusercontent.com/y4m4usr/HL001-quiz-karacon-academia-new/e2cbacf2d8d24222662151e6c4ed3edab7444774/imagesnew1/samune/samune1/ECL0001_アイクローゼット_ホログレー_1month_samune.jpg,NG,606553,0,decode/reencode failed
2025-10-02T21:09:00,imagesnew1/samune/samune1/ECL0001_アイクローゼット_ホロブラウン_1month_samune.jpg,https://raw.githubusercontent.com/y4m4usr/HL001-quiz-karacon-academia-new/e2cbacf2d8d24222662151e6c4ed3edab7444774/imagesnew1/samune/samune1/ECL0001_アイクローゼット_ホロブラウン_1month_samune.jpg,NG,606681,0,decode/reencode failed
2025-10-02T21:09:00,imagesnew1/samune/samune1/ECL0001_アイクローゼット_ホロベージュ_1month_samune.jpg,https://raw.githubusercontent.com/y4m4usr/HL001-quiz-karacon-academia-new/e2cbacf2d8d24222662151e6c4ed3edab7444774/imagesnew1/samune/samune1/ECL0001_アイクローゼット_ホロベージュ_1month_samune.jpg,NG,606654,0,decode/reencode failed
2025-10-02T21:09:01,imagesnew1/samune/samune1/ECL0001_アイクローゼット_みずあめ_1month_samune.jpg,https://raw.githubusercontent.com/y4m4usr/HL001-quiz-karacon-academia-new/e2cbacf2d8d24222662151e6c4ed3edab7444774/imagesnew1/samune/samune1/ECL0001_アイクローゼット_みずあめ_1month_samune.jpg,NG,607082,0,decode/reencode failed
2025-10-02T21:09:01,imagesnew1/samune/samune1/ECL0001_アイクローゼット_ミルクティベーグル_1month_samune.jpg,https://raw.githubusercontent.com/y4m4usr/HL001-quiz-karacon-academia-new/e2cbacf2d8d24222662151e6c4ed3edab7444774/imagesnew1/samune/samune1/ECL0001_アイクローゼット_ミルクティベーグル_1month_samune.jpg,NG,606764,0,decode/reencode failed
2025-10-02T21:09:01,imagesnew1/samune/samune1/ECL0001_アイクローゼット_ロゼベージュ_1month_samune.jpg,https://raw.githubusercontent.com/y4m4usr/HL001-quiz-karacon-academia-new/e2cbacf2d8d24222662151e6c4ed3edab7444774/imagesnew1/samune/samune1/ECL0001_アイクローゼット_ロゼベージュ_1month_samune.jpg,NG,606659,0,decode/reencode failed
2025-10-02T21:09:02,imagesnew1/samune/samune1/ECL0002_アイクローゼット_ガウスショコラ_1day_samune.jpg,https://raw.githubusercontent.com/y4m4usr/HL001-quiz-karacon-academia-new/e2cbacf2d8d24222662151e6c4ed3edab7444774/imagesnew1/samune/samune1/ECL0002_アイクローゼット_ガウスショコラ_1day_samune.jpg,NG,606649,0,decode/reencode failed
2025-10-02T21:09:02,imagesnew1/samune/samune1/ECL0002_アイクローゼット_クリアベージュ_1day_samune.jpg,https://raw.githubusercontent.com/y4m4usr/HL001-quiz-karacon-academia-new/e2cbacf2d8d24222662151e6c4ed3edab7444774/imagesnew1/samune/samune1/ECL0002_アイクローゼット_クリアベージュ_1day_samune.jpg,NG,606522,0,decode/reencode failed
2025-10-02T21:09:02,imagesnew1/samune/samune1/ECL0002_アイクローゼット_クリアベージュコーラル_1day_samune.jpg,https://raw.githubusercontent.com/y4m4usr/HL001-quiz-karacon-academia-new/e2cbacf2d8d24222662151e6c4ed3edab7444774/imagesnew1/samune/samune1/ECL0002_アイクローゼット_クリアベージュコーラル_1day_samune.jpg,NG,606499,0,decode/reencode failed
2025-10-02T21:09:02,imagesnew1/samune/samune1/ECL0002_アイクローゼット_さつまいも_1day_samune.jpg,https://raw.githubusercontent.com/y4m4usr/HL001-quiz-karacon-academia-new/e2cbacf2d8d24222662151e6c4ed3edab7444774/imagesnew1/samune/samune1/ECL0002_アイクローゼット_さつまいも_1day_samune.jpg,NG,606845,0,decode/reencode failed
2025-10-02T21:09:03,imagesnew1/samune/samune1/ECL0002_アイクローゼット_しずく_1day_samune.jpg,https://raw.githubusercontent.com/y4m4usr/HL001-quiz-karacon-academia-new/e2cbacf2d8d24222662151e6c4ed3edab7444774/imagesnew1/samune/samune1/ECL0002_アイクローゼット_しずく_1day_samune.jpg,NG,606491,0,decode/reencode failed
2025-10-02T21:09:03,imagesnew1/samune/samune1/ECL0002_アイクローゼット_シナモンエンジェル_1day_samune.jpg,https://raw.githubusercontent.com/y4m4usr/HL001-quiz-karacon-academia-new/e2cbacf2d8d24222662151e6c4ed3edab7444774/imagesnew1/samune/samune1/ECL0002_アイクローゼット_シナモンエンジェル_1day_samune.jpg,NG,606721,0,decode/reencode failed
2025-10-02T21:09:03,imagesnew1/samune/samune1/ECL0002_アイクローゼット_ショコラベーグル_1day_samune.jpg,https://raw.githubusercontent.com/y4m4usr/HL001-quiz-karacon-academia-new/e2cbacf2d8d24222662151e6c4ed3edab7444774/imagesnew1/samune/samune1/ECL0002_アイクローゼット_ショコラベーグル_1day_samune.jpg,NG,606478,0,decode/reencode failed
2025-10-02T21:09:04,imagesnew1/samune/samune1/ECL0002_アイクローゼット_シルエットキャメル_1day_samune.jpg,https://raw.githubusercontent.com/y4m4usr/HL001-quiz-karacon-academia-new/e2cbacf2d8d24222662151e6c4ed3edab7444774/imagesnew1/samune/samune1/ECL0002_アイクローゼット_シルエットキャメル_1day_samune.jpg,NG,606514,0,decode/reencode failed
2025-10-02T21:09:04,imagesnew1/samune/samune1/ECL0002_アイクローゼット_ピーナッツベーグル_1day_samune.jpg,https://raw.githubusercontent.com/y4m4usr/HL001-quiz-karacon-academia-new/e2cbacf2d8d24222662151e6c4ed3edab7444774/imagesnew1/samune/samune1/ECL0002_アイクローゼット_ピーナッツベーグル_1day_samune.jpg,NG,606755,0,decode/reencode failed
2025-10-02T21:09:04,imagesnew1/samune/samune1/ECL0002_アイクローゼット_ほっぺ_1day_samune.jpg,https://raw.githubusercontent.com/y4m4usr/HL001-quiz-karacon-academia-new/e2cbacf2d8d24222662151e6c4ed3edab7444774/imagesnew1/samune/samune1/ECL0002_アイクローゼット_ほっぺ_1day_samune.jpg,NG,606709,0,decode/reencode failed
2025-10-02T21:09:05,imagesnew1/samune/samune1/ECL0002_アイクローゼット_ホログレー_1day_samune.jpg,https://raw.githubusercontent.com/y4m4usr/HL001-quiz-karacon-academia-new/e2cbacf2d8d24222662151e6c4ed3edab7444774/imagesnew1/samune/samune1/ECL0002_アイクローゼット_ホログレー_1day_samune.jpg,NG,606342,0,decode/reencode failed
2025-10-02T21:09:05,imagesnew1/samune/samune1/ECL0002_アイクローゼット_ホロブラウン_1day_samune.jpg,https://raw.githubusercontent.com/y4m4usr/HL001-quiz-karacon-academia-new/e2cbacf2d8d24222662151e6c4ed3edab7444774/imagesnew1/samune/samune1/ECL0002_アイクローゼット_ホロブラウン_1day_samune.jpg,NG,606449,0,decode/reencode failed
2025-10-02T21:09:05,imagesnew1/samune/samune1/ECL0002_アイクローゼット_ホロベージュ_1day_samune.jpg,https://raw.githubusercontent.com/y4m4usr/HL001-quiz-karacon-academia-new/e2cbacf2d8d24222662151e6c4ed3edab7444774/imagesnew1/samune/samune1/ECL0002_アイクローゼット_ホロベージュ_1day_samune.jpg,NG,606946,0,decode/reencode failed
2025-10-02T21:09:06,imagesnew1/samune/samune1/ECL0002_アイクローゼット_みずあめ_1day_samune.jpg,https://raw.githubusercontent.com/y4m4usr/HL001-quiz-karacon-academia-new/e2cbacf2d8d24222662151e6c4ed3edab7444774/imagesnew1/samune/samune1/ECL0002_アイクローゼット_みずあめ_1day_samune.jpg,NG,606757,0,decode/reencode failed
2025-10-02T21:09:06,imagesnew1/samune/samune1/ECL0002_アイクローゼット_ミルクティベーグル_1day_samune.jpg,https://raw.githubusercontent.com/y4m4usr/HL001-quiz-karacon-academia-new/e2cbacf2d8d24222662151e6c4ed3edab7444774/imagesnew1/samune/samune1/ECL0002_アイクローゼット_ミルクティベーグル_1day_samune.jpg,NG,606612,0,decode/reencode failed
2025-10-02T21:09:06,imagesnew1/samune/samune1/ECL0002_アイクローゼット_モクモクベーグル_1day_samune.jpg,https://raw.githubusercontent.com/y4m4usr/HL001-quiz-karacon-academia-new/e2cbacf2d8d24222662151e6c4ed3edab7444774/imagesnew1/samune/samune1/ECL0002_アイクローゼット_モクモクベーグル_1day_samune.jpg,NG,606812,0,decode/reencode failed
2025-10-02T21:09:07,imagesnew1/samune/samune1/ECL0006_アイクローゼット_アクアブラウン_1day_samune.jpg,https://raw.githubusercontent.com/y4m4usr/HL001-quiz-karacon-academia-new/e2cbacf2d8d24222662151e6c4ed3edab7444774/imagesnew1/samune/samune1/ECL0006_アイクローゼット_アクアブラウン_1day_samune.jpg,NG,606196,0,decode/reencode failed
2025-10-02T21:09:07,imagesnew1/samune/samune1/ECL0006_アイクローゼット_アクアブラック_1day_samune.jpg,https://raw.githubusercontent.com/y4m4usr/HL001-quiz-karacon-academia-new/e2cbacf2d8d24222662151e6c4ed3edab7444774/imagesnew1/samune/samune1/ECL0006_アイクローゼット_アクアブラック_1day_samune.jpg,NG,606753,0,decode/reencode failed
2025-10-02T21:09:08,imagesnew1/samune/samune1/ECL0006_アイクローゼット_イナズマピンク_1day_samune.jpg,https://raw.githubusercontent.com/y4m4usr/HL001-quiz-karacon-academia-new/e2cbacf2d8d24222662151e6c4ed3edab7444774/imagesnew1/samune/samune1/ECL0006_アイクローゼット_イナズマピンク_1day_samune.jpg,NG,606485,0,decode/reencode failed
2025-10-02T21:09:08,imagesnew1/samune/samune1/ECL0006_アイクローゼット_こっぺぱん_1day_samune.jpg,https://raw.githubusercontent.com/y4m4usr/HL001-quiz-karacon-academia-new/e2cbacf2d8d24222662151e6c4ed3edab7444774/imagesnew1/samune/samune1/ECL0006_アイクローゼット_こっぺぱん_1day_samune.jpg,NG,606990,0,decode/reencode failed
2025-10-02T21:09:09,imagesnew1/samune/samune1/ECL0006_アイクローゼット_シラタマブラウン_1day_samune.jpg,https://raw.githubusercontent.com/y4m4usr/HL001-quiz-karacon-academia-new/e2cbacf2d8d24222662151e6c4ed3edab7444774/imagesnew1/samune/samune1/ECL0006_アイクローゼット_シラタマブラウン_1day_samune.jpg,NG,606648,0,decode/reencode failed
2025-10-02T21:09:09,imagesnew1/samune/samune1/ECL0006_アイクローゼット_パウダー_1day_samune.jpg,https://raw.githubusercontent.com/y4m4usr/HL001-quiz-karacon-academia-new/e2cbacf2d8d24222662151e6c4ed3edab7444774/imagesnew1/samune/samune1/ECL0006_アイクローゼット_パウダー_1day_samune.jpg,NG,606666,0,decode/reencode failed
2025-10-02T21:09:09,imagesnew1/samune/samune1/ECL0006_アイクローゼット_ピンクグレープ_1day_samune.jpg,https://raw.githubusercontent.com/y4m4usr/HL001-quiz-karacon-academia-new/e2cbacf2d8d24222662151e6c4ed3edab7444774/imagesnew1/samune/samune1/ECL0006_アイクローゼット_ピンクグレープ_1day_samune.jpg,NG,606742,0,decode/reencode failed
2025-10-02T21:09:10,imagesnew1/samune/samune1/ECL0006_アイクローゼット_フワトログレージュ_1day_samune.jpg,https://raw.githubusercontent.com/y4m4usr/HL001-quiz-karacon-academia-new/e2cbacf2d8d24222662151e6c4ed3edab7444774/imagesnew1/samune/samune1/ECL0006_アイクローゼット_フワトログレージュ_1day_samune.jpg,NG,606410,0,decode/reencode failed
2025-10-02T21:09:10,imagesnew1/samune/samune1/ECL0006_アイクローゼット_マシュマロ_1day_samune.jpg,https://raw.githubusercontent.com/y4m4usr/HL001-quiz-karacon-academia-new/e2cbacf2d8d24222662151e6c4ed3edab7444774/imagesnew1/samune/samune1/ECL0006_アイクローゼット_マシュマロ_1day_samune.jpg,NG,606754,0,decode/reencode failed
2025-10-02T21:09:10,imagesnew1/samune/samune1/ECL0020_アイクローゼット_クリームコフレ_1day_samune.jpg,https://raw.githubusercontent.com/y4m4usr/HL001-quiz-karacon-academia-new/e2cbacf2d8d24222662151e6c4ed3edab7444774/imagesnew1/samune/samune1/ECL0020_アイクローゼット_クリームコフレ_1day_samune.jpg,NG,606460,0,decode/reencode failed
2025-10-02T21:09:11,imagesnew1/samune/samune1/ECL0020_アイクローゼット_コーヒーコフレ_1day_samune.jpg,https://raw.githubusercontent.com/y4m4usr/HL001-quiz-karacon-academia-new/e2cbacf2d8d24222662151e6c4ed3edab7444774/imagesnew1/samune/samune1/ECL0020_アイクローゼット_コーヒーコフレ_1day_samune.jpg,NG,606709,0,decode/reencode failed
2025-10-02T21:09:11,imagesnew1/samune/samune1/ECL0020_アイクローゼット_ブラウンコフレ_1day_samune.jpg,https://raw.githubusercontent.com/y4m4usr/HL001-quiz-karacon-academia-new/e2cbacf2d8d24222662151e6c4ed3edab7444774/imagesnew1/samune/samune1/ECL0020_アイクローゼット_ブラウンコフレ_1day_samune.jpg,NG,606436,0,decode/reencode failed
2025-10-02T21:09:11,imagesnew1/samune/samune1/ECL0020_アイクローゼット_ベージュコフレ_1day_samune.jpg,https://raw.githubusercontent.com/y4m4usr/HL001-quiz-karacon-academia-new/e2cbacf2d8d24222662151e6c4ed3edab7444774/imagesnew1/samune/samune1/ECL0020_アイクローゼット_ベージュコフレ_1day_samune.jpg,NG,606250,0,decode/reencode failed
2025-10-02T21:09:12,imagesnew1/samune/samune1/ECL0027_アイクローゼット_オレンジアーモンド_1day_samune.jpg,https://raw.githubusercontent.com/y4m4usr/HL001-quiz-karacon-academia-new/e2cbacf2d8d24222662151e6c4ed3edab7444774/imagesnew1/samune/samune1/ECL0027_アイクローゼット_オレンジアーモンド_1day_samune.jpg,NG,606561,0,decode/reencode failed
2025-10-02T21:09:12,imagesnew1/samune/samune1/ECL0027_アイクローゼット_モアブラック_1day_samune.jpg,https://raw.githubusercontent.com/y4m4usr/HL001-quiz-karacon-academia-new/e2cbacf2d8d24222662151e6c4ed3edab7444774/imagesnew1/samune/samune1/ECL0027_アイクローゼット_モアブラック_1day_samune.jpg,NG,606684,0,decode/reencode failed
2025-10-02T21:09:12,imagesnew1/samune/samune1/ECL0035_アイクローゼット_ヌードグレージュ_1day_samune.jpg,https://raw.githubusercontent.com/y4m4usr/HL001-quiz-karacon-academia-new/e2cbacf2d8d24222662151e6c4ed3edab7444774/imagesnew1/samune/samune1/ECL0035_アイクローゼット_ヌードグレージュ_1day_samune.jpg,NG,606713,0,decode/reencode failed
2025-10-02T21:09:13,imagesnew1/samune/samune1/ECL0035_アイクローゼット_ヌードベージュ_1day_samune.jpg,https://raw.githubusercontent.com/y4m4usr/HL001-quiz-karacon-academia-new/e2cbacf2d8d24222662151e6c4ed3edab7444774/imagesnew1/samune/samune1/ECL0035_アイクローゼット_ヌードベージュ_1day_samune.jpg,NG,606478,0,decode/reencode failed
2025-10-02T21:09:13,imagesnew1/samune/samune1/ECL0037_アイクローゼット_ヌードグレージュ_1month_samune.jpg,https://raw.githubusercontent.com/y4m4usr/HL001-quiz-karacon-academia-new/e2cbacf2d8d24222662151e6c4ed3edab7444774/imagesnew1/samune/samune1/ECL0037_アイクローゼット_ヌードグレージュ_1month_samune.jpg,NG,606654,0,decode/reencode failed
2025-10-02T21:09:13,imagesnew1/samune/samune1/ECL0037_アイクローゼット_ヌードベージュ_1month_samune.jpg,https://raw.githubusercontent.com/y4m4usr/HL001-quiz-karacon-academia-new/e2cbacf2d8d24222662151e6c4ed3edab7444774/imagesnew1/samune/samune1/ECL0037_アイクローゼット_ヌードベージュ_1month_samune.jpg,NG,606622,0,decode/reencode failed
2025-10-02T21:09:14,imagesnew1/samune/samune1/ECL0038_アイクローゼット_チョコクロ_1day_samune.jpg,https://raw.githubusercontent.com/y4m4usr/HL001-quiz-karacon-academia-new/e2cbacf2d8d24222662151e6c4ed3edab7444774/imagesnew1/samune/samune1/ECL0038_アイクローゼット_チョコクロ_1day_samune.jpg,NG,606349,0,decode/reencode failed
2025-10-02T21:09:15,imagesnew1/samune/samune1/ECL0038_アイクローゼット_ホイップクリーム_1day_samune.jpg,https://raw.githubusercontent.com/y4m4usr/HL001-quiz-karacon-academia-new/e2cbacf2d8d24222662151e6c4ed3edab7444774/imagesnew1/samune/samune1/ECL0038_アイクローゼット_ホイップクリーム_1day_samune.jpg,NG,606654,0,decode/reencode failed
2025-10-02T21:09:15,imagesnew1/samune/samune1/ECL0041_アイクローゼット_オレンジアーモンド_1month_samune.jpg,https://raw.githubusercontent.com/y4m4usr/HL001-quiz-karacon-academia-new/e2cbacf2d8d24222662151e6c4ed3edab7444774/imagesnew1/samune/samune1/ECL0041_アイクローゼット_オレンジアーモンド_1month_samune.jpg,NG,606498,0,decode/reencode failed
2025-10-02T21:09:15,imagesnew1/samune/samune1/ECL0044_アイクローゼット_クリアベージュミニ_1month_samune.jpg,https://raw.githubusercontent.com/y4m4usr/HL001-quiz-karacon-academia-new/e2cbacf2d8d24222662151e6c4ed3edab7444774/imagesnew1/samune/samune1/ECL0044_アイクローゼット_クリアベージュミニ_1month_samune.jpg,NG,606572,0,decode/reencode failed
2025-10-02T21:09:16,imagesnew1/samune/samune1/ECL0045_アイクローゼット_おもち_1day_samune.jpg,https://raw.githubusercontent.com/y4m4usr/HL001-quiz-karacon-academia-new/e2cbacf2d8d24222662151e6c4ed3edab7444774/imagesnew1/samune/samune1/ECL0045_アイクローゼット_おもち_1day_samune.jpg,NG,606753,0,decode/reencode failed
2025-10-02T21:09:16,imagesnew1/samune/samune1/ECL0047_アイクローゼット_クリアベージュミニ_1day_samune.jpg,https://raw.githubusercontent.com/y4m4usr/HL001-quiz-karacon-academia-new/e2cbacf2d8d24222662151e6c4ed3edab7444774/imagesnew1/samune/samune1/ECL0047_アイクローゼット_クリアベージュミニ_1day_samune.jpg,NG,606697,0,decode/reencode failed
2025-10-02T21:09:16,imagesnew1/samune/samune1/ECL0066_アイクローゼット_こっぺぱん_1month_samune.jpg,https://raw.githubusercontent.com/y4m4usr/HL001-quiz-karacon-academia-new/e2cbacf2d8d24222662151e6c4ed3edab7444774/imagesnew1/samune/samune1/ECL0066_アイクローゼット_こっぺぱん_1month_samune.jpg,NG,606794,0,decode/reencode failed
2025-10-02T21:09:17,imagesnew1/samune/samune1/ECL0066_アイクローゼット_シラタマブラウン_1month_samune.jpg,https://raw.githubusercontent.com/y4m4usr/HL001-quiz-karacon-academia-new/e2cbacf2d8d24222662151e6c4ed3edab7444774/imagesnew1/samune/samune1/ECL0066_アイクローゼット_シラタマブラウン_1month_samune.jpg,NG,606782,0,decode/reencode failed
2025-10-02T21:09:17,imagesnew1/samune/samune1/ECL0066_アイクローゼット_ひよこベージュ_1month_samune.jpg,https://raw.githubusercontent.com/y4m4usr/HL001-quiz-karacon-academia-new/e2cbacf2d8d24222662151e6c4ed3edab7444774/imagesnew1/samune/samune1/ECL0066_アイクローゼット_ひよこベージュ_1month_samune.jpg,NG,606513,0,decode/reencode failed
2025-10-02T21:09:17,imagesnew1/samune/samune1/ECL0066_アイクローゼット_ピンクグレープ_1month_samune.jpg,https://raw.githubusercontent.com/y4m4usr/HL001-quiz-karacon-academia-new/e2cbacf2d8d24222662151e6c4ed3edab7444774/imagesnew1/samune/samune1/ECL0066_アイクローゼット_ピンクグレープ_1month_samune.jpg,NG,606546,0,decode/reencode failed
2025-10-02T21:09:18,imagesnew1/samune/samune1/ECL0066_アイクローゼット_ミズタマブラック_1month_samune.jpg,https://raw.githubusercontent.com/y4m4usr/HL001-quiz-karacon-academia-new/e2cbacf2d8d24222662151e6c4ed3edab7444774/imagesnew1/samune/samune1/ECL0066_アイクローゼット_ミズタマブラック_1month_samune.jpg,NG,606839,0,decode/reencode failed
2025-10-02T21:09:18,imagesnew1/samune/samune1/ECL0068_アイクローゼット ジャンボ_でかこっぺぱん_1day_samune.jpg,https://raw.githubusercontent.com/y4m4usr/HL001-quiz-karacon-academia-new/e2cbacf2d8d24222662151e6c4ed3edab7444774/imagesnew1/samune/samune1/ECL0068_アイクローゼット ジャンボ_でかこっぺぱん_1day_samune.jpg,NG,607705,0,decode/reencode failed
2025-10-02T21:09:18,imagesnew1/samune/samune1/ECL0068_アイクローゼット ジャンボ_でかセサミ_1day_samune.jpg,https://raw.githubusercontent.com/y4m4usr/HL001-quiz-karacon-academia-new/e2cbacf2d8d24222662151e6c4ed3edab7444774/imagesnew1/samune/samune1/ECL0068_アイクローゼット ジャンボ_でかセサミ_1day_samune.jpg,NG,606710,0,decode/reencode failed
2025-10-02T21:09:19,imagesnew1/samune/samune1/ECL0068_アイクローゼット ジャンボ_でかデココ_1day_samune.jpg,https://raw.githubusercontent.com/y4m4usr/HL001-quiz-karacon-academia-new/e2cbacf2d8d24222662151e6c4ed3edab7444774/imagesnew1/samune/samune1/ECL0068_アイクローゼット ジャンボ_でかデココ_1day_samune.jpg,NG,606397,0,decode/reencode failed
2025-10-02T21:09:19,imagesnew1/samune/samune1/ECL0068_アイクローゼット ジャンボ_でかバター_1day_samune.jpg,https://raw.githubusercontent.com/y4m4usr/HL001-quiz-karacon-academia-new/e2cbacf2d8d24222662151e6c4ed3edab7444774/imagesnew1/samune/samune1/ECL0068_アイクローゼット ジャンボ_でかバター_1day_samune.jpg,NG,606606,0,decode/reencode failed
2025-10-02T21:09:19,imagesnew1/samune/samune1/ECL0068_アイクローゼット ジャンボ_でかフロマージュ_1day_samune.jpg,https://raw.githubusercontent.com/y4m4usr/HL001-quiz-karacon-academia-new/e2cbacf2d8d24222662151e6c4ed3edab7444774/imagesnew1/samune/samune1/ECL0068_アイクローゼット ジャンボ_でかフロマージュ_1day_samune.jpg,NG,606908,0,decode/reencode failed
2025-10-02T21:09:20,imagesnew1/samune/samune1/ECL0068_アイクローゼット ジャンボ_でかマシュマロ_1day_samune.jpg,https://raw.githubusercontent.com/y4m4usr/HL001-quiz-karacon-academia-new/e2cbacf2d8d24222662151e6c4ed3edab7444774/imagesnew1/samune/samune1/ECL0068_アイクローゼット ジャンボ_でかマシュマロ_1day_samune.jpg,NG,606911,0,decode/reencode failed
2025-10-02T21:09:20,imagesnew1/samune/samune1/ECL0068_アイクローゼット ジャンボ_でかラディッシュ_1day_samune.jpg,https://raw.githubusercontent.com/y4m4usr/HL001-quiz-karacon-academia-new/e2cbacf2d8d24222662151e6c4ed3edab7444774/imagesnew1/samune/samune1/ECL0068_アイクローゼット ジャンボ_でかラディッシュ_1day_samune.jpg,NG,606449,0,decode/reencode failed
2025-10-02T21:09:20,imagesnew1/samune/samune1/ECL0069_アイクローゼット_アッシュブラック_1day_samune.jpg,https://raw.githubusercontent.com/y4m4usr/HL001-quiz-karacon-academia-new/e2cbacf2d8d24222662151e6c4ed3edab7444774/imagesnew1/samune/samune1/ECL0069_アイクローゼット_アッシュブラック_1day_samune.jpg,NG,606611,0,decode/reencode failed
2025-10-02T21:09:21,imagesnew1/samune/samune1/ECL0069_アイクローゼット_ウォーターグレー_1day_samune.jpg,https://raw.githubusercontent.com/y4m4usr/HL001-quiz-karacon-academia-new/e2cbacf2d8d24222662151e6c4ed3edab7444774/imagesnew1/samune/samune1/ECL0069_アイクローゼット_ウォーターグレー_1day_samune.jpg,NG,606819,0,decode/reencode failed
2025-10-02T21:09:21,imagesnew1/samune/samune1/ECL0069_アイクローゼット_ノーティーブラウン_1day_samune.jpg,https://raw.githubusercontent.com/y4m4usr/HL001-quiz-karacon-academia-new/e2cbacf2d8d24222662151e6c4ed3edab7444774/imagesnew1/samune/samune1/ECL0069_アイクローゼット_ノーティーブラウン_1day_samune.jpg,NG,606673,0,decode/reencode failed
2025-10-02T21:09:21,imagesnew1/samune/samune1/ECL0073_アイクローゼット_ゼリーベア_1month_samune.jpg,https://raw.githubusercontent.com/y4m4usr/HL001-quiz-karacon-academia-new/e2cbacf2d8d24222662151e6c4ed3edab7444774/imagesnew1/samune/samune1/ECL0073_アイクローゼット_ゼリーベア_1month_samune.jpg,NG,606989,0,decode/reencode failed
2025-10-02T21:09:21,imagesnew1/samune/samune1/ECL0073_アイクローゼット_ゼリーモカ_1month_samune.jpg,https://raw.githubusercontent.com/y4m4usr/HL001-quiz-karacon-academia-new/e2cbacf2d8d24222662151e6c4ed3edab7444774/imagesnew1/samune/samune1/ECL0073_アイクローゼット_ゼリーモカ_1month_samune.jpg,NG,607124,0,decode/reencode failed
2025-10-02T21:09:22,imagesnew1/samune/samune1/ECL0077_アイクローゼット ジャンボ_でかこっぺぱん_1month_samune.jpg,https://raw.githubusercontent.com/y4m4usr/HL001-quiz-karacon-academia-new/e2cbacf2d8d24222662151e6c4ed3edab7444774/imagesnew1/samune/samune1/ECL0077_アイクローゼット ジャンボ_でかこっぺぱん_1month_samune.jpg,NG,606478,0,decode/reencode failed
2025-10-02T21:09:22,imagesnew1/samune/samune1/ECL0077_アイクローゼット ジャンボ_でかセサミ_1month_samune.jpg,https://raw.githubusercontent.com/y4m4usr/HL001-quiz-karacon-academia-new/e2cbacf2d8d24222662151e6c4ed3edab7444774/imagesnew1/samune/samune1/ECL0077_アイクローゼット ジャンボ_でかセサミ_1month_samune.jpg,NG,606576,0,decode/reencode failed
2025-10-02T21:09:22,imagesnew1/samune/samune1/ECL0077_アイクローゼット ジャンボ_でかフロマージュ_1month_samune.jpg,https://raw.githubusercontent.com/y4m4usr/HL001-quiz-karacon-academia-new/e2cbacf2d8d24222662151e6c4ed3edab7444774/imagesnew1/samune/samune1/ECL0077_アイクローゼット ジャンボ_でかフロマージュ_1month_samune.jpg,NG,606443,0,decode/reencode failed
2025-10-02T21:09:23,imagesnew1/samune/samune1/ECL0077_アイクローゼット ジャンボ_でかマシュマロ_1month_samune.jpg,https://raw.githubusercontent.com/y4m4usr/HL001-quiz-karacon-academia-new/e2cbacf2d8d24222662151e6c4ed3edab7444774/imagesnew1/samune/samune1/ECL0077_アイクローゼット ジャンボ_でかマシュマロ_1month_samune.jpg,NG,607897,0,decode/reencode failed
2025-10-02T21:09:23,imagesnew1/samune/samune1/ECL0077_アイクローゼット ジャンボ_でかラディッシュ_1month_samune.jpg,https://raw.githubusercontent.com/y4m4usr/HL001-quiz-karacon-academia-new/e2cbacf2d8d24222662151e6c4ed3edab7444774/imagesnew1/samune/samune1/ECL0077_アイクローゼット ジャンボ_でかラディッシュ_1month_samune.jpg,NG,606701,0,decode/reencode failed
2025-10-02T21:09:23,imagesnew1/samune/samune1/ECL0080_アイクローゼット_シュガードーナツ_1month_samune.jpg,https://raw.githubusercontent.com/y4m4usr/HL001-quiz-karacon-academia-new/e2cbacf2d8d24222662151e6c4ed3edab7444774/imagesnew1/samune/samune1/ECL0080_アイクローゼット_シュガードーナツ_1month_samune.jpg,NG,606738,0,decode/reencode failed
2025-10-02T21:09:24,imagesnew1/samune/samune1/ECL0082_アイクローゼット_ちびこっぺぱん_1day_samune.jpg,https://raw.githubusercontent.com/y4m4usr/HL001-quiz-karacon-academia-new/e2cbacf2d8d24222662151e6c4ed3edab7444774/imagesnew1/samune/samune1/ECL0082_アイクローゼット_ちびこっぺぱん_1day_samune.jpg,NG,607022,0,decode/reencode failed
2025-10-02T21:09:24,imagesnew1/samune/samune1/ECL0083_アイクローゼット_ちびこっぺぱん_1month_samune.jpg,https://raw.githubusercontent.com/y4m4usr/HL001-quiz-karacon-academia-new/e2cbacf2d8d24222662151e6c4ed3edab7444774/imagesnew1/samune/samune1/ECL0083_アイクローゼット_ちびこっぺぱん_1month_samune.jpg,NG,606585,0,decode/reencode failed
2025-10-02T21:09:24,imagesnew1/samune/samune1/EDN0001_エドナ_あじさいラベンダー_1day_samune.jpg,https://raw.githubusercontent.com/y4m4usr/HL001-quiz-karacon-academia-new/e2cbacf2d8d24222662151e6c4ed3edab7444774/imagesnew1/samune/samune1/EDN0001_エドナ_あじさいラベンダー_1day_samune.jpg,NG,606581,0,decode/reencode failed
2025-10-02T21:09:25,imagesnew1/samune/samune1/EDN0001_エドナ_サークルオブもみじ_1day_samune.jpg,https://raw.githubusercontent.com/y4m4usr/HL001-quiz-karacon-academia-new/e2cbacf2d8d24222662151e6c4ed3edab7444774/imagesnew1/samune/samune1/EDN0001_エドナ_サークルオブもみじ_1day_samune.jpg,NG,606878,0,decode/reencode failed
2025-10-02T21:09:25,imagesnew1/samune/samune1/EDN0001_エドナ_むぎひのき_1day_samune.jpg,https://raw.githubusercontent.com/y4m4usr/HL001-quiz-karacon-academia-new/e2cbacf2d8d24222662151e6c4ed3edab7444774/imagesnew1/samune/samune1/EDN0001_エドナ_むぎひのき_1day_samune.jpg,NG,607771,0,decode/reencode failed
2025-10-02T21:09:25,imagesnew1/samune/samune1/EDN0001_エドナ_もものみピンク_1day_samune.jpg,https://raw.githubusercontent.com/y4m4usr/HL001-quiz-karacon-academia-new/e2cbacf2d8d24222662151e6c4ed3edab7444774/imagesnew1/samune/samune1/EDN0001_エドナ_もものみピンク_1day_samune.jpg,NG,606599,0,decode/reencode failed
2025-10-02T21:09:26,imagesnew1/samune/samune1/EDN0001_エドナ_ゆけむりパール_1day_samune.jpg,https://raw.githubusercontent.com/y4m4usr/HL001-quiz-karacon-academia-new/e2cbacf2d8d24222662151e6c4ed3edab7444774/imagesnew1/samune/samune1/EDN0001_エドナ_ゆけむりパール_1day_samune.jpg,NG,606741,0,decode/reencode failed
2025-10-02T21:09:26,imagesnew1/samune/samune1/ENV0001_アンヴィ_ウォーターモカベージュ_1day_samune.jpg,https://raw.githubusercontent.com/y4m4usr/HL001-quiz-karacon-academia-new/e2cbacf2d8d24222662151e6c4ed3edab7444774/imagesnew1/samune/samune1/ENV0001_アンヴィ_ウォーターモカベージュ_1day_samune.jpg,NG,606674,0,decode/reencode failed
2025-10-02T21:09:26,imagesnew1/samune/samune1/ENV0002_アンヴィ_オリーヴブラウン_1day_samune.jpg,https://raw.githubusercontent.com/y4m4usr/HL001-quiz-karacon-academia-new/e2cbacf2d8d24222662151e6c4ed3edab7444774/imagesnew1/samune/samune1/ENV0002_アンヴィ_オリーヴブラウン_1day_samune.jpg,NG,606572,0,decode/reencode failed
2025-10-02T21:09:27,imagesnew1/samune/samune1/ENV0002_アンヴィ_クラシックアンバー_1day_samune.jpg,https://raw.githubusercontent.com/y4m4usr/HL001-quiz-karacon-academia-new/e2cbacf2d8d24222662151e6c4ed3edab7444774/imagesnew1/samune/samune1/ENV0002_アンヴィ_クラシックアンバー_1day_samune.jpg,NG,607010,0,decode/reencode failed
2025-10-02T21:09:27,imagesnew1/samune/samune1/ENV0002_アンヴィ_コーラルチーク_1day_samune.jpg,https://raw.githubusercontent.com/y4m4usr/HL001-quiz-karacon-academia-new/e2cbacf2d8d24222662151e6c4ed3edab7444774/imagesnew1/samune/samune1/ENV0002_アンヴィ_コーラルチーク_1day_samune.jpg,NG,606681,0,decode/reencode failed
2025-10-02T21:09:27,imagesnew1/samune/samune1/ENV0002_アンヴィ_シェードブラウン_1day_samune.jpg,https://raw.githubusercontent.com/y4m4usr/HL001-quiz-karacon-academia-new/e2cbacf2d8d24222662151e6c4ed3edab7444774/imagesnew1/samune/samune1/ENV0002_アンヴィ_シェードブラウン_1day_samune.jpg,NG,608182,0,decode/reencode failed
2025-10-02T21:09:28,imagesnew1/samune/samune1/ENV0002_アンヴィ_シャモーブラウン_1day_samune.jpg,https://raw.githubusercontent.com/y4m4usr/HL001-quiz-karacon-academia-new/e2cbacf2d8d24222662151e6c4ed3edab7444774/imagesnew1/samune/samune1/ENV0002_アンヴィ_シャモーブラウン_1day_samune.jpg,NG,606589,0,decode/reencode failed
2025-10-02T21:09:28,imagesnew1/samune/samune1/ENV0002_アンヴィ_シャンパングレイ_1day_samune.jpg,https://raw.githubusercontent.com/y4m4usr/HL001-quiz-karacon-academia-new/e2cbacf2d8d24222662151e6c4ed3edab7444774/imagesnew1/samune/samune1/ENV0002_アンヴィ_シャンパングレイ_1day_samune.jpg,NG,606573,0,decode/reencode failed
2025-10-02T21:09:28,imagesnew1/samune/samune1/ENV0002_アンヴィ_プラムブラック_1day_samune.jpg,https://raw.githubusercontent.com/y4m4usr/HL001-quiz-karacon-academia-new/e2cbacf2d8d24222662151e6c4ed3edab7444774/imagesnew1/samune/samune1/ENV0002_アンヴィ_プラムブラック_1day_samune.jpg,NG,607784,0,decode/reencode failed
2025-10-02T21:09:28,imagesnew1/samune/samune1/ENV0002_アンヴィ_マルーンブラック_1day_samune.jpg,https://raw.githubusercontent.com/y4m4usr/HL001-quiz-karacon-academia-new/e2cbacf2d8d24222662151e6c4ed3edab7444774/imagesnew1/samune/samune1/ENV0002_アンヴィ_マルーンブラック_1day_samune.jpg,NG,606482,0,decode/reencode failed
2025-10-02T21:09:29,imagesnew1/samune/samune1/ENV0002_アンヴィ_メルトモイスト_1day_samune.jpg,https://raw.githubusercontent.com/y4m4usr/HL001-quiz-karacon-academia-new/e2cbacf2d8d24222662151e6c4ed3edab7444774/imagesnew1/samune/samune1/ENV0002_アンヴィ_メルトモイスト_1day_samune.jpg,NG,606569,0,decode/reencode failed
2025-10-02T21:09:29,imagesnew1/samune/samune1/ENV0004_アンヴィ_ミニュイインディゴ_1day_samune.jpg,https://raw.githubusercontent.com/y4m4usr/HL001-quiz-karacon-academia-new/e2cbacf2d8d24222662151e6c4ed3edab7444774/imagesnew1/samune/samune1/ENV0004_アンヴィ_ミニュイインディゴ_1day_samune.jpg,NG,606578,0,decode/reencode failed
2025-10-02T21:09:29,imagesnew1/samune/samune1/ENV0004_アンヴィ_ミニュイグレージュ_1day_samune.jpg,https://raw.githubusercontent.com/y4m4usr/HL001-quiz-karacon-academia-new/e2cbacf2d8d24222662151e6c4ed3edab7444774/imagesnew1/samune/samune1/ENV0004_アンヴィ_ミニュイグレージュ_1day_samune.jpg,NG,606707,0,decode/reencode failed
2025-10-02T21:09:30,imagesnew1/samune/samune1/ENV0004_アンヴィ_ミニュイシェル_1day_samune.jpg,https://raw.githubusercontent.com/y4m4usr/HL001-quiz-karacon-academia-new/e2cbacf2d8d24222662151e6c4ed3edab7444774/imagesnew1/samune/samune1/ENV0004_アンヴィ_ミニュイシェル_1day_samune.jpg,NG,606880,0,decode/reencode failed
2025-10-02T21:09:30,imagesnew1/samune/samune1/ENV0005_アンヴィ_ペリムショコラ_1month_samune.jpg,https://raw.githubusercontent.com/y4m4usr/HL001-quiz-karacon-academia-new/e2cbacf2d8d24222662151e6c4ed3edab7444774/imagesnew1/samune/samune1/ENV0005_アンヴィ_ペリムショコラ_1month_samune.jpg,NG,606412,0,decode/reencode failed
2025-10-02T21:09:30,imagesnew1/samune/samune1/ENV0005_アンヴィ_ペリムハニー_1month_samune.jpg,https://raw.githubusercontent.com/y4m4usr/HL001-quiz-karacon-academia-new/e2cbacf2d8d24222662151e6c4ed3edab7444774/imagesnew1/samune/samune1/ENV0005_アンヴィ_ペリムハニー_1month_samune.jpg,NG,606653,0,decode/reencode failed
2025-10-02T21:09:31,imagesnew1/samune/samune1/ENV0005_アンヴィ_メリムグレー_1month_samune.jpg,https://raw.githubusercontent.com/y4m4usr/HL001-quiz-karacon-academia-new/e2cbacf2d8d24222662151e6c4ed3edab7444774/imagesnew1/samune/samune1/ENV0005_アンヴィ_メリムグレー_1month_samune.jpg,NG,606864,0,decode/reencode failed
2025-10-02T21:09:31,imagesnew1/samune/samune1/ENV0005_アンヴィ_メリムブラウン_1month_samune.jpg,https://raw.githubusercontent.com/y4m4usr/HL001-quiz-karacon-academia-new/e2cbacf2d8d24222662151e6c4ed3edab7444774/imagesnew1/samune/samune1/ENV0005_アンヴィ_メリムブラウン_1month_samune.jpg,NG,606816,0,decode/reencode failed
2025-10-02T21:09:31,imagesnew1/samune/samune1/FLA0001_フェリアモ_アフォガード_1day_samune.jpg,https://raw.githubusercontent.com/y4m4usr/HL001-quiz-karacon-academia-new/e2cbacf2d8d24222662151e6c4ed3edab7444774/imagesnew1/samune/samune1/FLA0001_フェリアモ_アフォガード_1day_samune.jpg,NG,606670,0,decode/reencode failed
2025-10-02T21:09:32,imagesnew1/samune/samune1/FLA0001_フェリアモ_ウーロンティー_1day_samune.jpg,https://raw.githubusercontent.com/y4m4usr/HL001-quiz-karacon-academia-new/e2cbacf2d8d24222662151e6c4ed3edab7444774/imagesnew1/samune/samune1/FLA0001_フェリアモ_ウーロンティー_1day_samune.jpg,NG,606643,0,decode/reencode failed
2025-10-02T21:09:32,imagesnew1/samune/samune1/FLA0001_フェリアモ_カプチーノ_1day_samune.jpg,https://raw.githubusercontent.com/y4m4usr/HL001-quiz-karacon-academia-new/e2cbacf2d8d24222662151e6c4ed3edab7444774/imagesnew1/samune/samune1/FLA0001_フェリアモ_カプチーノ_1day_samune.jpg,NG,608067,0,decode/reencode failed
2025-10-02T21:09:32,imagesnew1/samune/samune1/FLA0001_フェリアモ_コーヒーゼリー_1day_samune.jpg,https://raw.githubusercontent.com/y4m4usr/HL001-quiz-karacon-academia-new/e2cbacf2d8d24222662151e6c4ed3edab7444774/imagesnew1/samune/samune1/FLA0001_フェリアモ_コーヒーゼリー_1day_samune.jpg,NG,606453,0,decode/reencode failed
2025-10-02T21:09:33,imagesnew1/samune/samune1/FLA0001_フェリアモ_シアーブラウン_1day_samune.jpg,https://raw.githubusercontent.com/y4m4usr/HL001-quiz-karacon-academia-new/e2cbacf2d8d24222662151e6c4ed3edab7444774/imagesnew1/samune/samune1/FLA0001_フェリアモ_シアーブラウン_1day_samune.jpg,NG,606543,0,decode/reencode failed
2025-10-02T21:09:33,imagesnew1/samune/samune1/FLA0001_フェリアモ_シアーブラック_1day_samune.jpg,https://raw.githubusercontent.com/y4m4usr/HL001-quiz-karacon-academia-new/e2cbacf2d8d24222662151e6c4ed3edab7444774/imagesnew1/samune/samune1/FLA0001_フェリアモ_シアーブラック_1day_samune.jpg,NG,606477,0,decode/reencode failed
2025-10-02T21:09:33,imagesnew1/samune/samune1/FLA0001_フェリアモ_ブリュレパール_1day_samune.jpg,https://raw.githubusercontent.com/y4m4usr/HL001-quiz-karacon-academia-new/e2cbacf2d8d24222662151e6c4ed3edab7444774/imagesnew1/samune/samune1/FLA0001_フェリアモ_ブリュレパール_1day_samune.jpg,NG,606347,0,decode/reencode failed
2025-10-02T21:09:34,imagesnew1/samune/samune1/FLA0003_フェリアモ_アーモンドプードル_1day_samune.jpg,https://raw.githubusercontent.com/y4m4usr/HL001-quiz-karacon-academia-new/e2cbacf2d8d24222662151e6c4ed3edab7444774/imagesnew1/samune/samune1/FLA0003_フェリアモ_アーモンドプードル_1day_samune.jpg,NG,606772,0,decode/reencode failed
2025-10-02T21:09:34,imagesnew1/samune/samune1/FLA0003_フェリアモ_エスプレッソ_1day_samune.jpg,https://raw.githubusercontent.com/y4m4usr/HL001-quiz-karacon-academia-new/e2cbacf2d8d24222662151e6c4ed3edab7444774/imagesnew1/samune/samune1/FLA0003_フェリアモ_エスプレッソ_1day_samune.jpg,NG,606746,0,decode/reencode failed
2025-10-02T21:09:34,imagesnew1/samune/samune1/FLA0003_フェリアモ_カフェモカ_1day_samune.jpg,https://raw.githubusercontent.com/y4m4usr/HL001-quiz-karacon-academia-new/e2cbacf2d8d24222662151e6c4ed3edab7444774/imagesnew1/samune/samune1/FLA0003_フェリアモ_カフェモカ_1day_samune.jpg,NG,606550,0,decode/reencode failed
2025-10-02T21:09:35,imagesnew1/samune/samune1/FLA0003_フェリアモ_サクラムース_1day_samune.jpg,https://raw.githubusercontent.com/y4m4usr/HL001-quiz-karacon-academia-new/e2cbacf2d8d24222662151e6c4ed3edab7444774/imagesnew1/samune/samune1/FLA0003_フェリアモ_サクラムース_1day_samune.jpg,NG,606599,0,decode/reencode failed
2025-10-02T21:09:35,imagesnew1/samune/samune1/FLA0003_フェリアモ_シャイニーブラウン_1day_samune.jpg,https://raw.githubusercontent.com/y4m4usr/HL001-quiz-karacon-academia-new/e2cbacf2d8d24222662151e6c4ed3edab7444774/imagesnew1/samune/samune1/FLA0003_フェリアモ_シャイニーブラウン_1day_samune.jpg,NG,606647,0,decode/reencode failed
2025-10-02T21:09:35,imagesnew1/samune/samune1/FLA0003_フェリアモ_タルトタタン_1day_samune.jpg,https://raw.githubusercontent.com/y4m4usr/HL001-quiz-karacon-academia-new/e2cbacf2d8d24222662151e6c4ed3edab7444774/imagesnew1/samune/samune1/FLA0003_フェリアモ_タルトタタン_1day_samune.jpg,NG,606571,0,decode/reencode failed
2025-10-02T21:09:36,imagesnew1/samune/samune1/FLA0003_フェリアモ_ティラミスリング_1day_samune.jpg,https://raw.githubusercontent.com/y4m4usr/HL001-quiz-karacon-academia-new/e2cbacf2d8d24222662151e6c4ed3edab7444774/imagesnew1/samune/samune1/FLA0003_フェリアモ_ティラミスリング_1day_samune.jpg,NG,606979,0,decode/reencode failed
2025-10-02T21:09:36,imagesnew1/samune/samune1/FLA0004_フェリアモ_アフォガード_1month_samune.jpg,https://raw.githubusercontent.com/y4m4usr/HL001-quiz-karacon-academia-new/e2cbacf2d8d24222662151e6c4ed3edab7444774/imagesnew1/samune/samune1/FLA0004_フェリアモ_アフォガード_1month_samune.jpg,NG,606485,0,decode/reencode failed
2025-10-02T21:09:36,imagesnew1/samune/samune1/FLA0004_フェリアモ_ウーロンティー_1month_samune.jpg,https://raw.githubusercontent.com/y4m4usr/HL001-quiz-karacon-academia-new/e2cbacf2d8d24222662151e6c4ed3edab7444774/imagesnew1/samune/samune1/FLA0004_フェリアモ_ウーロンティー_1month_samune.jpg,NG,606267,0,decode/reencode failed
2025-10-02T21:09:37,imagesnew1/samune/samune1/FLA0004_フェリアモ_コーヒーゼリー_1month_samune.jpg,https://raw.githubusercontent.com/y4m4usr/HL001-quiz-karacon-academia-new/e2cbacf2d8d24222662151e6c4ed3edab7444774/imagesnew1/samune/samune1/FLA0004_フェリアモ_コーヒーゼリー_1month_samune.jpg,NG,606834,0,decode/reencode failed
2025-10-02T21:09:37,imagesnew1/samune/samune1/FLA0004_フェリアモ_ブリュレパール_1month_samune.jpg,https://raw.githubusercontent.com/y4m4usr/HL001-quiz-karacon-academia-new/e2cbacf2d8d24222662151e6c4ed3edab7444774/imagesnew1/samune/samune1/FLA0004_フェリアモ_ブリュレパール_1month_samune.jpg,NG,606852,0,decode/reencode failed
2025-10-02T21:09:37,imagesnew1/samune/samune1/FLA0005_フェリアモ_アーモンドプードル_1month_samune.jpg,https://raw.githubusercontent.com/y4m4usr/HL001-quiz-karacon-academia-new/e2cbacf2d8d24222662151e6c4ed3edab7444774/imagesnew1/samune/samune1/FLA0005_フェリアモ_アーモンドプードル_1month_samune.jpg,NG,607006,0,decode/reencode failed
2025-10-02T21:09:38,imagesnew1/samune/samune1/FLA0005_フェリアモ_タルトタタン_1month_samune.jpg,https://raw.githubusercontent.com/y4m4usr/HL001-quiz-karacon-academia-new/e2cbacf2d8d24222662151e6c4ed3edab7444774/imagesnew1/samune/samune1/FLA0005_フェリアモ_タルトタタン_1month_samune.jpg,NG,606914,0,decode/reencode failed
2025-10-02T21:09:38,imagesnew1/samune/samune1/FLA0005_フェリアモ_ティラミスリング_1month_samune.jpg,https://raw.githubusercontent.com/y4m4usr/HL001-quiz-karacon-academia-new/e2cbacf2d8d24222662151e6c4ed3edab7444774/imagesnew1/samune/samune1/FLA0005_フェリアモ_ティラミスリング_1month_samune.jpg,NG,606528,0,decode/reencode failed
2025-10-02T21:09:38,imagesnew1/samune/samune1/FLU0001_フルーリー_アルパカベイビー_1day_samune.jpg,https://raw.githubusercontent.com/y4m4usr/HL001-quiz-karacon-academia-new/e2cbacf2d8d24222662151e6c4ed3edab7444774/imagesnew1/samune/samune1/FLU0001_フルーリー_アルパカベイビー_1day_samune.jpg,NG,606654,0,decode/reencode failed
2025-10-02T21:09:39,imagesnew1/samune/samune1/FLU0002_フルーリー_あざとあざらし_1day_samune.jpg,https://raw.githubusercontent.com/y4m4usr/HL001-quiz-karacon-academia-new/e2cbacf2d8d24222662151e6c4ed3edab7444774/imagesnew1/samune/samune1/FLU0002_フルーリー_あざとあざらし_1day_samune.jpg,NG,606669,0,decode/reencode failed
2025-10-02T21:09:39,imagesnew1/samune/samune1/FLU0002_フルーリー_うるうるチワワ_1day_samune.jpg,https://raw.githubusercontent.com/y4m4usr/HL001-quiz-karacon-academia-new/e2cbacf2d8d24222662151e6c4ed3edab7444774/imagesnew1/samune/samune1/FLU0002_フルーリー_うるうるチワワ_1day_samune.jpg,NG,606573,0,decode/reencode failed
2025-10-02T21:09:39,imagesnew1/samune/samune1/FLU0002_フルーリー_キマグレネコ_1day_samune.jpg,https://raw.githubusercontent.com/y4m4usr/HL001-quiz-karacon-academia-new/e2cbacf2d8d24222662151e6c4ed3edab7444774/imagesnew1/samune/samune1/FLU0002_フルーリー_キマグレネコ_1day_samune.jpg,NG,606885,0,decode/reencode failed
2025-10-02T21:09:40,imagesnew1/samune/samune1/FLU0002_フルーリー_のんびりマンチカン_1day_samune.jpg,https://raw.githubusercontent.com/y4m4usr/HL001-quiz-karacon-academia-new/e2cbacf2d8d24222662151e6c4ed3edab7444774/imagesnew1/samune/samune1/FLU0002_フルーリー_のんびりマンチカン_1day_samune.jpg,NG,606858,0,decode/reencode failed
2025-10-02T21:09:40,imagesnew1/samune/samune1/FLU0002_フルーリー_もふもふハムスター_1day_samune.jpg,https://raw.githubusercontent.com/y4m4usr/HL001-quiz-karacon-academia-new/e2cbacf2d8d24222662151e6c4ed3edab7444774/imagesnew1/samune/samune1/FLU0002_フルーリー_もふもふハムスター_1day_samune.jpg,NG,606503,0,decode/reencode failed
2025-10-02T21:09:40,imagesnew1/samune/samune1/FLU0002_フルーリー_わんぱくコアラ_1day_samune.jpg,https://raw.githubusercontent.com/y4m4usr/HL001-quiz-karacon-academia-new/e2cbacf2d8d24222662151e6c4ed3edab7444774/imagesnew1/samune/samune1/FLU0002_フルーリー_わんぱくコアラ_1day_samune.jpg,NG,607393,0,decode/reencode failed
2025-10-02T21:09:41,imagesnew1/samune/samune1/FLU0002_フルーリー_愛されウサギ_1day_samune.jpg,https://raw.githubusercontent.com/y4m4usr/HL001-quiz-karacon-academia-new/e2cbacf2d8d24222662151e6c4ed3edab7444774/imagesnew1/samune/samune1/FLU0002_フルーリー_愛されウサギ_1day_samune.jpg,NG,606322,0,decode/reencode failed
2025-10-02T21:09:42,imagesnew1/samune/samune1/FLU0002_フルーリー_華麗なキツネ_1day_samune.jpg,https://raw.githubusercontent.com/y4m4usr/HL001-quiz-karacon-academia-new/e2cbacf2d8d24222662151e6c4ed3edab7444774/imagesnew1/samune/samune1/FLU0002_フルーリー_華麗なキツネ_1day_samune.jpg,NG,607275,0,decode/reencode failed
2025-10-02T21:09:42,imagesnew1/samune/samune1/FLU0002_フルーリー_褒められパンダ_1day_samune.jpg,https://raw.githubusercontent.com/y4m4usr/HL001-quiz-karacon-academia-new/e2cbacf2d8d24222662151e6c4ed3edab7444774/imagesnew1/samune/samune1/FLU0002_フルーリー_褒められパンダ_1day_samune.jpg,NG,606954,0,decode/reencode failed
2025-10-02T21:09:42,imagesnew1/samune/samune1/FLU0003_フルーリー_くりくりプードル_1day_samune.jpg,https://raw.githubusercontent.com/y4m4usr/HL001-quiz-karacon-academia-new/e2cbacf2d8d24222662151e6c4ed3edab7444774/imagesnew1/samune/samune1/FLU0003_フルーリー_くりくりプードル_1day_samune.jpg,NG,606517,0,decode/reencode failed
2025-10-02T21:09:43,imagesnew1/samune/samune1/FLU0003_フルーリー_ぽんぽこたぬき_1day_samune.jpg,https://raw.githubusercontent.com/y4m4usr/HL001-quiz-karacon-academia-new/e2cbacf2d8d24222662151e6c4ed3edab7444774/imagesnew1/samune/samune1/FLU0003_フルーリー_ぽんぽこたぬき_1day_samune.jpg,NG,606659,0,decode/reencode failed
2025-10-02T21:09:43,imagesnew1/samune/samune1/FLU0003_フルーリー_恋するバンビ_1day_samune.jpg,https://raw.githubusercontent.com/y4m4usr/HL001-quiz-karacon-academia-new/e2cbacf2d8d24222662151e6c4ed3edab7444774/imagesnew1/samune/samune1/FLU0003_フルーリー_恋するバンビ_1day_samune.jpg,NG,607239,0,decode/reencode failed
2025-10-02T21:09:43,imagesnew1/samune/samune1/FLU0004_フルーリー_もっとキマグレネコ_1month_samune.jpg,https://raw.githubusercontent.com/y4m4usr/HL001-quiz-karacon-academia-new/e2cbacf2d8d24222662151e6c4ed3edab7444774/imagesnew1/samune/samune1/FLU0004_フルーリー_もっとキマグレネコ_1month_samune.jpg,NG,606487,0,decode/reencode failed
2025-10-02T21:09:44,imagesnew1/samune/samune1/FLU0004_フルーリー_もっとぽんぽこたぬき_1month_samune.jpg,https://raw.githubusercontent.com/y4m4usr/HL001-quiz-karacon-academia-new/e2cbacf2d8d24222662151e6c4ed3edab7444774/imagesnew1/samune/samune1/FLU0004_フルーリー_もっとぽんぽこたぬき_1month_samune.jpg,NG,606701,0,decode/reencode failed
2025-10-02T21:09:44,imagesnew1/samune/samune1/FLU0004_フルーリー_もっと愛されうさぎ_1month_samune.jpg,https://raw.githubusercontent.com/y4m4usr/HL001-quiz-karacon-academia-new/e2cbacf2d8d24222662151e6c4ed3edab7444774/imagesnew1/samune/samune1/FLU0004_フルーリー_もっと愛されうさぎ_1month_samune.jpg,NG,606897,0,decode/reencode failed
2025-10-02T21:09:44,imagesnew1/samune/samune1/FLU0004_フルーリー_もっと褒められパンダ_1month_samune.jpg,https://raw.githubusercontent.com/y4m4usr/HL001-quiz-karacon-academia-new/e2cbacf2d8d24222662151e6c4ed3edab7444774/imagesnew1/samune/samune1/FLU0004_フルーリー_もっと褒められパンダ_1month_samune.jpg,NG,606453,0,decode/reencode failed
2025-10-02T21:09:45,imagesnew1/samune/samune1/FLU0005_フルーリー_ましゅまろ_1month_samune.jpg,https://raw.githubusercontent.com/y4m4usr/HL001-quiz-karacon-academia-new/e2cbacf2d8d24222662151e6c4ed3edab7444774/imagesnew1/samune/samune1/FLU0005_フルーリー_ましゅまろ_1month_samune.jpg,NG,606658,0,decode/reencode failed
2025-10-02T21:09:45,imagesnew1/samune/samune1/FLU0006_フルーリー_お月見だんご_1month_samune.jpg,https://raw.githubusercontent.com/y4m4usr/HL001-quiz-karacon-academia-new/e2cbacf2d8d24222662151e6c4ed3edab7444774/imagesnew1/samune/samune1/FLU0006_フルーリー_お月見だんご_1month_samune.jpg,NG,606615,0,decode/reencode failed
2025-10-02T21:09:45,imagesnew1/samune/samune1/FLU0006_フルーリー_スイカソーダ_1month_samune.jpg,https://raw.githubusercontent.com/y4m4usr/HL001-quiz-karacon-academia-new/e2cbacf2d8d24222662151e6c4ed3edab7444774/imagesnew1/samune/samune1/FLU0006_フルーリー_スイカソーダ_1month_samune.jpg,NG,606803,0,decode/reencode failed
2025-10-02T21:09:46,imagesnew1/samune/samune1/FLU0006_フルーリー_トゥンカロン_1month_samune.jpg,https://raw.githubusercontent.com/y4m4usr/HL001-quiz-karacon-academia-new/e2cbacf2d8d24222662151e6c4ed3edab7444774/imagesnew1/samune/samune1/FLU0006_フルーリー_トゥンカロン_1month_samune.jpg,NG,606790,0,decode/reencode failed
2025-10-02T21:09:46,imagesnew1/samune/samune1/FLU0006_フルーリー_黒蜜ぷりん_1month_samune.jpg,https://raw.githubusercontent.com/y4m4usr/HL001-quiz-karacon-academia-new/e2cbacf2d8d24222662151e6c4ed3edab7444774/imagesnew1/samune/samune1/FLU0006_フルーリー_黒蜜ぷりん_1month_samune.jpg,NG,606888,0,decode/reencode failed
2025-10-02T21:09:46,imagesnew1/samune/samune1/FLU0007_せかいのふるーりー_ソウル_1day_samune.jpg,https://raw.githubusercontent.com/y4m4usr/HL001-quiz-karacon-academia-new/e2cbacf2d8d24222662151e6c4ed3edab7444774/imagesnew1/samune/samune1/FLU0007_せかいのふるーりー_ソウル_1day_samune.jpg,NG,606598,0,decode/reencode failed
2025-10-02T21:09:47,imagesnew1/samune/samune1/FLU0007_せかいのふるーりー_ニューヨーク_1day_samune.jpg,https://raw.githubusercontent.com/y4m4usr/HL001-quiz-karacon-academia-new/e2cbacf2d8d24222662151e6c4ed3edab7444774/imagesnew1/samune/samune1/FLU0007_せかいのふるーりー_ニューヨーク_1day_samune.jpg,NG,607086,0,decode/reencode failed
2025-10-02T21:09:47,imagesnew1/samune/samune1/FLU0007_せかいのふるーりー_パリ_1day_samune.jpg,https://raw.githubusercontent.com/y4m4usr/HL001-quiz-karacon-academia-new/e2cbacf2d8d24222662151e6c4ed3edab7444774/imagesnew1/samune/samune1/FLU0007_せかいのふるーりー_パリ_1day_samune.jpg,NG,606909,0,decode/reencode failed
2025-10-02T21:09:47,imagesnew1/samune/samune1/FLU0007_せかいのふるーりー_渋谷_1day_samune.jpg,https://raw.githubusercontent.com/y4m4usr/HL001-quiz-karacon-academia-new/e2cbacf2d8d24222662151e6c4ed3edab7444774/imagesnew1/samune/samune1/FLU0007_せかいのふるーりー_渋谷_1day_samune.jpg,NG,606998,0,decode/reencode failed
2025-10-02T21:09:48,imagesnew1/samune/samune1/FLU0007_せかいのふるーりー_東京_1day_samune.jpg,https://raw.githubusercontent.com/y4m4usr/HL001-quiz-karacon-academia-new/e2cbacf2d8d24222662151e6c4ed3edab7444774/imagesnew1/samune/samune1/FLU0007_せかいのふるーりー_東京_1day_samune.jpg,NG,606753,0,decode/reencode failed
2025-10-02T21:09:48,imagesnew1/samune/samune1/FLU0008_せかいのふるーりー_歌舞伎町_1day_samune.jpg,https://raw.githubusercontent.com/y4m4usr/HL001-quiz-karacon-academia-new/e2cbacf2d8d24222662151e6c4ed3edab7444774/imagesnew1/samune/samune1/FLU0008_せかいのふるーりー_歌舞伎町_1day_samune.jpg,NG,606543,0,decode/reencode failed
2025-10-02T21:09:48,imagesnew1/samune/samune1/GE0001_グリム_クリームベージュパレット_1day_samune.jpg,https://raw.githubusercontent.com/y4m4usr/HL001-quiz-karacon-academia-new/e2cbacf2d8d24222662151e6c4ed3edab7444774/imagesnew1/samune/samune1/GE0001_グリム_クリームベージュパレット_1day_samune.jpg,NG,606363,0,decode/reencode failed
2025-10-02T21:09:49,imagesnew1/samune/samune1/GE0001_グリム_マロンブラウンパレット_1day_samune.jpg,https://raw.githubusercontent.com/y4m4usr/HL001-quiz-karacon-academia-new/e2cbacf2d8d24222662151e6c4ed3edab7444774/imagesnew1/samune/samune1/GE0001_グリム_マロンブラウンパレット_1day_samune.jpg,NG,606803,0,decode/reencode failed
2025-10-02T21:09:49,imagesnew1/samune/samune1/GE0001_グリム_ミルキーグレーパレット_1day_samune.jpg,https://raw.githubusercontent.com/y4m4usr/HL001-quiz-karacon-academia-new/e2cbacf2d8d24222662151e6c4ed3edab7444774/imagesnew1/samune/samune1/GE0001_グリム_ミルキーグレーパレット_1day_samune.jpg,NG,607009,0,decode/reencode failed
2025-10-02T21:09:49,imagesnew1/samune/samune1/GEN0001_ジェニスアイ_ヴィーナスブラウン_1day_samune.jpg,https://raw.githubusercontent.com/y4m4usr/HL001-quiz-karacon-academia-new/e2cbacf2d8d24222662151e6c4ed3edab7444774/imagesnew1/samune/samune1/GEN0001_ジェニスアイ_ヴィーナスブラウン_1day_samune.jpg,NG,606582,0,decode/reencode failed
2025-10-02T21:09:50,imagesnew1/samune/samune1/GEN0001_ジェニスアイ_ジュピターヘーゼル_1day_samune.jpg,https://raw.githubusercontent.com/y4m4usr/HL001-quiz-karacon-academia-new/e2cbacf2d8d24222662151e6c4ed3edab7444774/imagesnew1/samune/samune1/GEN0001_ジェニスアイ_ジュピターヘーゼル_1day_samune.jpg,NG,606403,0,decode/reencode failed
2025-10-02T21:09:50,imagesnew1/samune/samune1/GEN0001_ジェニスアイ_マーキュリーグレージュ_1day_samune.jpg,https://raw.githubusercontent.com/y4m4usr/HL001-quiz-karacon-academia-new/e2cbacf2d8d24222662151e6c4ed3edab7444774/imagesnew1/samune/samune1/GEN0001_ジェニスアイ_マーキュリーグレージュ_1day_samune.jpg,NG,606661,0,decode/reencode failed
2025-10-02T21:09:50,imagesnew1/samune/samune1/HD0022_ハニードロップス_うるつやピンク_1day_samune.jpg,https://raw.githubusercontent.com/y4m4usr/HL001-quiz-karacon-academia-new/e2cbacf2d8d24222662151e6c4ed3edab7444774/imagesnew1/samune/samune1/HD0022_ハニードロップス_うるつやピンク_1day_samune.jpg,NG,606605,0,decode/reencode failed
2025-10-02T21:09:51,imagesnew1/samune/samune1/HD0022_ハニードロップス_うるつやブラウン_1day_samune.jpg,https://raw.githubusercontent.com/y4m4usr/HL001-quiz-karacon-academia-new/e2cbacf2d8d24222662151e6c4ed3edab7444774/imagesnew1/samune/samune1/HD0022_ハニードロップス_うるつやブラウン_1day_samune.jpg,NG,606449,0,decode/reencode failed
2025-10-02T21:09:51,imagesnew1/samune/samune1/HD0022_ハニードロップス_うるつやベージュ_1day_samune.jpg,https://raw.githubusercontent.com/y4m4usr/HL001-quiz-karacon-academia-new/e2cbacf2d8d24222662151e6c4ed3edab7444774/imagesnew1/samune/samune1/HD0022_ハニードロップス_うるつやベージュ_1day_samune.jpg,NG,606387,0,decode/reencode failed
2025-10-02T21:09:51,imagesnew1/samune/samune1/HD0022_ハニードロップス_カフェミスト_1day_samune.jpg,https://raw.githubusercontent.com/y4m4usr/HL001-quiz-karacon-academia-new/e2cbacf2d8d24222662151e6c4ed3edab7444774/imagesnew1/samune/samune1/HD0022_ハニードロップス_カフェミスト_1day_samune.jpg,NG,606745,0,decode/reencode failed
2025-10-02T21:09:52,imagesnew1/samune/samune1/HD0022_ハニードロップス_すけつやジェリー_1day_samune.jpg,https://raw.githubusercontent.com/y4m4usr/HL001-quiz-karacon-academia-new/e2cbacf2d8d24222662151e6c4ed3edab7444774/imagesnew1/samune/samune1/HD0022_ハニードロップス_すけつやジェリー_1day_samune.jpg,NG,606313,0,decode/reencode failed
2025-10-02T21:09:52,imagesnew1/samune/samune1/HD0022_ハニードロップス_セピア_1day_samune.jpg,https://raw.githubusercontent.com/y4m4usr/HL001-quiz-karacon-academia-new/e2cbacf2d8d24222662151e6c4ed3edab7444774/imagesnew1/samune/samune1/HD0022_ハニードロップス_セピア_1day_samune.jpg,NG,606800,0,decode/reencode failed
2025-10-02T21:09:52,imagesnew1/samune/samune1/HD0022_ハニードロップス_セピアグレージュ_1day_samune.jpg,https://raw.githubusercontent.com/y4m4usr/HL001-quiz-karacon-academia-new/e2cbacf2d8d24222662151e6c4ed3edab7444774/imagesnew1/samune/samune1/HD0022_ハニードロップス_セピアグレージュ_1day_samune.jpg,NG,606178,0,decode/reencode failed
2025-10-02T21:09:53,imagesnew1/samune/samune1/HD0022_ハニードロップス_セピアピンク_1day_samune.jpg,https://raw.githubusercontent.com/y4m4usr/HL001-quiz-karacon-academia-new/e2cbacf2d8d24222662151e6c4ed3edab7444774/imagesnew1/samune/samune1/HD0022_ハニードロップス_セピアピンク_1day_samune.jpg,NG,606637,0,decode/reencode failed
2025-10-02T21:09:53,imagesnew1/samune/samune1/HD0022_ハニードロップス_セピアブルー_1day_samune.jpg,https://raw.githubusercontent.com/y4m4usr/HL001-quiz-karacon-academia-new/e2cbacf2d8d24222662151e6c4ed3edab7444774/imagesnew1/samune/samune1/HD0022_ハニードロップス_セピアブルー_1day_samune.jpg,NG,606582,0,decode/reencode failed
2025-10-02T21:09:53,imagesnew1/samune/samune1/HD0022_ハニードロップス_チョコモカ_1day_samune.jpg,https://raw.githubusercontent.com/y4m4usr/HL001-quiz-karacon-academia-new/e2cbacf2d8d24222662151e6c4ed3edab7444774/imagesnew1/samune/samune1/HD0022_ハニードロップス_チョコモカ_1day_samune.jpg,NG,606514,0,decode/reencode failed
2025-10-02T21:09:54,imagesnew1/samune/samune1/HD0022_ハニードロップス_ピコブラウン_1day_samune.jpg,https://raw.githubusercontent.com/y4m4usr/HL001-quiz-karacon-academia-new/e2cbacf2d8d24222662151e6c4ed3edab7444774/imagesnew1/samune/samune1/HD0022_ハニードロップス_ピコブラウン_1day_samune.jpg,NG,606846,0,decode/reencode failed
2025-10-02T21:09:54,imagesnew1/samune/samune1/HD0022_ハニードロップス_ベビーブラウン_1day_samune.jpg,https://raw.githubusercontent.com/y4m4usr/HL001-quiz-karacon-academia-new/e2cbacf2d8d24222662151e6c4ed3edab7444774/imagesnew1/samune/samune1/HD0022_ハニードロップス_ベビーブラウン_1day_samune.jpg,NG,606759,0,decode/reencode failed
2025-10-02T21:09:54,imagesnew1/samune/samune1/HD0022_ハニードロップス_ベビーベージュ_1day_samune.jpg,https://raw.githubusercontent.com/y4m4usr/HL001-quiz-karacon-academia-new/e2cbacf2d8d24222662151e6c4ed3edab7444774/imagesnew1/samune/samune1/HD0022_ハニードロップス_ベビーベージュ_1day_samune.jpg,NG,606373,0,decode/reencode failed
2025-10-02T21:09:54,imagesnew1/samune/samune1/HD0022_ハニードロップス_メロウショコラ_1day_samune.jpg,https://raw.githubusercontent.com/y4m4usr/HL001-quiz-karacon-academia-new/e2cbacf2d8d24222662151e6c4ed3edab7444774/imagesnew1/samune/samune1/HD0022_ハニードロップス_メロウショコラ_1day_samune.jpg,NG,606605,0,decode/reencode failed
2025-10-02T21:09:55,imagesnew1/samune/samune1/HD0022_ハニードロップス_メロウピンク_1day_samune.jpg,https://raw.githubusercontent.com/y4m4usr/HL001-quiz-karacon-academia-new/e2cbacf2d8d24222662151e6c4ed3edab7444774/imagesnew1/samune/samune1/HD0022_ハニードロップス_メロウピンク_1day_samune.jpg,NG,607010,0,decode/reencode failed
2025-10-02T21:09:55,imagesnew1/samune/samune1/HD0022_ハニードロップス_ももブルージュ_1day_samune.jpg,https://raw.githubusercontent.com/y4m4usr/HL001-quiz-karacon-academia-new/e2cbacf2d8d24222662151e6c4ed3edab7444774/imagesnew1/samune/samune1/HD0022_ハニードロップス_ももブルージュ_1day_samune.jpg,NG,606682,0,decode/reencode failed
2025-10-02T21:09:56,imagesnew1/samune/samune1/HD0023_ハニードロップス_うるつやブラウン_1month_samune.jpg,https://raw.githubusercontent.com/y4m4usr/HL001-quiz-karacon-academia-new/e2cbacf2d8d24222662151e6c4ed3edab7444774/imagesnew1/samune/samune1/HD0023_ハニードロップス_うるつやブラウン_1month_samune.jpg,NG,606513,0,decode/reencode failed
2025-10-02T21:09:56,imagesnew1/samune/samune1/HD0023_ハニードロップス_うるつやベージュ_1month_samune.jpg,https://raw.githubusercontent.com/y4m4usr/HL001-quiz-karacon-academia-new/e2cbacf2d8d24222662151e6c4ed3edab7444774/imagesnew1/samune/samune1/HD0023_ハニードロップス_うるつやベージュ_1month_samune.jpg,NG,606889,0,decode/reencode failed
2025-10-02T21:09:56,imagesnew1/samune/samune1/HD0023_ハニードロップス_すけつやジェリー_1month_samune.jpg,https://raw.githubusercontent.com/y4m4usr/HL001-quiz-karacon-academia-new/e2cbacf2d8d24222662151e6c4ed3edab7444774/imagesnew1/samune/samune1/HD0023_ハニードロップス_すけつやジェリー_1month_samune.jpg,NG,606853,0,decode/reencode failed
2025-10-02T21:09:56,imagesnew1/samune/samune1/HD0023_ハニードロップス_セピア_1month_samune.jpg,https://raw.githubusercontent.com/y4m4usr/HL001-quiz-karacon-academia-new/e2cbacf2d8d24222662151e6c4ed3edab7444774/imagesnew1/samune/samune1/HD0023_ハニードロップス_セピア_1month_samune.jpg,NG,606359,0,decode/reencode failed
2025-10-02T21:09:57,imagesnew1/samune/samune1/HD0023_ハニードロップス_セピアグレージュ_1month_samune.jpg,https://raw.githubusercontent.com/y4m4usr/HL001-quiz-karacon-academia-new/e2cbacf2d8d24222662151e6c4ed3edab7444774/imagesnew1/samune/samune1/HD0023_ハニードロップス_セピアグレージュ_1month_samune.jpg,NG,606551,0,decode/reencode failed
2025-10-02T21:09:58,imagesnew1/samune/samune1/HD0023_ハニードロップス_セピアピンク_1month_samune.jpg,https://raw.githubusercontent.com/y4m4usr/HL001-quiz-karacon-academia-new/e2cbacf2d8d24222662151e6c4ed3edab7444774/imagesnew1/samune/samune1/HD0023_ハニードロップス_セピアピンク_1month_samune.jpg,NG,606702,0,decode/reencode failed
2025-10-02T21:09:58,imagesnew1/samune/samune1/HD0023_ハニードロップス_セピアブルー_1month_samune.jpg,https://raw.githubusercontent.com/y4m4usr/HL001-quiz-karacon-academia-new/e2cbacf2d8d24222662151e6c4ed3edab7444774/imagesnew1/samune/samune1/HD0023_ハニードロップス_セピアブルー_1month_samune.jpg,NG,606509,0,decode/reencode failed
2025-10-02T21:09:58,imagesnew1/samune/samune1/HD0023_ハニードロップス_チョコモカ_1month_samune.jpg,https://raw.githubusercontent.com/y4m4usr/HL001-quiz-karacon-academia-new/e2cbacf2d8d24222662151e6c4ed3edab7444774/imagesnew1/samune/samune1/HD0023_ハニードロップス_チョコモカ_1month_samune.jpg,NG,606989,0,decode/reencode failed
2025-10-02T21:09:59,imagesnew1/samune/samune1/HD0023_ハニードロップス_メロウショコラ_1month_samune.jpg,https://raw.githubusercontent.com/y4m4usr/HL001-quiz-karacon-academia-new/e2cbacf2d8d24222662151e6c4ed3edab7444774/imagesnew1/samune/samune1/HD0023_ハニードロップス_メロウショコラ_1month_samune.jpg,NG,606665,0,decode/reencode failed
2025-10-02T21:09:59,imagesnew1/samune/samune1/HD0035_ハニードロップス_ピンクミステリア_1day_samune.jpg,https://raw.githubusercontent.com/y4m4usr/HL001-quiz-karacon-academia-new/e2cbacf2d8d24222662151e6c4ed3edab7444774/imagesnew1/samune/samune1/HD0035_ハニードロップス_ピンクミステリア_1day_samune.jpg,NG,606371,0,decode/reencode failed
2025-10-02T21:09:59,imagesnew1/samune/samune1/HD0035_ハニードロップス_メルセピア_1day_samune.jpg,https://raw.githubusercontent.com/y4m4usr/HL001-quiz-karacon-academia-new/e2cbacf2d8d24222662151e6c4ed3edab7444774/imagesnew1/samune/samune1/HD0035_ハニードロップス_メルセピア_1day_samune.jpg,NG,607075,0,decode/reencode failed
2025-10-02T21:10:00,imagesnew1/samune/samune1/HD0035_ハニードロップス_メルプリン_1day_samune.jpg,https://raw.githubusercontent.com/y4m4usr/HL001-quiz-karacon-academia-new/e2cbacf2d8d24222662151e6c4ed3edab7444774/imagesnew1/samune/samune1/HD0035_ハニードロップス_メルプリン_1day_samune.jpg,NG,606420,0,decode/reencode failed
2025-10-02T21:10:00,imagesnew1/samune/samune1/HD0037_ハニードロップス_メルセピア_1month_samune.jpg,https://raw.githubusercontent.com/y4m4usr/HL001-quiz-karacon-academia-new/e2cbacf2d8d24222662151e6c4ed3edab7444774/imagesnew1/samune/samune1/HD0037_ハニードロップス_メルセピア_1month_samune.jpg,NG,607100,0,decode/reencode failed
2025-10-02T21:10:00,imagesnew1/samune/samune1/HD0037_ハニードロップス_メルプリン_1month_samune.jpg,https://raw.githubusercontent.com/y4m4usr/HL001-quiz-karacon-academia-new/e2cbacf2d8d24222662151e6c4ed3edab7444774/imagesnew1/samune/samune1/HD0037_ハニードロップス_メルプリン_1month_samune.jpg,NG,606434,0,decode/reencode failed
2025-10-02T21:10:01,imagesnew1/samune/samune1/HK0003_ハニーキス_ちゅるんグレー_1month_samune.jpg,https://raw.githubusercontent.com/y4m4usr/HL001-quiz-karacon-academia-new/e2cbacf2d8d24222662151e6c4ed3edab7444774/imagesnew1/samune/samune1/HK0003_ハニーキス_ちゅるんグレー_1month_samune.jpg,NG,606565,0,decode/reencode failed
2025-10-02T21:10:01,imagesnew1/samune/samune1/HK0003_ハニーキス_ちゅるんチョコグレー_1month_samune.jpg,https://raw.githubusercontent.com/y4m4usr/HL001-quiz-karacon-academia-new/e2cbacf2d8d24222662151e6c4ed3edab7444774/imagesnew1/samune/samune1/HK0003_ハニーキス_ちゅるんチョコグレー_1month_samune.jpg,NG,606883,0,decode/reencode failed
2025-10-02T21:10:01,imagesnew1/samune/samune1/HK0003_ハニーキス_ちゅるんピンク_1month_samune.jpg,https://raw.githubusercontent.com/y4m4usr/HL001-quiz-karacon-academia-new/e2cbacf2d8d24222662151e6c4ed3edab7444774/imagesnew1/samune/samune1/HK0003_ハニーキス_ちゅるんピンク_1month_samune.jpg,NG,606674,0,decode/reencode failed
2025-10-02T21:10:02,imagesnew1/samune/samune1/HK0003_ハニーキス_ちゅるんブラウン_1month_samune.jpg,https://raw.githubusercontent.com/y4m4usr/HL001-quiz-karacon-academia-new/e2cbacf2d8d24222662151e6c4ed3edab7444774/imagesnew1/samune/samune1/HK0003_ハニーキス_ちゅるんブラウン_1month_samune.jpg,NG,606741,0,decode/reencode failed
2025-10-02T21:10:02,imagesnew1/samune/samune1/HK0003_ハニーキス_ちゅるんブラック_1month_samune.jpg,https://raw.githubusercontent.com/y4m4usr/HL001-quiz-karacon-academia-new/e2cbacf2d8d24222662151e6c4ed3edab7444774/imagesnew1/samune/samune1/HK0003_ハニーキス_ちゅるんブラック_1month_samune.jpg,NG,606542,0,decode/reencode failed
2025-10-02T21:10:02,imagesnew1/samune/samune1/HK0003_ハニーキス_ちゅるんポップグレー_1month_samune.jpg,https://raw.githubusercontent.com/y4m4usr/HL001-quiz-karacon-academia-new/e2cbacf2d8d24222662151e6c4ed3edab7444774/imagesnew1/samune/samune1/HK0003_ハニーキス_ちゅるんポップグレー_1month_samune.jpg,NG,606462,0,decode/reencode failed
2025-10-02T21:10:03,imagesnew1/samune/samune1/HK0003_ハニーキス_ちゅるんポップピンク_1month_samune.jpg,https://raw.githubusercontent.com/y4m4usr/HL001-quiz-karacon-academia-new/e2cbacf2d8d24222662151e6c4ed3edab7444774/imagesnew1/samune/samune1/HK0003_ハニーキス_ちゅるんポップピンク_1month_samune.jpg,NG,606826,0,decode/reencode failed
2025-10-02T21:10:03,imagesnew1/samune/samune1/HK0003_ハニーキス_ピュアココア_1month_samune.jpg,https://raw.githubusercontent.com/y4m4usr/HL001-quiz-karacon-academia-new/e2cbacf2d8d24222662151e6c4ed3edab7444774/imagesnew1/samune/samune1/HK0003_ハニーキス_ピュアココア_1month_samune.jpg,NG,606766,0,decode/reencode failed
2025-10-02T21:10:03,imagesnew1/samune/samune1/HK0011_ハニーキス_ちゅるんアップル_1day_samune.jpg,https://raw.githubusercontent.com/y4m4usr/HL001-quiz-karacon-academia-new/e2cbacf2d8d24222662151e6c4ed3edab7444774/imagesnew1/samune/samune1/HK0011_ハニーキス_ちゅるんアップル_1day_samune.jpg,NG,606778,0,decode/reencode failed
2025-10-02T21:10:04,imagesnew1/samune/samune1/HK0011_ハニーキス_ちゅるんキャットグレー_1day_samune.jpg,https://raw.githubusercontent.com/y4m4usr/HL001-quiz-karacon-academia-new/e2cbacf2d8d24222662151e6c4ed3edab7444774/imagesnew1/samune/samune1/HK0011_ハニーキス_ちゅるんキャットグレー_1day_samune.jpg,NG,606946,0,decode/reencode failed
2025-10-02T21:10:04,imagesnew1/samune/samune1/HK0011_ハニーキス_ちゅるんキャットグレー_1month_samune.jpg,https://raw.githubusercontent.com/y4m4usr/HL001-quiz-karacon-academia-new/e2cbacf2d8d24222662151e6c4ed3edab7444774/imagesnew1/samune/samune1/HK0011_ハニーキス_ちゅるんキャットグレー_1month_samune.jpg,NG,606245,0,decode/reencode failed
2025-10-02T21:10:04,imagesnew1/samune/samune1/HK0011_ハニーキス_ちゅるんグレー_1day_samune.jpg,https://raw.githubusercontent.com/y4m4usr/HL001-quiz-karacon-academia-new/e2cbacf2d8d24222662151e6c4ed3edab7444774/imagesnew1/samune/samune1/HK0011_ハニーキス_ちゅるんグレー_1day_samune.jpg,NG,606591,0,decode/reencode failed
2025-10-02T21:10:05,imagesnew1/samune/samune1/HK0011_ハニーキス_ちゅるんシュガーベージュ_1day_samune.jpg,https://raw.githubusercontent.com/y4m4usr/HL001-quiz-karacon-academia-new/e2cbacf2d8d24222662151e6c4ed3edab7444774/imagesnew1/samune/samune1/HK0011_ハニーキス_ちゅるんシュガーベージュ_1day_samune.jpg,NG,606839,0,decode/reencode failed
2025-10-02T21:10:05,imagesnew1/samune/samune1/HK0011_ハニーキス_ちゅるんチョコグレー_1day_samune.jpg,https://raw.githubusercontent.com/y4m4usr/HL001-quiz-karacon-academia-new/e2cbacf2d8d24222662151e6c4ed3edab7444774/imagesnew1/samune/samune1/HK0011_ハニーキス_ちゅるんチョコグレー_1day_samune.jpg,NG,606424,0,decode/reencode failed
2025-10-02T21:10:05,imagesnew1/samune/samune1/HK0011_ハニーキス_ちゅるんパープル_1day_samune.jpg,https://raw.githubusercontent.com/y4m4usr/HL001-quiz-karacon-academia-new/e2cbacf2d8d24222662151e6c4ed3edab7444774/imagesnew1/samune/samune1/HK0011_ハニーキス_ちゅるんパープル_1day_samune.jpg,NG,606856,0,decode/reencode failed
2025-10-02T21:10:06,imagesnew1/samune/samune1/HK0011_ハニーキス_ちゅるんピンク_1day_samune.jpg,https://raw.githubusercontent.com/y4m4usr/HL001-quiz-karacon-academia-new/e2cbacf2d8d24222662151e6c4ed3edab7444774/imagesnew1/samune/samune1/HK0011_ハニーキス_ちゅるんピンク_1day_samune.jpg,NG,606669,0,decode/reencode failed
2025-10-02T21:10:06,imagesnew1/samune/samune1/HK0011_ハニーキス_ちゅるんブラウン_1day_samune.jpg,https://raw.githubusercontent.com/y4m4usr/HL001-quiz-karacon-academia-new/e2cbacf2d8d24222662151e6c4ed3edab7444774/imagesnew1/samune/samune1/HK0011_ハニーキス_ちゅるんブラウン_1day_samune.jpg,NG,606777,0,decode/reencode failed
2025-10-02T21:10:06,imagesnew1/samune/samune1/HK0011_ハニーキス_ちゅるんブラック_1day_samune.jpg,https://raw.githubusercontent.com/y4m4usr/HL001-quiz-karacon-academia-new/e2cbacf2d8d24222662151e6c4ed3edab7444774/imagesnew1/samune/samune1/HK0011_ハニーキス_ちゅるんブラック_1day_samune.jpg,NG,606590,0,decode/reencode failed
2025-10-02T21:10:06,imagesnew1/samune/samune1/HK0011_ハニーキス_ちゅるんブルー_1day_samune.jpg,https://raw.githubusercontent.com/y4m4usr/HL001-quiz-karacon-academia-new/e2cbacf2d8d24222662151e6c4ed3edab7444774/imagesnew1/samune/samune1/HK0011_ハニーキス_ちゅるんブルー_1day_samune.jpg,NG,606745,0,decode/reencode failed
2025-10-02T21:10:07,imagesnew1/samune/samune1/HK0011_ハニーキス_ちゅるんベージュ_1day_samune.jpg,https://raw.githubusercontent.com/y4m4usr/HL001-quiz-karacon-academia-new/e2cbacf2d8d24222662151e6c4ed3edab7444774/imagesnew1/samune/samune1/HK0011_ハニーキス_ちゅるんベージュ_1day_samune.jpg,NG,606678,0,decode/reencode failed
2025-10-02T21:10:07,imagesnew1/samune/samune1/HK0011_ハニーキス_ちゅるんポップグレー_1day_samune.jpg,https://raw.githubusercontent.com/y4m4usr/HL001-quiz-karacon-academia-new/e2cbacf2d8d24222662151e6c4ed3edab7444774/imagesnew1/samune/samune1/HK0011_ハニーキス_ちゅるんポップグレー_1day_samune.jpg,NG,607044,0,decode/reencode failed
2025-10-02T21:10:07,imagesnew1/samune/samune1/HK0011_ハニーキス_ちゅるんポップピンク_1day_samune.jpg,https://raw.githubusercontent.com/y4m4usr/HL001-quiz-karacon-academia-new/e2cbacf2d8d24222662151e6c4ed3edab7444774/imagesnew1/samune/samune1/HK0011_ハニーキス_ちゅるんポップピンク_1day_samune.jpg,NG,606464,0,decode/reencode failed
2025-10-02T21:10:08,imagesnew1/samune/samune1/HK0011_ハニーキス_ちゅるんミストパープル_1day_samune.jpg,https://raw.githubusercontent.com/y4m4usr/HL001-quiz-karacon-academia-new/e2cbacf2d8d24222662151e6c4ed3edab7444774/imagesnew1/samune/samune1/HK0011_ハニーキス_ちゅるんミストパープル_1day_samune.jpg,NG,606630,0,decode/reencode failed
2025-10-02T21:10:08,imagesnew1/samune/samune1/HK0011_ハニーキス_ちゅるんミツバチ_1day_samune.jpg,https://raw.githubusercontent.com/y4m4usr/HL001-quiz-karacon-academia-new/e2cbacf2d8d24222662151e6c4ed3edab7444774/imagesnew1/samune/samune1/HK0011_ハニーキス_ちゅるんミツバチ_1day_samune.jpg,NG,606821,0,decode/reencode failed
2025-10-02T21:10:08,imagesnew1/samune/samune1/HK0011_ハニーキス_ちゅるんミルクパール_1day_samune.jpg,https://raw.githubusercontent.com/y4m4usr/HL001-quiz-karacon-academia-new/e2cbacf2d8d24222662151e6c4ed3edab7444774/imagesnew1/samune/samune1/HK0011_ハニーキス_ちゅるんミルクパール_1day_samune.jpg,NG,606242,0,decode/reencode failed
2025-10-02T21:10:09,imagesnew1/samune/samune1/HK0011_ハニーキス_ちゅるんリングベリー_1day_samune.jpg,https://raw.githubusercontent.com/y4m4usr/HL001-quiz-karacon-academia-new/e2cbacf2d8d24222662151e6c4ed3edab7444774/imagesnew1/samune/samune1/HK0011_ハニーキス_ちゅるんリングベリー_1day_samune.jpg,NG,606535,0,decode/reencode failed
2025-10-02T21:10:09,imagesnew1/samune/samune1/HK0011_ハニーキス_ちゅるんレッド_1day_samune.jpg,https://raw.githubusercontent.com/y4m4usr/HL001-quiz-karacon-academia-new/e2cbacf2d8d24222662151e6c4ed3edab7444774/imagesnew1/samune/samune1/HK0011_ハニーキス_ちゅるんレッド_1day_samune.jpg,NG,606605,0,decode/reencode failed
2025-10-02T21:10:09,imagesnew1/samune/samune1/HK0016_ハニーキス_ちゅるんキャンディチョコグレー_1day_samune.jpg,https://raw.githubusercontent.com/y4m4usr/HL001-quiz-karacon-academia-new/e2cbacf2d8d24222662151e6c4ed3edab7444774/imagesnew1/samune/samune1/HK0016_ハニーキス_ちゅるんキャンディチョコグレー_1day_samune.jpg,NG,608148,0,decode/reencode failed
2025-10-02T21:10:10,imagesnew1/samune/samune1/HK0016_ハニーキス_ちゅるんキャンディレッド_1day_samune.jpg,https://raw.githubusercontent.com/y4m4usr/HL001-quiz-karacon-academia-new/e2cbacf2d8d24222662151e6c4ed3edab7444774/imagesnew1/samune/samune1/HK0016_ハニーキス_ちゅるんキャンディレッド_1day_samune.jpg,NG,606482,0,decode/reencode failed
2025-10-02T21:10:10,imagesnew1/samune/samune1/HK0017_ハニーキス_ちゅるんキャンディチョコグレー_1month_samune.jpg,https://raw.githubusercontent.com/y4m4usr/HL001-quiz-karacon-academia-new/e2cbacf2d8d24222662151e6c4ed3edab7444774/imagesnew1/samune/samune1/HK0017_ハニーキス_ちゅるんキャンディチョコグレー_1month_samune.jpg,NG,606770,0,decode/reencode failed
2025-10-02T21:10:10,imagesnew1/samune/samune1/HK0017_ハニーキス_ちゅるんキャンディレッド_1month_samune.jpg,https://raw.githubusercontent.com/y4m4usr/HL001-quiz-karacon-academia-new/e2cbacf2d8d24222662151e6c4ed3edab7444774/imagesnew1/samune/samune1/HK0017_ハニーキス_ちゅるんキャンディレッド_1month_samune.jpg,NG,607966,0,decode/reencode failed
2025-10-02T21:10:11,imagesnew1/samune/samune1/HN0001_ハルネ_カモミール_1day_samune.jpg,https://raw.githubusercontent.com/y4m4usr/HL001-quiz-karacon-academia-new/e2cbacf2d8d24222662151e6c4ed3edab7444774/imagesnew1/samune/samune1/HN0001_ハルネ_カモミール_1day_samune.jpg,NG,606370,0,decode/reencode failed
2025-10-02T21:10:11,imagesnew1/samune/samune1/HN0001_ハルネ_シャーベット_1day_samune.jpg,https://raw.githubusercontent.com/y4m4usr/HL001-quiz-karacon-academia-new/e2cbacf2d8d24222662151e6c4ed3edab7444774/imagesnew1/samune/samune1/HN0001_ハルネ_シャーベット_1day_samune.jpg,NG,606611,0,decode/reencode failed
2025-10-02T21:10:11,imagesnew1/samune/samune1/HN0001_ハルネ_チャイナブルー_1day_samune.jpg,https://raw.githubusercontent.com/y4m4usr/HL001-quiz-karacon-academia-new/e2cbacf2d8d24222662151e6c4ed3edab7444774/imagesnew1/samune/samune1/HN0001_ハルネ_チャイナブルー_1day_samune.jpg,NG,606803,0,decode/reencode failed
2025-10-02T21:10:12,imagesnew1/samune/samune1/HN0001_ハルネ_フィナンシェ_1day_samune.jpg,https://raw.githubusercontent.com/y4m4usr/HL001-quiz-karacon-academia-new/e2cbacf2d8d24222662151e6c4ed3edab7444774/imagesnew1/samune/samune1/HN0001_ハルネ_フィナンシェ_1day_samune.jpg,NG,606928,0,decode/reencode failed
2025-10-02T21:10:12,imagesnew1/samune/samune1/HN0001_ハルネ_プディング_1day_samune.jpg,https://raw.githubusercontent.com/y4m4usr/HL001-quiz-karacon-academia-new/e2cbacf2d8d24222662151e6c4ed3edab7444774/imagesnew1/samune/samune1/HN0001_ハルネ_プディング_1day_samune.jpg,NG,606388,0,decode/reencode failed
2025-10-02T21:10:12,imagesnew1/samune/samune1/HN0001_ハルネ_マカロン_1day_samune.jpg,https://raw.githubusercontent.com/y4m4usr/HL001-quiz-karacon-academia-new/e2cbacf2d8d24222662151e6c4ed3edab7444774/imagesnew1/samune/samune1/HN0001_ハルネ_マカロン_1day_samune.jpg,NG,606806,0,decode/reencode failed
2025-10-02T21:10:13,imagesnew1/samune/samune1/IM0001_一生モテコン_キャラメル_1day_samune.jpg,https://raw.githubusercontent.com/y4m4usr/HL001-quiz-karacon-academia-new/e2cbacf2d8d24222662151e6c4ed3edab7444774/imagesnew1/samune/samune1/IM0001_一生モテコン_キャラメル_1day_samune.jpg,NG,606587,0,decode/reencode failed
2025-10-02T21:10:13,imagesnew1/samune/samune1/IM0001_一生モテコン_ソーダ_1day_samune.jpg,https://raw.githubusercontent.com/y4m4usr/HL001-quiz-karacon-academia-new/e2cbacf2d8d24222662151e6c4ed3edab7444774/imagesnew1/samune/samune1/IM0001_一生モテコン_ソーダ_1day_samune.jpg,NG,606533,0,decode/reencode failed
2025-10-02T21:10:13,imagesnew1/samune/samune1/IM0001_一生モテコン_チョコ_1day_samune.jpg,https://raw.githubusercontent.com/y4m4usr/HL001-quiz-karacon-academia-new/e2cbacf2d8d24222662151e6c4ed3edab7444774/imagesnew1/samune/samune1/IM0001_一生モテコン_チョコ_1day_samune.jpg,NG,607051,0,decode/reencode failed
2025-10-02T21:10:13,imagesnew1/samune/samune1/IM0001_一生モテコン_ベリー_1day_samune.jpg,https://raw.githubusercontent.com/y4m4usr/HL001-quiz-karacon-academia-new/e2cbacf2d8d24222662151e6c4ed3edab7444774/imagesnew1/samune/samune1/IM0001_一生モテコン_ベリー_1day_samune.jpg,NG,606555,0,decode/reencode failed
2025-10-02T21:10:14,imagesnew1/samune/samune1/KI0001_カイカ_花恋ベージュ_1day_samune.jpg,https://raw.githubusercontent.com/y4m4usr/HL001-quiz-karacon-academia-new/e2cbacf2d8d24222662151e6c4ed3edab7444774/imagesnew1/samune/samune1/KI0001_カイカ_花恋ベージュ_1day_samune.jpg,NG,606647,0,decode/reencode failed
2025-10-02T21:10:14,imagesnew1/samune/samune1/KI0001_カイカ_月絃ベージュ_1day_samune.jpg,https://raw.githubusercontent.com/y4m4usr/HL001-quiz-karacon-academia-new/e2cbacf2d8d24222662151e6c4ed3edab7444774/imagesnew1/samune/samune1/KI0001_カイカ_月絃ベージュ_1day_samune.jpg,NG,606525,0,decode/reencode failed
2025-10-02T21:10:16,imagesnew1/samune/samune1/KI0001_カイカ_咲初ショコラ_1day_samune.jpg,https://raw.githubusercontent.com/y4m4usr/HL001-quiz-karacon-academia-new/e2cbacf2d8d24222662151e6c4ed3edab7444774/imagesnew1/samune/samune1/KI0001_カイカ_咲初ショコラ_1day_samune.jpg,NG,608269,0,decode/reencode failed
2025-10-02T21:10:16,imagesnew1/samune/samune1/KI0001_カイカ_雪花グレー_1day_samune.jpg,https://raw.githubusercontent.com/y4m4usr/HL001-quiz-karacon-academia-new/e2cbacf2d8d24222662151e6c4ed3edab7444774/imagesnew1/samune/samune1/KI0001_カイカ_雪花グレー_1day_samune.jpg,NG,606674,0,decode/reencode failed
2025-10-02T21:10:16,imagesnew1/samune/samune1/KI0001_カイカ_淡花ヌード_1day_samune.jpg,https://raw.githubusercontent.com/y4m4usr/HL001-quiz-karacon-academia-new/e2cbacf2d8d24222662151e6c4ed3edab7444774/imagesnew1/samune/samune1/KI0001_カイカ_淡花ヌード_1day_samune.jpg,NG,606506,0,decode/reencode failed
2025-10-02T21:10:17,imagesnew1/samune/samune1/KI0001_カイカ_透花ヴェール_1day_samune.jpg,https://raw.githubusercontent.com/y4m4usr/HL001-quiz-karacon-academia-new/e2cbacf2d8d24222662151e6c4ed3edab7444774/imagesnew1/samune/samune1/KI0001_カイカ_透花ヴェール_1day_samune.jpg,NG,606800,0,decode/reencode failed
2025-10-02T21:10:17,imagesnew1/samune/samune1/KI0001_カイカ_優花ブラウン_1day_samune.jpg,https://raw.githubusercontent.com/y4m4usr/HL001-quiz-karacon-academia-new/e2cbacf2d8d24222662151e6c4ed3edab7444774/imagesnew1/samune/samune1/KI0001_カイカ_優花ブラウン_1day_samune.jpg,NG,606551,0,decode/reencode failed
2025-10-02T21:10:17,imagesnew1/samune/samune1/KI0001_カイカ_優月ブラック_1day_samune.jpg,https://raw.githubusercontent.com/y4m4usr/HL001-quiz-karacon-academia-new/e2cbacf2d8d24222662151e6c4ed3edab7444774/imagesnew1/samune/samune1/KI0001_カイカ_優月ブラック_1day_samune.jpg,NG,606649,0,decode/reencode failed
2025-10-02T21:10:18,imagesnew1/samune/samune1/KN0002_ノックノック_ノックノック 333_1month_samune.jpg,https://raw.githubusercontent.com/y4m4usr/HL001-quiz-karacon-academia-new/e2cbacf2d8d24222662151e6c4ed3edab7444774/imagesnew1/samune/samune1/KN0002_ノックノック_ノックノック 333_1month_samune.jpg,NG,606781,0,decode/reencode failed
2025-10-02T21:10:18,imagesnew1/samune/samune1/KN0002_ノックノック_ノックノック 555_1month_samune.jpg,https://raw.githubusercontent.com/y4m4usr/HL001-quiz-karacon-academia-new/e2cbacf2d8d24222662151e6c4ed3edab7444774/imagesnew1/samune/samune1/KN0002_ノックノック_ノックノック 555_1month_samune.jpg,NG,608133,0,decode/reencode failed
2025-10-02T21:10:18,imagesnew1/samune/samune1/KN0002_ノックノック_ノックノック 666_1month_samune.jpg,https://raw.githubusercontent.com/y4m4usr/HL001-quiz-karacon-academia-new/e2cbacf2d8d24222662151e6c4ed3edab7444774/imagesnew1/samune/samune1/KN0002_ノックノック_ノックノック 666_1month_samune.jpg,NG,607843,0,decode/reencode failed
2025-10-02T21:10:18,imagesnew1/samune/samune1/KN0003_ノックノック_ノックノック 111_1month_samune.jpg,https://raw.githubusercontent.com/y4m4usr/HL001-quiz-karacon-academia-new/e2cbacf2d8d24222662151e6c4ed3edab7444774/imagesnew1/samune/samune1/KN0003_ノックノック_ノックノック 111_1month_samune.jpg,NG,606297,0,decode/reencode failed
2025-10-02T21:10:19,imagesnew1/samune/samune1/KN0003_ノックノック_ノックノック 222_1month_samune.jpg,https://raw.githubusercontent.com/y4m4usr/HL001-quiz-karacon-academia-new/e2cbacf2d8d24222662151e6c4ed3edab7444774/imagesnew1/samune/samune1/KN0003_ノックノック_ノックノック 222_1month_samune.jpg,NG,606718,0,decode/reencode failed
2025-10-02T21:10:19,imagesnew1/samune/samune1/KN0003_ノックノック_ノックノック 777_1month_samune.jpg,https://raw.githubusercontent.com/y4m4usr/HL001-quiz-karacon-academia-new/e2cbacf2d8d24222662151e6c4ed3edab7444774/imagesnew1/samune/samune1/KN0003_ノックノック_ノックノック 777_1month_samune.jpg,NG,606569,0,decode/reencode failed
2025-10-02T21:10:19,imagesnew1/samune/samune1/KN0004_ノックノック_クロミ【963】_1month_samune.jpg,https://raw.githubusercontent.com/y4m4usr/HL001-quiz-karacon-academia-new/e2cbacf2d8d24222662151e6c4ed3edab7444774/imagesnew1/samune/samune1/KN0004_ノックノック_クロミ【963】_1month_samune.jpg,NG,606331,0,decode/reencode failed
2025-10-02T21:10:20,imagesnew1/samune/samune1/KN0004_ノックノック_マイメロディ【おんぷ】_1month_samune.jpg,https://raw.githubusercontent.com/y4m4usr/HL001-quiz-karacon-academia-new/e2cbacf2d8d24222662151e6c4ed3edab7444774/imagesnew1/samune/samune1/KN0004_ノックノック_マイメロディ【おんぷ】_1month_samune.jpg,NG,606485,0,decode/reencode failed
2025-10-02T21:10:21,imagesnew1/samune/samune1/KN0005_ノックノック_クロミ【たこやき】_1month_samune.jpg,https://raw.githubusercontent.com/y4m4usr/HL001-quiz-karacon-academia-new/e2cbacf2d8d24222662151e6c4ed3edab7444774/imagesnew1/samune/samune1/KN0005_ノックノック_クロミ【たこやき】_1month_samune.jpg,NG,606361,0,decode/reencode failed
2025-10-02T21:10:21,imagesnew1/samune/samune1/KN0005_ノックノック_クロミ【らっきょう】_1month_samune.jpg,https://raw.githubusercontent.com/y4m4usr/HL001-quiz-karacon-academia-new/e2cbacf2d8d24222662151e6c4ed3edab7444774/imagesnew1/samune/samune1/KN0005_ノックノック_クロミ【らっきょう】_1month_samune.jpg,NG,606438,0,decode/reencode failed
2025-10-02T21:10:22,imagesnew1/samune/samune1/KN0005_ノックノック_マイメロディ【きのこ】_1month_samune.jpg,https://raw.githubusercontent.com/y4m4usr/HL001-quiz-karacon-academia-new/e2cbacf2d8d24222662151e6c4ed3edab7444774/imagesnew1/samune/samune1/KN0005_ノックノック_マイメロディ【きのこ】_1month_samune.jpg,NG,606693,0,decode/reencode failed
2025-10-02T21:10:22,imagesnew1/samune/samune1/LME0001_リルミィ_スターベル_1day_samune.jpg,https://raw.githubusercontent.com/y4m4usr/HL001-quiz-karacon-academia-new/e2cbacf2d8d24222662151e6c4ed3edab7444774/imagesnew1/samune/samune1/LME0001_リルミィ_スターベル_1day_samune.jpg,NG,606601,0,decode/reencode failed
2025-10-02T21:10:23,imagesnew1/samune/samune1/LME0001_リルミィ_テディハグ_1day_samune.jpg,https://raw.githubusercontent.com/y4m4usr/HL001-quiz-karacon-academia-new/e2cbacf2d8d24222662151e6c4ed3edab7444774/imagesnew1/samune/samune1/LME0001_リルミィ_テディハグ_1day_samune.jpg,NG,606461,0,decode/reencode failed
2025-10-02T21:10:23,imagesnew1/samune/samune1/LME0001_リルミィ_ドリーミーベア_1day_samune.jpg,https://raw.githubusercontent.com/y4m4usr/HL001-quiz-karacon-academia-new/e2cbacf2d8d24222662151e6c4ed3edab7444774/imagesnew1/samune/samune1/LME0001_リルミィ_ドリーミーベア_1day_samune.jpg,NG,606462,0,decode/reencode failed
2025-10-02T21:10:23,imagesnew1/samune/samune1/LME0001_リルミィ_バブルキス_1day_samune.jpg,https://raw.githubusercontent.com/y4m4usr/HL001-quiz-karacon-academia-new/e2cbacf2d8d24222662151e6c4ed3edab7444774/imagesnew1/samune/samune1/LME0001_リルミィ_バブルキス_1day_samune.jpg,NG,606732,0,decode/reencode failed
2025-10-02T21:10:24,imagesnew1/samune/samune1/LME0001_リルミィ_ミスティパフ_1day_samune.jpg,https://raw.githubusercontent.com/y4m4usr/HL001-quiz-karacon-academia-new/e2cbacf2d8d24222662151e6c4ed3edab7444774/imagesnew1/samune/samune1/LME0001_リルミィ_ミスティパフ_1day_samune.jpg,NG,606614,0,decode/reencode failed
2025-10-02T21:10:24,imagesnew1/samune/samune1/LR0002_ラルム_クリスタルベージュ_1day_samune.jpg,https://raw.githubusercontent.com/y4m4usr/HL001-quiz-karacon-academia-new/e2cbacf2d8d24222662151e6c4ed3edab7444774/imagesnew1/samune/samune1/LR0002_ラルム_クリスタルベージュ_1day_samune.jpg,NG,606477,0,decode/reencode failed
2025-10-02T21:10:24,imagesnew1/samune/samune1/LR0002_ラルム_コズミックモーヴ_1day_samune.jpg,https://raw.githubusercontent.com/y4m4usr/HL001-quiz-karacon-academia-new/e2cbacf2d8d24222662151e6c4ed3edab7444774/imagesnew1/samune/samune1/LR0002_ラルム_コズミックモーヴ_1day_samune.jpg,NG,606954,0,decode/reencode failed
2025-10-02T21:10:25,imagesnew1/samune/samune1/LR0002_ラルム_シアーリングベージュ_1day_samune.jpg,https://raw.githubusercontent.com/y4m4usr/HL001-quiz-karacon-academia-new/e2cbacf2d8d24222662151e6c4ed3edab7444774/imagesnew1/samune/samune1/LR0002_ラルム_シアーリングベージュ_1day_samune.jpg,NG,607873,0,decode/reencode failed
2025-10-02T21:10:25,imagesnew1/samune/samune1/LR0002_ラルム_シースルートープ_1day_samune.jpg,https://raw.githubusercontent.com/y4m4usr/HL001-quiz-karacon-academia-new/e2cbacf2d8d24222662151e6c4ed3edab7444774/imagesnew1/samune/samune1/LR0002_ラルム_シースルートープ_1day_samune.jpg,NG,606814,0,decode/reencode failed
2025-10-02T21:10:26,imagesnew1/samune/samune1/LR0003_ラルム_アイスグレーブラウン_1day_samune.jpg,https://raw.githubusercontent.com/y4m4usr/HL001-quiz-karacon-academia-new/e2cbacf2d8d24222662151e6c4ed3edab7444774/imagesnew1/samune/samune1/LR0003_ラルム_アイスグレーブラウン_1day_samune.jpg,NG,606682,0,decode/reencode failed
2025-10-02T21:10:26,imagesnew1/samune/samune1/LR0003_ラルム_スノーブルー_1day_samune.jpg,https://raw.githubusercontent.com/y4m4usr/HL001-quiz-karacon-academia-new/e2cbacf2d8d24222662151e6c4ed3edab7444774/imagesnew1/samune/samune1/LR0003_ラルム_スノーブルー_1day_samune.jpg,NG,606601,0,decode/reencode failed
2025-10-02T21:10:26,imagesnew1/samune/samune1/LR0003_ラルム_ピュールリング_1day_samune.jpg,https://raw.githubusercontent.com/y4m4usr/HL001-quiz-karacon-academia-new/e2cbacf2d8d24222662151e6c4ed3edab7444774/imagesnew1/samune/samune1/LR0003_ラルム_ピュールリング_1day_samune.jpg,NG,606755,0,decode/reencode failed
2025-10-02T21:10:27,imagesnew1/samune/samune1/LV0001_ラヴェール_アッシュグレージュ_1day_samune.jpg,https://raw.githubusercontent.com/y4m4usr/HL001-quiz-karacon-academia-new/e2cbacf2d8d24222662151e6c4ed3edab7444774/imagesnew1/samune/samune1/LV0001_ラヴェール_アッシュグレージュ_1day_samune.jpg,NG,606674,0,decode/reencode failed
2025-10-02T21:10:27,imagesnew1/samune/samune1/LV0001_ラヴェール_シアーヘーゼル_1day_samune.jpg,https://raw.githubusercontent.com/y4m4usr/HL001-quiz-karacon-academia-new/e2cbacf2d8d24222662151e6c4ed3edab7444774/imagesnew1/samune/samune1/LV0001_ラヴェール_シアーヘーゼル_1day_samune.jpg,NG,606586,0,decode/reencode failed
2025-10-02T21:10:27,imagesnew1/samune/samune1/LV0001_ラヴェール_シルキーベージュ_1day_samune.jpg,https://raw.githubusercontent.com/y4m4usr/HL001-quiz-karacon-academia-new/e2cbacf2d8d24222662151e6c4ed3edab7444774/imagesnew1/samune/samune1/LV0001_ラヴェール_シルキーベージュ_1day_samune.jpg,NG,606455,0,decode/reencode failed
2025-10-02T21:10:28,imagesnew1/samune/samune1/LV0001_ラヴェール_センシュアルブラウン_1day_samune.jpg,https://raw.githubusercontent.com/y4m4usr/HL001-quiz-karacon-academia-new/e2cbacf2d8d24222662151e6c4ed3edab7444774/imagesnew1/samune/samune1/LV0001_ラヴェール_センシュアルブラウン_1day_samune.jpg,NG,606622,0,decode/reencode failed
2025-10-02T21:10:28,imagesnew1/samune/samune1/LV0001_ラヴェール_ブラウンミラージュ_1day_samune.jpg,https://raw.githubusercontent.com/y4m4usr/HL001-quiz-karacon-academia-new/e2cbacf2d8d24222662151e6c4ed3edab7444774/imagesnew1/samune/samune1/LV0001_ラヴェール_ブラウンミラージュ_1day_samune.jpg,NG,607197,0,decode/reencode failed
2025-10-02T21:10:28,imagesnew1/samune/samune1/LV0001_ラヴェール_ミッドナイトアンバー_1day_samune.jpg,https://raw.githubusercontent.com/y4m4usr/HL001-quiz-karacon-academia-new/e2cbacf2d8d24222662151e6c4ed3edab7444774/imagesnew1/samune/samune1/LV0001_ラヴェール_ミッドナイトアンバー_1day_samune.jpg,NG,606340,0,decode/reencode failed
2025-10-02T21:10:29,imagesnew1/samune/samune1/LV0001_ラヴェール_ムーンリットベージュ_1day_samune.jpg,https://raw.githubusercontent.com/y4m4usr/HL001-quiz-karacon-academia-new/e2cbacf2d8d24222662151e6c4ed3edab7444774/imagesnew1/samune/samune1/LV0001_ラヴェール_ムーンリットベージュ_1day_samune.jpg,NG,607011,0,decode/reencode failed
2025-10-02T21:10:29,imagesnew1/samune/samune1/LV0001_ラヴェール_ラスターグレー_1day_samune.jpg,https://raw.githubusercontent.com/y4m4usr/HL001-quiz-karacon-academia-new/e2cbacf2d8d24222662151e6c4ed3edab7444774/imagesnew1/samune/samune1/LV0001_ラヴェール_ラスターグレー_1day_samune.jpg,NG,606622,0,decode/reencode failed
2025-10-02T21:10:29,imagesnew1/samune/samune1/LV0007_ラヴェール_アディクトブロンド_1day_samune.jpg,https://raw.githubusercontent.com/y4m4usr/HL001-quiz-karacon-academia-new/e2cbacf2d8d24222662151e6c4ed3edab7444774/imagesnew1/samune/samune1/LV0007_ラヴェール_アディクトブロンド_1day_samune.jpg,NG,606590,0,decode/reencode failed
2025-10-02T21:10:30,imagesnew1/samune/samune1/LV0007_ラヴェール_ジャスミンアイビー_1day_samune.jpg,https://raw.githubusercontent.com/y4m4usr/HL001-quiz-karacon-academia-new/e2cbacf2d8d24222662151e6c4ed3edab7444774/imagesnew1/samune/samune1/LV0007_ラヴェール_ジャスミンアイビー_1day_samune.jpg,NG,606761,0,decode/reencode failed
2025-10-02T21:10:30,imagesnew1/samune/samune1/LV0007_ラヴェール_バブルギャラクシー_1day_samune.jpg,https://raw.githubusercontent.com/y4m4usr/HL001-quiz-karacon-academia-new/e2cbacf2d8d24222662151e6c4ed3edab7444774/imagesnew1/samune/samune1/LV0007_ラヴェール_バブルギャラクシー_1day_samune.jpg,NG,606882,0,decode/reencode failed
2025-10-02T21:10:30,imagesnew1/samune/samune1/LV0007_ラヴェール_マーメイドアクア_1day_samune.jpg,https://raw.githubusercontent.com/y4m4usr/HL001-quiz-karacon-academia-new/e2cbacf2d8d24222662151e6c4ed3edab7444774/imagesnew1/samune/samune1/LV0007_ラヴェール_マーメイドアクア_1day_samune.jpg,NG,606539,0,decode/reencode failed
2025-10-02T21:10:31,imagesnew1/samune/samune1/LV0007_ラヴェール_ルモアヴィーナス_1day_samune.jpg,https://raw.githubusercontent.com/y4m4usr/HL001-quiz-karacon-academia-new/e2cbacf2d8d24222662151e6c4ed3edab7444774/imagesnew1/samune/samune1/LV0007_ラヴェール_ルモアヴィーナス_1day_samune.jpg,NG,606510,0,decode/reencode failed
2025-10-02T21:10:32,imagesnew1/samune/samune1/LV0007_ラヴェール_ローズクォーツ_1day_samune.jpg,https://raw.githubusercontent.com/y4m4usr/HL001-quiz-karacon-academia-new/e2cbacf2d8d24222662151e6c4ed3edab7444774/imagesnew1/samune/samune1/LV0007_ラヴェール_ローズクォーツ_1day_samune.jpg,NG,607741,0,decode/reencode failed
2025-10-02T21:10:32,imagesnew1/samune/samune1/LV0007_ラヴェール_ロリポップピンク_1day_samune.jpg,https://raw.githubusercontent.com/y4m4usr/HL001-quiz-karacon-academia-new/e2cbacf2d8d24222662151e6c4ed3edab7444774/imagesnew1/samune/samune1/LV0007_ラヴェール_ロリポップピンク_1day_samune.jpg,NG,607142,0,decode/reencode failed
2025-10-02T21:10:32,imagesnew1/samune/samune1/LV0009_ラヴェール_イノセントアッシュ_1day_samune.jpg,https://raw.githubusercontent.com/y4m4usr/HL001-quiz-karacon-academia-new/e2cbacf2d8d24222662151e6c4ed3edab7444774/imagesnew1/samune/samune1/LV0009_ラヴェール_イノセントアッシュ_1day_samune.jpg,NG,606411,0,decode/reencode failed
2025-10-02T21:10:33,imagesnew1/samune/samune1/LV0009_ラヴェール_キャラメルグロー_1day_samune.jpg,https://raw.githubusercontent.com/y4m4usr/HL001-quiz-karacon-academia-new/e2cbacf2d8d24222662151e6c4ed3edab7444774/imagesnew1/samune/samune1/LV0009_ラヴェール_キャラメルグロー_1day_samune.jpg,NG,606949,0,decode/reencode failed
2025-10-02T21:10:33,imagesnew1/samune/samune1/LV0009_ラヴェール_バイオレットグレア_1day_samune.jpg,https://raw.githubusercontent.com/y4m4usr/HL001-quiz-karacon-academia-new/e2cbacf2d8d24222662151e6c4ed3edab7444774/imagesnew1/samune/samune1/LV0009_ラヴェール_バイオレットグレア_1day_samune.jpg,NG,606497,0,decode/reencode failed
2025-10-02T21:10:33,imagesnew1/samune/samune1/LV0011_ラヴェール_アルカディアゴールド_1day_samune.jpg,https://raw.githubusercontent.com/y4m4usr/HL001-quiz-karacon-academia-new/e2cbacf2d8d24222662151e6c4ed3edab7444774/imagesnew1/samune/samune1/LV0011_ラヴェール_アルカディアゴールド_1day_samune.jpg,NG,606634,0,decode/reencode failed
2025-10-02T21:10:34,imagesnew1/samune/samune1/LV0011_ラヴェール_セレスティアグレー_1day_samune.jpg,https://raw.githubusercontent.com/y4m4usr/HL001-quiz-karacon-academia-new/e2cbacf2d8d24222662151e6c4ed3edab7444774/imagesnew1/samune/samune1/LV0011_ラヴェール_セレスティアグレー_1day_samune.jpg,NG,606561,0,decode/reencode failed
2025-10-02T21:10:34,imagesnew1/samune/samune1/LV0011_ラヴェール_ドリーミアネイビー_1day_samune.jpg,https://raw.githubusercontent.com/y4m4usr/HL001-quiz-karacon-academia-new/e2cbacf2d8d24222662151e6c4ed3edab7444774/imagesnew1/samune/samune1/LV0011_ラヴェール_ドリーミアネイビー_1day_samune.jpg,NG,606756,0,decode/reencode failed
2025-10-02T21:10:34,imagesnew1/samune/samune1/LV0011_ラヴェール_ハニートリック_1day_samune.jpg,https://raw.githubusercontent.com/y4m4usr/HL001-quiz-karacon-academia-new/e2cbacf2d8d24222662151e6c4ed3edab7444774/imagesnew1/samune/samune1/LV0011_ラヴェール_ハニートリック_1day_samune.jpg,NG,606493,0,decode/reencode failed
2025-10-02T21:10:34,imagesnew1/samune/samune1/LV0011_ラヴェール_ブラックビジュー_1day_samune.jpg,https://raw.githubusercontent.com/y4m4usr/HL001-quiz-karacon-academia-new/e2cbacf2d8d24222662151e6c4ed3edab7444774/imagesnew1/samune/samune1/LV0011_ラヴェール_ブラックビジュー_1day_samune.jpg,NG,607963,0,decode/reencode failed
2025-10-02T21:10:35,imagesnew1/samune/samune1/LV0012_ラヴェール_アディクトブロンド_1month_samune.jpg,https://raw.githubusercontent.com/y4m4usr/HL001-quiz-karacon-academia-new/e2cbacf2d8d24222662151e6c4ed3edab7444774/imagesnew1/samune/samune1/LV0012_ラヴェール_アディクトブロンド_1month_samune.jpg,NG,606630,0,decode/reencode failed
2025-10-02T21:10:35,imagesnew1/samune/samune1/LV0012_ラヴェール_キャラメルグロー_1month_samune.jpg,https://raw.githubusercontent.com/y4m4usr/HL001-quiz-karacon-academia-new/e2cbacf2d8d24222662151e6c4ed3edab7444774/imagesnew1/samune/samune1/LV0012_ラヴェール_キャラメルグロー_1month_samune.jpg,NG,606622,0,decode/reencode failed
2025-10-02T21:10:35,imagesnew1/samune/samune1/LV0012_ラヴェール_バブルギャラクシー_1month_samune.jpg,https://raw.githubusercontent.com/y4m4usr/HL001-quiz-karacon-academia-new/e2cbacf2d8d24222662151e6c4ed3edab7444774/imagesnew1/samune/samune1/LV0012_ラヴェール_バブルギャラクシー_1month_samune.jpg,NG,606682,0,decode/reencode failed
2025-10-02T21:10:36,imagesnew1/samune/samune1/LV0012_ラヴェール_ルモアヴィーナス_1month_samune.jpg,https://raw.githubusercontent.com/y4m4usr/HL001-quiz-karacon-academia-new/e2cbacf2d8d24222662151e6c4ed3edab7444774/imagesnew1/samune/samune1/LV0012_ラヴェール_ルモアヴィーナス_1month_samune.jpg,NG,606747,0,decode/reencode failed
2025-10-02T21:10:36,imagesnew1/samune/samune1/MCH0001_ミシュー_リッチローズ_1day_samune.jpg,https://raw.githubusercontent.com/y4m4usr/HL001-quiz-karacon-academia-new/e2cbacf2d8d24222662151e6c4ed3edab7444774/imagesnew1/samune/samune1/MCH0001_ミシュー_リッチローズ_1day_samune.jpg,NG,607520,0,decode/reencode failed
2025-10-02T21:10:37,imagesnew1/samune/samune1/MCH0002_ミシュー_ビスケットベージュ_1day_samune.jpg,https://raw.githubusercontent.com/y4m4usr/HL001-quiz-karacon-academia-new/e2cbacf2d8d24222662151e6c4ed3edab7444774/imagesnew1/samune/samune1/MCH0002_ミシュー_ビスケットベージュ_1day_samune.jpg,NG,606626,0,decode/reencode failed
2025-10-02T21:10:37,imagesnew1/samune/samune1/MCH0002_ミシュー_ベイビーグレー_1day_samune.jpg,https://raw.githubusercontent.com/y4m4usr/HL001-quiz-karacon-academia-new/e2cbacf2d8d24222662151e6c4ed3edab7444774/imagesnew1/samune/samune1/MCH0002_ミシュー_ベイビーグレー_1day_samune.jpg,NG,606563,0,decode/reencode failed
2025-10-02T21:10:37,imagesnew1/samune/samune1/MCH0002_ミシュー_ロイヤルモカ_1day_samune.jpg,https://raw.githubusercontent.com/y4m4usr/HL001-quiz-karacon-academia-new/e2cbacf2d8d24222662151e6c4ed3edab7444774/imagesnew1/samune/samune1/MCH0002_ミシュー_ロイヤルモカ_1day_samune.jpg,NG,606807,0,decode/reencode failed
2025-10-02T21:10:37,imagesnew1/samune/samune1/MCL0001_ミークレール_すっぴんブラウン_1day_samune.jpg,https://raw.githubusercontent.com/y4m4usr/HL001-quiz-karacon-academia-new/e2cbacf2d8d24222662151e6c4ed3edab7444774/imagesnew1/samune/samune1/MCL0001_ミークレール_すっぴんブラウン_1day_samune.jpg,NG,606739,0,decode/reencode failed
2025-10-02T21:10:38,imagesnew1/samune/samune1/MCL0002_ミークレール_あざとブラウン_1day_samune.jpg,https://raw.githubusercontent.com/y4m4usr/HL001-quiz-karacon-academia-new/e2cbacf2d8d24222662151e6c4ed3edab7444774/imagesnew1/samune/samune1/MCL0002_ミークレール_あざとブラウン_1day_samune.jpg,NG,606526,0,decode/reencode failed
2025-10-02T21:10:38,imagesnew1/samune/samune1/MCL0002_ミークレール_かまってグレー_1day_samune.jpg,https://raw.githubusercontent.com/y4m4usr/HL001-quiz-karacon-academia-new/e2cbacf2d8d24222662151e6c4ed3edab7444774/imagesnew1/samune/samune1/MCL0002_ミークレール_かまってグレー_1day_samune.jpg,NG,606749,0,decode/reencode failed
2025-10-02T21:10:38,imagesnew1/samune/samune1/MCL0002_ミークレール_なまいきブラック_1day_samune.jpg,https://raw.githubusercontent.com/y4m4usr/HL001-quiz-karacon-academia-new/e2cbacf2d8d24222662151e6c4ed3edab7444774/imagesnew1/samune/samune1/MCL0002_ミークレール_なまいきブラック_1day_samune.jpg,NG,606565,0,decode/reencode failed
2025-10-02T21:10:39,imagesnew1/samune/samune1/MCL0002_ミークレール_わがままピンク_1day_samune.jpg,https://raw.githubusercontent.com/y4m4usr/HL001-quiz-karacon-academia-new/e2cbacf2d8d24222662151e6c4ed3edab7444774/imagesnew1/samune/samune1/MCL0002_ミークレール_わがままピンク_1day_samune.jpg,NG,606969,0,decode/reencode failed
2025-10-02T21:10:39,imagesnew1/samune/samune1/MCL0003_ミークレール_クルムグレー_1day_samune.jpg,https://raw.githubusercontent.com/y4m4usr/HL001-quiz-karacon-academia-new/e2cbacf2d8d24222662151e6c4ed3edab7444774/imagesnew1/samune/samune1/MCL0003_ミークレール_クルムグレー_1day_samune.jpg,NG,606549,0,decode/reencode failed
2025-10-02T21:10:39,imagesnew1/samune/samune1/MCL0003_ミークレール_ドールブラウン_1day_samune.jpg,https://raw.githubusercontent.com/y4m4usr/HL001-quiz-karacon-academia-new/e2cbacf2d8d24222662151e6c4ed3edab7444774/imagesnew1/samune/samune1/MCL0003_ミークレール_ドールブラウン_1day_samune.jpg,NG,606533,0,decode/reencode failed
2025-10-02T21:10:40,imagesnew1/samune/samune1/MCL0003_ミークレール_パンプキンブラウン_1day_samune.jpg,https://raw.githubusercontent.com/y4m4usr/HL001-quiz-karacon-academia-new/e2cbacf2d8d24222662151e6c4ed3edab7444774/imagesnew1/samune/samune1/MCL0003_ミークレール_パンプキンブラウン_1day_samune.jpg,NG,606405,0,decode/reencode failed
2025-10-02T21:10:40,imagesnew1/samune/samune1/MIC0001_ミミシャルム_キティパフ_1day_samune.jpg,https://raw.githubusercontent.com/y4m4usr/HL001-quiz-karacon-academia-new/e2cbacf2d8d24222662151e6c4ed3edab7444774/imagesnew1/samune/samune1/MIC0001_ミミシャルム_キティパフ_1day_samune.jpg,NG,606581,0,decode/reencode failed
2025-10-02T21:10:40,imagesnew1/samune/samune1/MIC0001_ミミシャルム_ジェムグレージュ_1day_samune.jpg,https://raw.githubusercontent.com/y4m4usr/HL001-quiz-karacon-academia-new/e2cbacf2d8d24222662151e6c4ed3edab7444774/imagesnew1/samune/samune1/MIC0001_ミミシャルム_ジェムグレージュ_1day_samune.jpg,NG,606313,0,decode/reencode failed
2025-10-02T21:10:41,imagesnew1/samune/samune1/MIC0001_ミミシャルム_ドーリードロップ_1day_samune.jpg,https://raw.githubusercontent.com/y4m4usr/HL001-quiz-karacon-academia-new/e2cbacf2d8d24222662151e6c4ed3edab7444774/imagesnew1/samune/samune1/MIC0001_ミミシャルム_ドーリードロップ_1day_samune.jpg,NG,606708,0,decode/reencode failed
2025-10-02T21:10:41,imagesnew1/samune/samune1/MIC0001_ミミシャルム_ハニーシロップ_1day_samune.jpg,https://raw.githubusercontent.com/y4m4usr/HL001-quiz-karacon-academia-new/e2cbacf2d8d24222662151e6c4ed3edab7444774/imagesnew1/samune/samune1/MIC0001_ミミシャルム_ハニーシロップ_1day_samune.jpg,NG,607017,0,decode/reencode failed
2025-10-02T21:10:41,imagesnew1/samune/samune1/MIC0001_ミミシャルム_ムーンラテ_1day_samune.jpg,https://raw.githubusercontent.com/y4m4usr/HL001-quiz-karacon-academia-new/e2cbacf2d8d24222662151e6c4ed3edab7444774/imagesnew1/samune/samune1/MIC0001_ミミシャルム_ムーンラテ_1day_samune.jpg,NG,607105,0,decode/reencode failed
2025-10-02T21:10:42,imagesnew1/samune/samune1/MIC0001_ミミシャルム_ロイヤルムーン_1day_samune.jpg,https://raw.githubusercontent.com/y4m4usr/HL001-quiz-karacon-academia-new/e2cbacf2d8d24222662151e6c4ed3edab7444774/imagesnew1/samune/samune1/MIC0001_ミミシャルム_ロイヤルムーン_1day_samune.jpg,NG,607022,0,decode/reencode failed
2025-10-02T21:10:42,imagesnew1/samune/samune1/MIU0001_ミューム_くらげ_1day_samune.jpg,https://raw.githubusercontent.com/y4m4usr/HL001-quiz-karacon-academia-new/e2cbacf2d8d24222662151e6c4ed3edab7444774/imagesnew1/samune/samune1/MIU0001_ミューム_くらげ_1day_samune.jpg,NG,607341,0,decode/reencode failed
2025-10-02T21:10:42,imagesnew1/samune/samune1/MIU0001_ミューム_シェルラッコ_1day_samune.jpg,https://raw.githubusercontent.com/y4m4usr/HL001-quiz-karacon-academia-new/e2cbacf2d8d24222662151e6c4ed3edab7444774/imagesnew1/samune/samune1/MIU0001_ミューム_シェルラッコ_1day_samune.jpg,NG,606425,0,decode/reencode failed
2025-10-02T21:10:42,imagesnew1/samune/samune1/MIU0001_ミューム_トーンアップモカ_1day_samune.jpg,https://raw.githubusercontent.com/y4m4usr/HL001-quiz-karacon-academia-new/e2cbacf2d8d24222662151e6c4ed3edab7444774/imagesnew1/samune/samune1/MIU0001_ミューム_トーンアップモカ_1day_samune.jpg,NG,608070,0,decode/reencode failed
2025-10-02T21:10:43,imagesnew1/samune/samune1/MIU0001_ミューム_ペルシアングラス_1day_samune.jpg,https://raw.githubusercontent.com/y4m4usr/HL001-quiz-karacon-academia-new/e2cbacf2d8d24222662151e6c4ed3edab7444774/imagesnew1/samune/samune1/MIU0001_ミューム_ペルシアングラス_1day_samune.jpg,NG,606817,0,decode/reencode failed
2025-10-02T21:10:43,imagesnew1/samune/samune1/MIU0001_ミューム_ゆかり_1day_samune.jpg,https://raw.githubusercontent.com/y4m4usr/HL001-quiz-karacon-academia-new/e2cbacf2d8d24222662151e6c4ed3edab7444774/imagesnew1/samune/samune1/MIU0001_ミューム_ゆかり_1day_samune.jpg,NG,606954,0,decode/reencode failed
2025-10-02T21:10:43,imagesnew1/samune/samune1/MIU0002_ミューム_プリズムストーン_1day_samune.jpg,https://raw.githubusercontent.com/y4m4usr/HL001-quiz-karacon-academia-new/e2cbacf2d8d24222662151e6c4ed3edab7444774/imagesnew1/samune/samune1/MIU0002_ミューム_プリズムストーン_1day_samune.jpg,NG,606555,0,decode/reencode failed
2025-10-02T21:10:44,imagesnew1/samune/samune1/MIU0002_ミューム_ボンボン_1day_samune.jpg,https://raw.githubusercontent.com/y4m4usr/HL001-quiz-karacon-academia-new/e2cbacf2d8d24222662151e6c4ed3edab7444774/imagesnew1/samune/samune1/MIU0002_ミューム_ボンボン_1day_samune.jpg,NG,606622,0,decode/reencode failed
2025-10-02T21:10:44,imagesnew1/samune/samune1/MIU0002_ミューム_リンクティント_1day_samune.jpg,https://raw.githubusercontent.com/y4m4usr/HL001-quiz-karacon-academia-new/e2cbacf2d8d24222662151e6c4ed3edab7444774/imagesnew1/samune/samune1/MIU0002_ミューム_リンクティント_1day_samune.jpg,NG,606341,0,decode/reencode failed
2025-10-02T21:10:44,imagesnew1/samune/samune1/MIU0005_ミューム_くらげ_1month_samune.jpg,https://raw.githubusercontent.com/y4m4usr/HL001-quiz-karacon-academia-new/e2cbacf2d8d24222662151e6c4ed3edab7444774/imagesnew1/samune/samune1/MIU0005_ミューム_くらげ_1month_samune.jpg,NG,606547,0,decode/reencode failed
2025-10-02T21:10:45,imagesnew1/samune/samune1/MIU0005_ミューム_シェルラッコ_1month_samune.jpg,https://raw.githubusercontent.com/y4m4usr/HL001-quiz-karacon-academia-new/e2cbacf2d8d24222662151e6c4ed3edab7444774/imagesnew1/samune/samune1/MIU0005_ミューム_シェルラッコ_1month_samune.jpg,NG,606757,0,decode/reencode failed
2025-10-02T21:10:45,imagesnew1/samune/samune1/MIU0005_ミューム_トーンアップモカ_1month_samune.jpg,https://raw.githubusercontent.com/y4m4usr/HL001-quiz-karacon-academia-new/e2cbacf2d8d24222662151e6c4ed3edab7444774/imagesnew1/samune/samune1/MIU0005_ミューム_トーンアップモカ_1month_samune.jpg,NG,606594,0,decode/reencode failed
2025-10-02T21:10:45,imagesnew1/samune/samune1/MIU0007_ミューム_コークブラウン_1day_samune.jpg,https://raw.githubusercontent.com/y4m4usr/HL001-quiz-karacon-academia-new/e2cbacf2d8d24222662151e6c4ed3edab7444774/imagesnew1/samune/samune1/MIU0007_ミューム_コークブラウン_1day_samune.jpg,NG,606601,0,decode/reencode failed
2025-10-02T21:10:46,imagesnew1/samune/samune1/MIU0007_ミューム_ソーダボム_1day_samune.jpg,https://raw.githubusercontent.com/y4m4usr/HL001-quiz-karacon-academia-new/e2cbacf2d8d24222662151e6c4ed3edab7444774/imagesnew1/samune/samune1/MIU0007_ミューム_ソーダボム_1day_samune.jpg,NG,606796,0,decode/reencode failed
2025-10-02T21:10:46,imagesnew1/samune/samune1/MIU0007_ミューム_モアクラゲ_1day_samune.jpg,https://raw.githubusercontent.com/y4m4usr/HL001-quiz-karacon-academia-new/e2cbacf2d8d24222662151e6c4ed3edab7444774/imagesnew1/samune/samune1/MIU0007_ミューム_モアクラゲ_1day_samune.jpg,NG,606809,0,decode/reencode failed
2025-10-02T21:10:46,imagesnew1/samune/samune1/MIU0009_ミューム_モアクラゲ_1month_samune.jpg,https://raw.githubusercontent.com/y4m4usr/HL001-quiz-karacon-academia-new/e2cbacf2d8d24222662151e6c4ed3edab7444774/imagesnew1/samune/samune1/MIU0009_ミューム_モアクラゲ_1month_samune.jpg,NG,606799,0,decode/reencode failed
2025-10-02T21:10:47,imagesnew1/samune/samune1/MIU0010_ミューム_ティアティント_1day_samune.jpg,https://raw.githubusercontent.com/y4m4usr/HL001-quiz-karacon-academia-new/e2cbacf2d8d24222662151e6c4ed3edab7444774/imagesnew1/samune/samune1/MIU0010_ミューム_ティアティント_1day_samune.jpg,NG,606509,0,decode/reencode failed
2025-10-02T21:10:48,imagesnew1/samune/samune1/MIY0001_ミィーユ_チュールオリーブ_1day_samune.jpg,https://raw.githubusercontent.com/y4m4usr/HL001-quiz-karacon-academia-new/e2cbacf2d8d24222662151e6c4ed3edab7444774/imagesnew1/samune/samune1/MIY0001_ミィーユ_チュールオリーブ_1day_samune.jpg,NG,606969,0,decode/reencode failed
2025-10-02T21:10:48,imagesnew1/samune/samune1/MIY0001_ミィーユ_ノワールブラウン_1day_samune.jpg,https://raw.githubusercontent.com/y4m4usr/HL001-quiz-karacon-academia-new/e2cbacf2d8d24222662151e6c4ed3edab7444774/imagesnew1/samune/samune1/MIY0001_ミィーユ_ノワールブラウン_1day_samune.jpg,NG,606929,0,decode/reencode failed
2025-10-02T21:10:48,imagesnew1/samune/samune1/MIY0001_ミィーユ_ボンボングレー_1day_samune.jpg,https://raw.githubusercontent.com/y4m4usr/HL001-quiz-karacon-academia-new/e2cbacf2d8d24222662151e6c4ed3edab7444774/imagesnew1/samune/samune1/MIY0001_ミィーユ_ボンボングレー_1day_samune.jpg,NG,606657,0,decode/reencode failed
2025-10-02T21:10:48,imagesnew1/samune/samune1/MIY0001_ミィーユ_リーナブルー_1day_samune.jpg,https://raw.githubusercontent.com/y4m4usr/HL001-quiz-karacon-academia-new/e2cbacf2d8d24222662151e6c4ed3edab7444774/imagesnew1/samune/samune1/MIY0001_ミィーユ_リーナブルー_1day_samune.jpg,NG,606647,0,decode/reencode failed
2025-10-02T21:10:49,imagesnew1/samune/samune1/MJT0001_マジェット_マーメイドアッシュ_1day_samune.jpg,https://raw.githubusercontent.com/y4m4usr/HL001-quiz-karacon-academia-new/e2cbacf2d8d24222662151e6c4ed3edab7444774/imagesnew1/samune/samune1/MJT0001_マジェット_マーメイドアッシュ_1day_samune.jpg,NG,606665,0,decode/reencode failed
2025-10-02T21:10:49,imagesnew1/samune/samune1/MJT0001_マジェット_マジェスティックブラウン_1day_samune.jpg,https://raw.githubusercontent.com/y4m4usr/HL001-quiz-karacon-academia-new/e2cbacf2d8d24222662151e6c4ed3edab7444774/imagesnew1/samune/samune1/MJT0001_マジェット_マジェスティックブラウン_1day_samune.jpg,NG,606632,0,decode/reencode failed
2025-10-02T21:10:49,imagesnew1/samune/samune1/MJT0001_マジェット_マリアローズ_1day_samune.jpg,https://raw.githubusercontent.com/y4m4usr/HL001-quiz-karacon-academia-new/e2cbacf2d8d24222662151e6c4ed3edab7444774/imagesnew1/samune/samune1/MJT0001_マジェット_マリアローズ_1day_samune.jpg,NG,606517,0,decode/reencode failed
2025-10-02T21:10:50,imagesnew1/samune/samune1/MJT0001_マジェット_ミスティークブラウン_1day_samune.jpg,https://raw.githubusercontent.com/y4m4usr/HL001-quiz-karacon-academia-new/e2cbacf2d8d24222662151e6c4ed3edab7444774/imagesnew1/samune/samune1/MJT0001_マジェット_ミスティークブラウン_1day_samune.jpg,NG,606350,0,decode/reencode failed
2025-10-02T21:10:50,imagesnew1/samune/samune1/MJT0001_マジェット_ミスティーベージュ_1day_samune.jpg,https://raw.githubusercontent.com/y4m4usr/HL001-quiz-karacon-academia-new/e2cbacf2d8d24222662151e6c4ed3edab7444774/imagesnew1/samune/samune1/MJT0001_マジェット_ミスティーベージュ_1day_samune.jpg,NG,606920,0,decode/reencode failed
2025-10-02T21:10:50,imagesnew1/samune/samune1/MJT0001_マジェット_ミスドール_1day_samune.jpg,https://raw.githubusercontent.com/y4m4usr/HL001-quiz-karacon-academia-new/e2cbacf2d8d24222662151e6c4ed3edab7444774/imagesnew1/samune/samune1/MJT0001_マジェット_ミスドール_1day_samune.jpg,NG,606817,0,decode/reencode failed
2025-10-02T21:10:51,imagesnew1/samune/samune1/MJT0001_マジェット_ミスブラウン_1day_samune.jpg,https://raw.githubusercontent.com/y4m4usr/HL001-quiz-karacon-academia-new/e2cbacf2d8d24222662151e6c4ed3edab7444774/imagesnew1/samune/samune1/MJT0001_マジェット_ミスブラウン_1day_samune.jpg,NG,606745,0,decode/reencode failed
2025-10-02T21:10:51,imagesnew1/samune/samune1/MJT0001_マジェット_ミューズパール_1day_samune.jpg,https://raw.githubusercontent.com/y4m4usr/HL001-quiz-karacon-academia-new/e2cbacf2d8d24222662151e6c4ed3edab7444774/imagesnew1/samune/samune1/MJT0001_マジェット_ミューズパール_1day_samune.jpg,NG,606692,0,decode/reencode failed
2025-10-02T21:10:51,imagesnew1/samune/samune1/MJT0001_マジェット_ミルキーベージュ_1day_samune.jpg,https://raw.githubusercontent.com/y4m4usr/HL001-quiz-karacon-academia-new/e2cbacf2d8d24222662151e6c4ed3edab7444774/imagesnew1/samune/samune1/MJT0001_マジェット_ミルキーベージュ_1day_samune.jpg,NG,606456,0,decode/reencode failed
2025-10-02T21:10:52,imagesnew1/samune/samune1/MJT0001_マジェット_メローブラウン_1day_samune.jpg,https://raw.githubusercontent.com/y4m4usr/HL001-quiz-karacon-academia-new/e2cbacf2d8d24222662151e6c4ed3edab7444774/imagesnew1/samune/samune1/MJT0001_マジェット_メローブラウン_1day_samune.jpg,NG,606405,0,decode/reencode failed
2025-10-02T21:10:52,imagesnew1/samune/samune1/MK0001_モラク_コーラルブラウン_1day_samune.jpg,https://raw.githubusercontent.com/y4m4usr/HL001-quiz-karacon-academia-new/e2cbacf2d8d24222662151e6c4ed3edab7444774/imagesnew1/samune/samune1/MK0001_モラク_コーラルブラウン_1day_samune.jpg,NG,606122,0,decode/reencode failed
2025-10-02T21:10:52,imagesnew1/samune/samune1/MK0001_モラク_サクラスモア_1day_samune.jpg,https://raw.githubusercontent.com/y4m4usr/HL001-quiz-karacon-academia-new/e2cbacf2d8d24222662151e6c4ed3edab7444774/imagesnew1/samune/samune1/MK0001_モラク_サクラスモア_1day_samune.jpg,NG,606638,0,decode/reencode failed
2025-10-02T21:10:53,imagesnew1/samune/samune1/MK0001_モラク_サクラペタル_1day_samune.jpg,https://raw.githubusercontent.com/y4m4usr/HL001-quiz-karacon-academia-new/e2cbacf2d8d24222662151e6c4ed3edab7444774/imagesnew1/samune/samune1/MK0001_モラク_サクラペタル_1day_samune.jpg,NG,606586,0,decode/reencode failed
2025-10-02T21:10:53,imagesnew1/samune/samune1/MK0001_モラク_ダークピオニー_1day_samune.jpg,https://raw.githubusercontent.com/y4m4usr/HL001-quiz-karacon-academia-new/e2cbacf2d8d24222662151e6c4ed3edab7444774/imagesnew1/samune/samune1/MK0001_モラク_ダークピオニー_1day_samune.jpg,NG,606624,0,decode/reencode failed
2025-10-02T21:10:53,imagesnew1/samune/samune1/MK0001_モラク_ダズルグレー_1day_samune.jpg,https://raw.githubusercontent.com/y4m4usr/HL001-quiz-karacon-academia-new/e2cbacf2d8d24222662151e6c4ed3edab7444774/imagesnew1/samune/samune1/MK0001_モラク_ダズルグレー_1day_samune.jpg,NG,606330,0,decode/reencode failed
2025-10-02T21:10:54,imagesnew1/samune/samune1/MK0001_モラク_ダズルベージュ_1day_samune.jpg,https://raw.githubusercontent.com/y4m4usr/HL001-quiz-karacon-academia-new/e2cbacf2d8d24222662151e6c4ed3edab7444774/imagesnew1/samune/samune1/MK0001_モラク_ダズルベージュ_1day_samune.jpg,NG,606521,0,decode/reencode failed
2025-10-02T21:10:54,imagesnew1/samune/samune1/MK0001_モラク_ティントブラウン_1day_samune.jpg,https://raw.githubusercontent.com/y4m4usr/HL001-quiz-karacon-academia-new/e2cbacf2d8d24222662151e6c4ed3edab7444774/imagesnew1/samune/samune1/MK0001_モラク_ティントブラウン_1day_samune.jpg,NG,606679,0,decode/reencode failed
2025-10-02T21:10:54,imagesnew1/samune/samune1/MK0001_モラク_ドーリッシュグレー_1day_samune.jpg,https://raw.githubusercontent.com/y4m4usr/HL001-quiz-karacon-academia-new/e2cbacf2d8d24222662151e6c4ed3edab7444774/imagesnew1/samune/samune1/MK0001_モラク_ドーリッシュグレー_1day_samune.jpg,NG,606284,0,decode/reencode failed
2025-10-02T21:10:55,imagesnew1/samune/samune1/MK0001_モラク_ドーリッシュブラウン_1day_samune.jpg,https://raw.githubusercontent.com/y4m4usr/HL001-quiz-karacon-academia-new/e2cbacf2d8d24222662151e6c4ed3edab7444774/imagesnew1/samune/samune1/MK0001_モラク_ドーリッシュブラウン_1day_samune.jpg,NG,606618,0,decode/reencode failed
2025-10-02T21:10:55,imagesnew1/samune/samune1/MK0001_モラク_バブルブルー_1day_samune.jpg,https://raw.githubusercontent.com/y4m4usr/HL001-quiz-karacon-academia-new/e2cbacf2d8d24222662151e6c4ed3edab7444774/imagesnew1/samune/samune1/MK0001_モラク_バブルブルー_1day_samune.jpg,NG,606535,0,decode/reencode failed
2025-10-02T21:10:55,imagesnew1/samune/samune1/MK0001_モラク_ブラウンバニー_1day_samune.jpg,https://raw.githubusercontent.com/y4m4usr/HL001-quiz-karacon-academia-new/e2cbacf2d8d24222662151e6c4ed3edab7444774/imagesnew1/samune/samune1/MK0001_モラク_ブラウンバニー_1day_samune.jpg,NG,606551,0,decode/reencode failed
2025-10-02T21:10:56,imagesnew1/samune/samune1/MK0001_モラク_ミラーグレー_1day_samune.jpg,https://raw.githubusercontent.com/y4m4usr/HL001-quiz-karacon-academia-new/e2cbacf2d8d24222662151e6c4ed3edab7444774/imagesnew1/samune/samune1/MK0001_モラク_ミラーグレー_1day_samune.jpg,NG,607634,0,decode/reencode failed
2025-10-02T21:10:56,imagesnew1/samune/samune1/MK0001_モラク_メルティーミスト_1day_samune.jpg,https://raw.githubusercontent.com/y4m4usr/HL001-quiz-karacon-academia-new/e2cbacf2d8d24222662151e6c4ed3edab7444774/imagesnew1/samune/samune1/MK0001_モラク_メルティーミスト_1day_samune.jpg,NG,606614,0,decode/reencode failed
2025-10-02T21:10:56,imagesnew1/samune/samune1/MK0002_モラク_コーラルブラウン_1month_samune.jpg,https://raw.githubusercontent.com/y4m4usr/HL001-quiz-karacon-academia-new/e2cbacf2d8d24222662151e6c4ed3edab7444774/imagesnew1/samune/samune1/MK0002_モラク_コーラルブラウン_1month_samune.jpg,NG,606817,0,decode/reencode failed
2025-10-02T21:10:57,imagesnew1/samune/samune1/MK0002_モラク_サクラスモア_1month_samune.jpg,https://raw.githubusercontent.com/y4m4usr/HL001-quiz-karacon-academia-new/e2cbacf2d8d24222662151e6c4ed3edab7444774/imagesnew1/samune/samune1/MK0002_モラク_サクラスモア_1month_samune.jpg,NG,608219,0,decode/reencode failed
2025-10-02T21:10:57,imagesnew1/samune/samune1/MK0002_モラク_サクラペタル_1month_samune.jpg,https://raw.githubusercontent.com/y4m4usr/HL001-quiz-karacon-academia-new/e2cbacf2d8d24222662151e6c4ed3edab7444774/imagesnew1/samune/samune1/MK0002_モラク_サクラペタル_1month_samune.jpg,NG,606519,0,decode/reencode failed
2025-10-02T21:10:57,imagesnew1/samune/samune1/MK0002_モラク_ダークピオニー_1month_samune.jpg,https://raw.githubusercontent.com/y4m4usr/HL001-quiz-karacon-academia-new/e2cbacf2d8d24222662151e6c4ed3edab7444774/imagesnew1/samune/samune1/MK0002_モラク_ダークピオニー_1month_samune.jpg,NG,606529,0,decode/reencode failed
2025-10-02T21:10:58,imagesnew1/samune/samune1/MK0002_モラク_ダズルグレー_1month_samune.jpg,https://raw.githubusercontent.com/y4m4usr/HL001-quiz-karacon-academia-new/e2cbacf2d8d24222662151e6c4ed3edab7444774/imagesnew1/samune/samune1/MK0002_モラク_ダズルグレー_1month_samune.jpg,NG,606925,0,decode/reencode failed
2025-10-02T21:10:58,imagesnew1/samune/samune1/MK0002_モラク_ダズルベージュ_1month_samune.jpg,https://raw.githubusercontent.com/y4m4usr/HL001-quiz-karacon-academia-new/e2cbacf2d8d24222662151e6c4ed3edab7444774/imagesnew1/samune/samune1/MK0002_モラク_ダズルベージュ_1month_samune.jpg,NG,606398,0,decode/reencode failed
2025-10-02T21:10:58,imagesnew1/samune/samune1/MK0002_モラク_タンジェリンティー_1month_samune.jpg,https://raw.githubusercontent.com/y4m4usr/HL001-quiz-karacon-academia-new/e2cbacf2d8d24222662151e6c4ed3edab7444774/imagesnew1/samune/samune1/MK0002_モラク_タンジェリンティー_1month_samune.jpg,NG,606510,0,decode/reencode failed
2025-10-02T21:10:59,imagesnew1/samune/samune1/MK0002_モラク_ティントブラウン_1month_samune.jpg,https://raw.githubusercontent.com/y4m4usr/HL001-quiz-karacon-academia-new/e2cbacf2d8d24222662151e6c4ed3edab7444774/imagesnew1/samune/samune1/MK0002_モラク_ティントブラウン_1month_samune.jpg,NG,607135,0,decode/reencode failed
2025-10-02T21:10:59,imagesnew1/samune/samune1/MK0002_モラク_ドーリッシュグレー_1month_samune.jpg,https://raw.githubusercontent.com/y4m4usr/HL001-quiz-karacon-academia-new/e2cbacf2d8d24222662151e6c4ed3edab7444774/imagesnew1/samune/samune1/MK0002_モラク_ドーリッシュグレー_1month_samune.jpg,NG,606381,0,decode/reencode failed
2025-10-02T21:10:59,imagesnew1/samune/samune1/MK0002_モラク_ドーリッシュブラウン_1month_samune.jpg,https://raw.githubusercontent.com/y4m4usr/HL001-quiz-karacon-academia-new/e2cbacf2d8d24222662151e6c4ed3edab7444774/imagesnew1/samune/samune1/MK0002_モラク_ドーリッシュブラウン_1month_samune.jpg,NG,606282,0,decode/reencode failed
2025-10-02T21:10:59,imagesnew1/samune/samune1/MK0002_モラク_ピーチクラッシュ_1month_samune.jpg,https://raw.githubusercontent.com/y4m4usr/HL001-quiz-karacon-academia-new/e2cbacf2d8d24222662151e6c4ed3edab7444774/imagesnew1/samune/samune1/MK0002_モラク_ピーチクラッシュ_1month_samune.jpg,NG,606682,0,decode/reencode failed
2025-10-02T21:11:00,imagesnew1/samune/samune1/MK0002_モラク_ブラウンバニー_1month_samune.jpg,https://raw.githubusercontent.com/y4m4usr/HL001-quiz-karacon-academia-new/e2cbacf2d8d24222662151e6c4ed3edab7444774/imagesnew1/samune/samune1/MK0002_モラク_ブラウンバニー_1month_samune.jpg,NG,606987,0,decode/reencode failed
2025-10-02T21:11:00,imagesnew1/samune/samune1/MK0002_モラク_ミラーグレー_1month_samune.jpg,https://raw.githubusercontent.com/y4m4usr/HL001-quiz-karacon-academia-new/e2cbacf2d8d24222662151e6c4ed3edab7444774/imagesnew1/samune/samune1/MK0002_モラク_ミラーグレー_1month_samune.jpg,NG,606618,0,decode/reencode failed
2025-10-02T21:11:01,imagesnew1/samune/samune1/MK0004_モラク_ドリームグレー_1day_samune.jpg,https://raw.githubusercontent.com/y4m4usr/HL001-quiz-karacon-academia-new/e2cbacf2d8d24222662151e6c4ed3edab7444774/imagesnew1/samune/samune1/MK0004_モラク_ドリームグレー_1day_samune.jpg,NG,606967,0,decode/reencode failed
2025-10-02T21:11:01,imagesnew1/samune/samune1/MK0004_モラク_ユニフォームブラック_1day_samune.jpg,https://raw.githubusercontent.com/y4m4usr/HL001-quiz-karacon-academia-new/e2cbacf2d8d24222662151e6c4ed3edab7444774/imagesnew1/samune/samune1/MK0004_モラク_ユニフォームブラック_1day_samune.jpg,NG,606677,0,decode/reencode failed
2025-10-02T21:11:01,imagesnew1/samune/samune1/MK0005_モラク_トゥインクルブラウン_1day_samune.jpg,https://raw.githubusercontent.com/y4m4usr/HL001-quiz-karacon-academia-new/e2cbacf2d8d24222662151e6c4ed3edab7444774/imagesnew1/samune/samune1/MK0005_モラク_トゥインクルブラウン_1day_samune.jpg,NG,606578,0,decode/reencode failed
2025-10-02T21:11:01,imagesnew1/samune/samune1/MK0005_モラク_トゥインクルブラウン_1month_samune.jpg,https://raw.githubusercontent.com/y4m4usr/HL001-quiz-karacon-academia-new/e2cbacf2d8d24222662151e6c4ed3edab7444774/imagesnew1/samune/samune1/MK0005_モラク_トゥインクルブラウン_1month_samune.jpg,NG,606841,0,decode/reencode failed
2025-10-02T21:11:02,imagesnew1/samune/samune1/MK0005_モラク_ドリームグレー_1month_samune.jpg,https://raw.githubusercontent.com/y4m4usr/HL001-quiz-karacon-academia-new/e2cbacf2d8d24222662151e6c4ed3edab7444774/imagesnew1/samune/samune1/MK0005_モラク_ドリームグレー_1month_samune.jpg,NG,606286,0,decode/reencode failed
2025-10-02T21:11:02,imagesnew1/samune/samune1/MK0005_モラク_ピンクボム_1day_samune.jpg,https://raw.githubusercontent.com/y4m4usr/HL001-quiz-karacon-academia-new/e2cbacf2d8d24222662151e6c4ed3edab7444774/imagesnew1/samune/samune1/MK0005_モラク_ピンクボム_1day_samune.jpg,NG,606694,0,decode/reencode failed
2025-10-02T21:11:02,imagesnew1/samune/samune1/MK0005_モラク_ピンクボム_1month_samune.jpg,https://raw.githubusercontent.com/y4m4usr/HL001-quiz-karacon-academia-new/e2cbacf2d8d24222662151e6c4ed3edab7444774/imagesnew1/samune/samune1/MK0005_モラク_ピンクボム_1month_samune.jpg,NG,606486,0,decode/reencode failed
2025-10-02T21:11:03,imagesnew1/samune/samune1/MK0005_モラク_ユニフォームブラック_1month_samune.jpg,https://raw.githubusercontent.com/y4m4usr/HL001-quiz-karacon-academia-new/e2cbacf2d8d24222662151e6c4ed3edab7444774/imagesnew1/samune/samune1/MK0005_モラク_ユニフォームブラック_1month_samune.jpg,NG,606661,0,decode/reencode failed
2025-10-02T21:11:03,imagesnew1/samune/samune1/ML0001_メロール_コットンリング_1day_samune.jpg,https://raw.githubusercontent.com/y4m4usr/HL001-quiz-karacon-academia-new/e2cbacf2d8d24222662151e6c4ed3edab7444774/imagesnew1/samune/samune1/ML0001_メロール_コットンリング_1day_samune.jpg,NG,606417,0,decode/reencode failed
2025-10-02T21:11:03,imagesnew1/samune/samune1/ML0001_メロール_シルキーパール_1day_samune.jpg,https://raw.githubusercontent.com/y4m4usr/HL001-quiz-karacon-academia-new/e2cbacf2d8d24222662151e6c4ed3edab7444774/imagesnew1/samune/samune1/ML0001_メロール_シルキーパール_1day_samune.jpg,NG,606333,0,decode/reencode failed
2025-10-02T21:11:04,imagesnew1/samune/samune1/ML0001_メロール_トリュフグレー_1day_samune.jpg,https://raw.githubusercontent.com/y4m4usr/HL001-quiz-karacon-academia-new/e2cbacf2d8d24222662151e6c4ed3edab7444774/imagesnew1/samune/samune1/ML0001_メロール_トリュフグレー_1day_samune.jpg,NG,606654,0,decode/reencode failed
2025-10-02T21:11:04,imagesnew1/samune/samune1/ML0001_メロール_ピュアヌード_1day_samune.jpg,https://raw.githubusercontent.com/y4m4usr/HL001-quiz-karacon-academia-new/e2cbacf2d8d24222662151e6c4ed3edab7444774/imagesnew1/samune/samune1/ML0001_メロール_ピュアヌード_1day_samune.jpg,NG,606767,0,decode/reencode failed
2025-10-02T21:11:04,imagesnew1/samune/samune1/ML0001_メロール_ブラウンシュー_1day_samune.jpg,https://raw.githubusercontent.com/y4m4usr/HL001-quiz-karacon-academia-new/e2cbacf2d8d24222662151e6c4ed3edab7444774/imagesnew1/samune/samune1/ML0001_メロール_ブラウンシュー_1day_samune.jpg,NG,606761,0,decode/reencode failed
2025-10-02T21:11:05,imagesnew1/samune/samune1/ML0001_メロール_モカパウダー_1day_samune.jpg,https://raw.githubusercontent.com/y4m4usr/HL001-quiz-karacon-academia-new/e2cbacf2d8d24222662151e6c4ed3edab7444774/imagesnew1/samune/samune1/ML0001_メロール_モカパウダー_1day_samune.jpg,NG,606597,0,decode/reencode failed
2025-10-02T21:11:05,imagesnew1/samune/samune1/ML0001_メロール_ラブカカオ_1day_samune.jpg,https://raw.githubusercontent.com/y4m4usr/HL001-quiz-karacon-academia-new/e2cbacf2d8d24222662151e6c4ed3edab7444774/imagesnew1/samune/samune1/ML0001_メロール_ラブカカオ_1day_samune.jpg,NG,608248,0,decode/reencode failed
2025-10-02T21:11:06,imagesnew1/samune/samune1/MLD0001_ミレディ_アイドルリング_1day_samune.jpg,https://raw.githubusercontent.com/y4m4usr/HL001-quiz-karacon-academia-new/e2cbacf2d8d24222662151e6c4ed3edab7444774/imagesnew1/samune/samune1/MLD0001_ミレディ_アイドルリング_1day_samune.jpg,NG,606580,0,decode/reencode failed
2025-10-02T21:11:06,imagesnew1/samune/samune1/MLD0001_ミレディ_スターグロー_1day_samune.jpg,https://raw.githubusercontent.com/y4m4usr/HL001-quiz-karacon-academia-new/e2cbacf2d8d24222662151e6c4ed3edab7444774/imagesnew1/samune/samune1/MLD0001_ミレディ_スターグロー_1day_samune.jpg,NG,606685,0,decode/reencode failed
2025-10-02T21:11:07,imagesnew1/samune/samune1/MLD0001_ミレディ_プリンセスショコラ_1day_samune.jpg,https://raw.githubusercontent.com/y4m4usr/HL001-quiz-karacon-academia-new/e2cbacf2d8d24222662151e6c4ed3edab7444774/imagesnew1/samune/samune1/MLD0001_ミレディ_プリンセスショコラ_1day_samune.jpg,NG,606711,0,decode/reencode failed
2025-10-02T21:11:07,imagesnew1/samune/samune1/MLD0001_ミレディ_ミレディブラウン_1day_samune.jpg,https://raw.githubusercontent.com/y4m4usr/HL001-quiz-karacon-academia-new/e2cbacf2d8d24222662151e6c4ed3edab7444774/imagesnew1/samune/samune1/MLD0001_ミレディ_ミレディブラウン_1day_samune.jpg,NG,606477,0,decode/reencode failed
2025-10-02T21:11:07,imagesnew1/samune/samune1/MLD0001_ミレディ_ライアーピンク_1day_samune.jpg,https://raw.githubusercontent.com/y4m4usr/HL001-quiz-karacon-academia-new/e2cbacf2d8d24222662151e6c4ed3edab7444774/imagesnew1/samune/samune1/MLD0001_ミレディ_ライアーピンク_1day_samune.jpg,NG,606858,0,decode/reencode failed
2025-10-02T21:11:08,imagesnew1/samune/samune1/MLD0001_ミレディ_レディブラック_1day_samune.jpg,https://raw.githubusercontent.com/y4m4usr/HL001-quiz-karacon-academia-new/e2cbacf2d8d24222662151e6c4ed3edab7444774/imagesnew1/samune/samune1/MLD0001_ミレディ_レディブラック_1day_samune.jpg,NG,606583,0,decode/reencode failed
2025-10-02T21:11:08,imagesnew1/samune/samune1/MLT0001_メロット_うるみドロップ_1day_samune.jpg,https://raw.githubusercontent.com/y4m4usr/HL001-quiz-karacon-academia-new/e2cbacf2d8d24222662151e6c4ed3edab7444774/imagesnew1/samune/samune1/MLT0001_メロット_うるみドロップ_1day_samune.jpg,NG,606879,0,decode/reencode failed
2025-10-02T21:11:08,imagesnew1/samune/samune1/MLT0001_メロット_オンリーマイン_1day_samune.jpg,https://raw.githubusercontent.com/y4m4usr/HL001-quiz-karacon-academia-new/e2cbacf2d8d24222662151e6c4ed3edab7444774/imagesnew1/samune/samune1/MLT0001_メロット_オンリーマイン_1day_samune.jpg,NG,606403,0,decode/reencode failed
2025-10-02T21:11:09,imagesnew1/samune/samune1/MLT0001_メロット_キャットリング_1day_samune.jpg,https://raw.githubusercontent.com/y4m4usr/HL001-quiz-karacon-academia-new/e2cbacf2d8d24222662151e6c4ed3edab7444774/imagesnew1/samune/samune1/MLT0001_メロット_キャットリング_1day_samune.jpg,NG,607050,0,decode/reencode failed
2025-10-02T21:11:09,imagesnew1/samune/samune1/MLT0001_メロット_クライミューズ_1day_samune.jpg,https://raw.githubusercontent.com/y4m4usr/HL001-quiz-karacon-academia-new/e2cbacf2d8d24222662151e6c4ed3edab7444774/imagesnew1/samune/samune1/MLT0001_メロット_クライミューズ_1day_samune.jpg,NG,606560,0,decode/reencode failed
2025-10-02T21:11:09,imagesnew1/samune/samune1/MLT0001_メロット_シークレットベア_1day_samune.jpg,https://raw.githubusercontent.com/y4m4usr/HL001-quiz-karacon-academia-new/e2cbacf2d8d24222662151e6c4ed3edab7444774/imagesnew1/samune/samune1/MLT0001_メロット_シークレットベア_1day_samune.jpg,NG,606667,0,decode/reencode failed
2025-10-02T21:11:10,imagesnew1/samune/samune1/MLT0001_メロット_ダーリンフィグ_1day_samune.jpg,https://raw.githubusercontent.com/y4m4usr/HL001-quiz-karacon-academia-new/e2cbacf2d8d24222662151e6c4ed3edab7444774/imagesnew1/samune/samune1/MLT0001_メロット_ダーリンフィグ_1day_samune.jpg,NG,606434,0,decode/reencode failed
2025-10-02T21:11:10,imagesnew1/samune/samune1/MLT0001_メロット_パールリング_1day_samune.jpg,https://raw.githubusercontent.com/y4m4usr/HL001-quiz-karacon-academia-new/e2cbacf2d8d24222662151e6c4ed3edab7444774/imagesnew1/samune/samune1/MLT0001_メロット_パールリング_1day_samune.jpg,NG,607953,0,decode/reencode failed
2025-10-02T21:11:10,imagesnew1/samune/samune1/MLT0001_メロット_ビーブロンド_1day_samune.jpg,https://raw.githubusercontent.com/y4m4usr/HL001-quiz-karacon-academia-new/e2cbacf2d8d24222662151e6c4ed3edab7444774/imagesnew1/samune/samune1/MLT0001_メロット_ビーブロンド_1day_samune.jpg,NG,606711,0,decode/reencode failed
2025-10-02T21:11:11,imagesnew1/samune/samune1/MLT0001_メロット_ヒロインルール_1day_samune.jpg,https://raw.githubusercontent.com/y4m4usr/HL001-quiz-karacon-academia-new/e2cbacf2d8d24222662151e6c4ed3edab7444774/imagesnew1/samune/samune1/MLT0001_メロット_ヒロインルール_1day_samune.jpg,NG,606506,0,decode/reencode failed
2025-10-02T21:11:11,imagesnew1/samune/samune1/MLT0001_メロット_ミルクパフ_1day_samune.jpg,https://raw.githubusercontent.com/y4m4usr/HL001-quiz-karacon-academia-new/e2cbacf2d8d24222662151e6c4ed3edab7444774/imagesnew1/samune/samune1/MLT0001_メロット_ミルクパフ_1day_samune.jpg,NG,606790,0,decode/reencode failed
2025-10-02T21:11:11,imagesnew1/samune/samune1/MLT0001_メロット_モアレディ_1day_samune.jpg,https://raw.githubusercontent.com/y4m4usr/HL001-quiz-karacon-academia-new/e2cbacf2d8d24222662151e6c4ed3edab7444774/imagesnew1/samune/samune1/MLT0001_メロット_モアレディ_1day_samune.jpg,NG,606906,0,decode/reencode failed
2025-10-02T21:11:12,imagesnew1/samune/samune1/MLT0001_メロット_ロマンティックローズ_1day_samune.jpg,https://raw.githubusercontent.com/y4m4usr/HL001-quiz-karacon-academia-new/e2cbacf2d8d24222662151e6c4ed3edab7444774/imagesnew1/samune/samune1/MLT0001_メロット_ロマンティックローズ_1day_samune.jpg,NG,606946,0,decode/reencode failed
2025-10-02T21:11:12,imagesnew1/samune/samune1/MMC0001_ミムコ_キャラメルスフレ_1day_samune.jpg,https://raw.githubusercontent.com/y4m4usr/HL001-quiz-karacon-academia-new/e2cbacf2d8d24222662151e6c4ed3edab7444774/imagesnew1/samune/samune1/MMC0001_ミムコ_キャラメルスフレ_1day_samune.jpg,NG,606698,0,decode/reencode failed
2025-10-02T21:11:12,imagesnew1/samune/samune1/MMC0001_ミムコ_ココトリュフ_1day_samune.jpg,https://raw.githubusercontent.com/y4m4usr/HL001-quiz-karacon-academia-new/e2cbacf2d8d24222662151e6c4ed3edab7444774/imagesnew1/samune/samune1/MMC0001_ミムコ_ココトリュフ_1day_samune.jpg,NG,606717,0,decode/reencode failed
2025-10-02T21:11:13,imagesnew1/samune/samune1/MMC0001_ミムコ_ゼリーグレー_1day_samune.jpg,https://raw.githubusercontent.com/y4m4usr/HL001-quiz-karacon-academia-new/e2cbacf2d8d24222662151e6c4ed3edab7444774/imagesnew1/samune/samune1/MMC0001_ミムコ_ゼリーグレー_1day_samune.jpg,NG,606635,0,decode/reencode failed
2025-10-02T21:11:13,imagesnew1/samune/samune1/MMC0001_ミムコ_ソルティドーナツ_1day_samune.jpg,https://raw.githubusercontent.com/y4m4usr/HL001-quiz-karacon-academia-new/e2cbacf2d8d24222662151e6c4ed3edab7444774/imagesnew1/samune/samune1/MMC0001_ミムコ_ソルティドーナツ_1day_samune.jpg,NG,606728,0,decode/reencode failed
2025-10-02T21:11:13,imagesnew1/samune/samune1/MMC0001_ミムコ_ハニーソーダ_1day_samune.jpg,https://raw.githubusercontent.com/y4m4usr/HL001-quiz-karacon-academia-new/e2cbacf2d8d24222662151e6c4ed3edab7444774/imagesnew1/samune/samune1/MMC0001_ミムコ_ハニーソーダ_1day_samune.jpg,NG,606347,0,decode/reencode failed
2025-10-02T21:11:13,imagesnew1/samune/samune1/MMC0001_ミムコ_ピュレグレージュ_1day_samune.jpg,https://raw.githubusercontent.com/y4m4usr/HL001-quiz-karacon-academia-new/e2cbacf2d8d24222662151e6c4ed3edab7444774/imagesnew1/samune/samune1/MMC0001_ミムコ_ピュレグレージュ_1day_samune.jpg,NG,606621,0,decode/reencode failed
2025-10-02T21:11:14,imagesnew1/samune/samune1/MMC0001_ミムコ_ブラウンフォンデュ_1day_samune.jpg,https://raw.githubusercontent.com/y4m4usr/HL001-quiz-karacon-academia-new/e2cbacf2d8d24222662151e6c4ed3edab7444774/imagesnew1/samune/samune1/MMC0001_ミムコ_ブラウンフォンデュ_1day_samune.jpg,NG,606820,0,decode/reencode failed
2025-10-02T21:11:14,imagesnew1/samune/samune1/MMC0001_ミムコ_ポムカヌレ_1day_samune.jpg,https://raw.githubusercontent.com/y4m4usr/HL001-quiz-karacon-academia-new/e2cbacf2d8d24222662151e6c4ed3edab7444774/imagesnew1/samune/samune1/MMC0001_ミムコ_ポムカヌレ_1day_samune.jpg,NG,606529,0,decode/reencode failed
2025-10-02T21:11:14,imagesnew1/samune/samune1/MMC0001_ミムコ_メープルミルクティー_1day_samune.jpg,https://raw.githubusercontent.com/y4m4usr/HL001-quiz-karacon-academia-new/e2cbacf2d8d24222662151e6c4ed3edab7444774/imagesnew1/samune/samune1/MMC0001_ミムコ_メープルミルクティー_1day_samune.jpg,NG,606579,0,decode/reencode failed
2025-10-02T21:11:15,imagesnew1/samune/samune1/MMC0001_ミムコ_メローストロベリー_1day_samune.jpg,https://raw.githubusercontent.com/y4m4usr/HL001-quiz-karacon-academia-new/e2cbacf2d8d24222662151e6c4ed3edab7444774/imagesnew1/samune/samune1/MMC0001_ミムコ_メローストロベリー_1day_samune.jpg,NG,606998,0,decode/reencode failed
2025-10-02T21:11:15,imagesnew1/samune/samune1/MT0018_超モテコン_うるうるドール_1month_samune.jpg,https://raw.githubusercontent.com/y4m4usr/HL001-quiz-karacon-academia-new/e2cbacf2d8d24222662151e6c4ed3edab7444774/imagesnew1/samune/samune1/MT0018_超モテコン_うるうるドール_1month_samune.jpg,NG,607661,0,decode/reencode failed
2025-10-02T21:11:15,imagesnew1/samune/samune1/MT0018_超モテコン_うるうるパール_1month_samune.jpg,https://raw.githubusercontent.com/y4m4usr/HL001-quiz-karacon-academia-new/e2cbacf2d8d24222662151e6c4ed3edab7444774/imagesnew1/samune/samune1/MT0018_超モテコン_うるうるパール_1month_samune.jpg,NG,606644,0,decode/reencode failed
2025-10-02T21:11:16,imagesnew1/samune/samune1/MT0018_超モテコン_おしゃモテトリコ_1month_samune.jpg,https://raw.githubusercontent.com/y4m4usr/HL001-quiz-karacon-academia-new/e2cbacf2d8d24222662151e6c4ed3edab7444774/imagesnew1/samune/samune1/MT0018_超モテコン_おしゃモテトリコ_1month_samune.jpg,NG,606833,0,decode/reencode failed
2025-10-02T21:11:16,imagesnew1/samune/samune1/MT0018_超モテコン_おしゃモテリング_1month_samune.jpg,https://raw.githubusercontent.com/y4m4usr/HL001-quiz-karacon-academia-new/e2cbacf2d8d24222662151e6c4ed3edab7444774/imagesnew1/samune/samune1/MT0018_超モテコン_おしゃモテリング_1month_samune.jpg,NG,606971,0,decode/reencode failed
2025-10-02T21:11:16,imagesnew1/samune/samune1/MT0018_超モテコン_つやモテベイビー_1month_samune.jpg,https://raw.githubusercontent.com/y4m4usr/HL001-quiz-karacon-academia-new/e2cbacf2d8d24222662151e6c4ed3edab7444774/imagesnew1/samune/samune1/MT0018_超モテコン_つやモテベイビー_1month_samune.jpg,NG,607017,0,decode/reencode failed
2025-10-02T21:11:17,imagesnew1/samune/samune1/MT0018_超モテコン_つやモテリング_1month_samune.jpg,https://raw.githubusercontent.com/y4m4usr/HL001-quiz-karacon-academia-new/e2cbacf2d8d24222662151e6c4ed3edab7444774/imagesnew1/samune/samune1/MT0018_超モテコン_つやモテリング_1month_samune.jpg,NG,606670,0,decode/reencode failed
2025-10-02T21:11:18,imagesnew1/samune/samune1/MT0019_超モテコン_超盛れキャンディグレー_1month_samune.jpg,https://raw.githubusercontent.com/y4m4usr/HL001-quiz-karacon-academia-new/e2cbacf2d8d24222662151e6c4ed3edab7444774/imagesnew1/samune/samune1/MT0019_超モテコン_超盛れキャンディグレー_1month_samune.jpg,NG,606693,0,decode/reencode failed
2025-10-02T21:11:18,imagesnew1/samune/samune1/MT0019_超モテコン_超盛れシュガーベージュ_1month_samune.jpg,https://raw.githubusercontent.com/y4m4usr/HL001-quiz-karacon-academia-new/e2cbacf2d8d24222662151e6c4ed3edab7444774/imagesnew1/samune/samune1/MT0019_超モテコン_超盛れシュガーベージュ_1month_samune.jpg,NG,606726,0,decode/reencode failed
2025-10-02T21:11:18,imagesnew1/samune/samune1/MT0019_超モテコン_超盛れリングパール_1month_samune.jpg,https://raw.githubusercontent.com/y4m4usr/HL001-quiz-karacon-academia-new/e2cbacf2d8d24222662151e6c4ed3edab7444774/imagesnew1/samune/samune1/MT0019_超モテコン_超盛れリングパール_1month_samune.jpg,NG,606580,0,decode/reencode failed
2025-10-02T21:11:19,imagesnew1/samune/samune1/MT0019_超モテコン_超盛れリングベージュ_1month_samune.jpg,https://raw.githubusercontent.com/y4m4usr/HL001-quiz-karacon-academia-new/e2cbacf2d8d24222662151e6c4ed3edab7444774/imagesnew1/samune/samune1/MT0019_超モテコン_超盛れリングベージュ_1month_samune.jpg,NG,606781,0,decode/reencode failed
2025-10-02T21:11:19,imagesnew1/samune/samune1/MT0022_超モテコン_うるうるパール_1day_samune.jpg,https://raw.githubusercontent.com/y4m4usr/HL001-quiz-karacon-academia-new/e2cbacf2d8d24222662151e6c4ed3edab7444774/imagesnew1/samune/samune1/MT0022_超モテコン_うるうるパール_1day_samune.jpg,NG,607779,0,decode/reencode failed
2025-10-02T21:11:19,imagesnew1/samune/samune1/MT0022_超モテコン_おしゃモテトリコ_1day_samune.jpg,https://raw.githubusercontent.com/y4m4usr/HL001-quiz-karacon-academia-new/e2cbacf2d8d24222662151e6c4ed3edab7444774/imagesnew1/samune/samune1/MT0022_超モテコン_おしゃモテトリコ_1day_samune.jpg,NG,606693,0,decode/reencode failed
2025-10-02T21:11:20,imagesnew1/samune/samune1/MT0022_超モテコン_おしゃモテリング_1day_samune.jpg,https://raw.githubusercontent.com/y4m4usr/HL001-quiz-karacon-academia-new/e2cbacf2d8d24222662151e6c4ed3edab7444774/imagesnew1/samune/samune1/MT0022_超モテコン_おしゃモテリング_1day_samune.jpg,NG,607077,0,decode/reencode failed
2025-10-02T21:11:20,imagesnew1/samune/samune1/MT0022_超モテコン_つやモテチェリー_1day_samune.jpg,https://raw.githubusercontent.com/y4m4usr/HL001-quiz-karacon-academia-new/e2cbacf2d8d24222662151e6c4ed3edab7444774/imagesnew1/samune/samune1/MT0022_超モテコン_つやモテチェリー_1day_samune.jpg,NG,606786,0,decode/reencode failed
2025-10-02T21:11:20,imagesnew1/samune/samune1/MT0022_超モテコン_つやモテベイビー_1day_samune.jpg,https://raw.githubusercontent.com/y4m4usr/HL001-quiz-karacon-academia-new/e2cbacf2d8d24222662151e6c4ed3edab7444774/imagesnew1/samune/samune1/MT0022_超モテコン_つやモテベイビー_1day_samune.jpg,NG,606561,0,decode/reencode failed
2025-10-02T21:11:21,imagesnew1/samune/samune1/MT0022_超モテコン_つやモテリング_1day_samune.jpg,https://raw.githubusercontent.com/y4m4usr/HL001-quiz-karacon-academia-new/e2cbacf2d8d24222662151e6c4ed3edab7444774/imagesnew1/samune/samune1/MT0022_超モテコン_つやモテリング_1day_samune.jpg,NG,606799,0,decode/reencode failed
2025-10-02T21:11:21,imagesnew1/samune/samune1/MT0023_超モテコン_ウルトラメガハニー_1day_samune.jpg,https://raw.githubusercontent.com/y4m4usr/HL001-quiz-karacon-academia-new/e2cbacf2d8d24222662151e6c4ed3edab7444774/imagesnew1/samune/samune1/MT0023_超モテコン_ウルトラメガハニー_1day_samune.jpg,NG,606737,0,decode/reencode failed
2025-10-02T21:11:21,imagesnew1/samune/samune1/MT0023_超モテコン_ウルトラメガベイビー_1day_samune.jpg,https://raw.githubusercontent.com/y4m4usr/HL001-quiz-karacon-academia-new/e2cbacf2d8d24222662151e6c4ed3edab7444774/imagesnew1/samune/samune1/MT0023_超モテコン_ウルトラメガベイビー_1day_samune.jpg,NG,606502,0,decode/reencode failed
2025-10-02T21:11:22,imagesnew1/samune/samune1/MT0023_超モテコン_超盛れキャンディグレー_1day_samune.jpg,https://raw.githubusercontent.com/y4m4usr/HL001-quiz-karacon-academia-new/e2cbacf2d8d24222662151e6c4ed3edab7444774/imagesnew1/samune/samune1/MT0023_超モテコン_超盛れキャンディグレー_1day_samune.jpg,NG,606563,0,decode/reencode failed
2025-10-02T21:11:22,imagesnew1/samune/samune1/MT0023_超モテコン_超盛れシュガーベージュ_1day_samune.jpg,https://raw.githubusercontent.com/y4m4usr/HL001-quiz-karacon-academia-new/e2cbacf2d8d24222662151e6c4ed3edab7444774/imagesnew1/samune/samune1/MT0023_超モテコン_超盛れシュガーベージュ_1day_samune.jpg,NG,606755,0,decode/reencode failed
2025-10-02T21:11:22,imagesnew1/samune/samune1/MT0023_超モテコン_超盛れリングパール_1day_samune.jpg,https://raw.githubusercontent.com/y4m4usr/HL001-quiz-karacon-academia-new/e2cbacf2d8d24222662151e6c4ed3edab7444774/imagesnew1/samune/samune1/MT0023_超モテコン_超盛れリングパール_1day_samune.jpg,NG,607985,0,decode/reencode failed
2025-10-02T21:11:23,imagesnew1/samune/samune1/MT0023_超モテコン_超盛れリングベージュ_1day_samune.jpg,https://raw.githubusercontent.com/y4m4usr/HL001-quiz-karacon-academia-new/e2cbacf2d8d24222662151e6c4ed3edab7444774/imagesnew1/samune/samune1/MT0023_超モテコン_超盛れリングベージュ_1day_samune.jpg,NG,606382,0,decode/reencode failed
2025-10-02T21:11:23,imagesnew1/samune/samune1/MT0027_ベイビーモテコン_ベイビーぎゃる_1day_samune.jpg,https://raw.githubusercontent.com/y4m4usr/HL001-quiz-karacon-academia-new/e2cbacf2d8d24222662151e6c4ed3edab7444774/imagesnew1/samune/samune1/MT0027_ベイビーモテコン_ベイビーぎゃる_1day_samune.jpg,NG,606750,0,decode/reencode failed
2025-10-02T21:11:23,imagesnew1/samune/samune1/MT0027_ベイビーモテコン_ベイビーチーク_1day_samune.jpg,https://raw.githubusercontent.com/y4m4usr/HL001-quiz-karacon-academia-new/e2cbacf2d8d24222662151e6c4ed3edab7444774/imagesnew1/samune/samune1/MT0027_ベイビーモテコン_ベイビーチーク_1day_samune.jpg,NG,606808,0,decode/reencode failed
2025-10-02T21:11:24,imagesnew1/samune/samune1/MT0027_ベイビーモテコン_ベイビーチョコ_1day_samune.jpg,https://raw.githubusercontent.com/y4m4usr/HL001-quiz-karacon-academia-new/e2cbacf2d8d24222662151e6c4ed3edab7444774/imagesnew1/samune/samune1/MT0027_ベイビーモテコン_ベイビーチョコ_1day_samune.jpg,NG,606622,0,decode/reencode failed
2025-10-02T21:11:25,imagesnew1/samune/samune1/MT0027_ベイビーモテコン_ベイビーフェイス_1day_samune.jpg,https://raw.githubusercontent.com/y4m4usr/HL001-quiz-karacon-academia-new/e2cbacf2d8d24222662151e6c4ed3edab7444774/imagesnew1/samune/samune1/MT0027_ベイビーモテコン_ベイビーフェイス_1day_samune.jpg,NG,606652,0,decode/reencode failed
2025-10-02T21:11:25,imagesnew1/samune/samune1/MT0027_ベイビーモテコン_ベイビーベイビー_1day_samune.jpg,https://raw.githubusercontent.com/y4m4usr/HL001-quiz-karacon-academia-new/e2cbacf2d8d24222662151e6c4ed3edab7444774/imagesnew1/samune/samune1/MT0027_ベイビーモテコン_ベイビーベイビー_1day_samune.jpg,NG,606410,0,decode/reencode failed
2025-10-02T21:11:25,imagesnew1/samune/samune1/MT0027_ベイビーモテコン_ベイビーメープル_1day_samune.jpg,https://raw.githubusercontent.com/y4m4usr/HL001-quiz-karacon-academia-new/e2cbacf2d8d24222662151e6c4ed3edab7444774/imagesnew1/samune/samune1/MT0027_ベイビーモテコン_ベイビーメープル_1day_samune.jpg,NG,607059,0,decode/reencode failed
2025-10-02T21:11:26,imagesnew1/samune/samune1/MT0027_ベイビーモテコン_ベイビーリングブラウン_1day_samune.jpg,https://raw.githubusercontent.com/y4m4usr/HL001-quiz-karacon-academia-new/e2cbacf2d8d24222662151e6c4ed3edab7444774/imagesnew1/samune/samune1/MT0027_ベイビーモテコン_ベイビーリングブラウン_1day_samune.jpg,NG,606946,0,decode/reencode failed
2025-10-02T21:11:26,imagesnew1/samune/samune1/MT0027_ベイビーモテコン_ベイビーリングベージュ_1day_samune.jpg,https://raw.githubusercontent.com/y4m4usr/HL001-quiz-karacon-academia-new/e2cbacf2d8d24222662151e6c4ed3edab7444774/imagesnew1/samune/samune1/MT0027_ベイビーモテコン_ベイビーリングベージュ_1day_samune.jpg,NG,606646,0,decode/reencode failed
2025-10-02T21:11:26,imagesnew1/samune/samune1/MT0027_ベイビーモテコン_ベイビーリングモカ_1day_samune.jpg,https://raw.githubusercontent.com/y4m4usr/HL001-quiz-karacon-academia-new/e2cbacf2d8d24222662151e6c4ed3edab7444774/imagesnew1/samune/samune1/MT0027_ベイビーモテコン_ベイビーリングモカ_1day_samune.jpg,NG,607062,0,decode/reencode failed
2025-10-02T21:11:27,imagesnew1/samune/samune1/MT0031_超モテコン_最初のブラウン_1month_samune.jpg,https://raw.githubusercontent.com/y4m4usr/HL001-quiz-karacon-academia-new/e2cbacf2d8d24222662151e6c4ed3edab7444774/imagesnew1/samune/samune1/MT0031_超モテコン_最初のブラウン_1month_samune.jpg,NG,606246,0,decode/reencode failed
2025-10-02T21:11:27,imagesnew1/samune/samune1/MT0031_超モテコン_本命ブラウン_1month_samune.jpg,https://raw.githubusercontent.com/y4m4usr/HL001-quiz-karacon-academia-new/e2cbacf2d8d24222662151e6c4ed3edab7444774/imagesnew1/samune/samune1/MT0031_超モテコン_本命ブラウン_1month_samune.jpg,NG,606590,0,decode/reencode failed
2025-10-02T21:11:27,imagesnew1/samune/samune1/MT0032_ベイビーモテコン_ベイビーりぼんアイドル_1month_samune.jpg,https://raw.githubusercontent.com/y4m4usr/HL001-quiz-karacon-academia-new/e2cbacf2d8d24222662151e6c4ed3edab7444774/imagesnew1/samune/samune1/MT0032_ベイビーモテコン_ベイビーりぼんアイドル_1month_samune.jpg,NG,606881,0,decode/reencode failed
2025-10-02T21:11:28,imagesnew1/samune/samune1/MT0032_ベイビーモテコン_ベイビーりぼんギャル_1month_samune.jpg,https://raw.githubusercontent.com/y4m4usr/HL001-quiz-karacon-academia-new/e2cbacf2d8d24222662151e6c4ed3edab7444774/imagesnew1/samune/samune1/MT0032_ベイビーモテコン_ベイビーりぼんギャル_1month_samune.jpg,NG,606529,0,decode/reencode failed
2025-10-02T21:11:28,imagesnew1/samune/samune1/MT0032_ベイビーモテコン_ベイビーりぼんドール_1month_samune.jpg,https://raw.githubusercontent.com/y4m4usr/HL001-quiz-karacon-academia-new/e2cbacf2d8d24222662151e6c4ed3edab7444774/imagesnew1/samune/samune1/MT0032_ベイビーモテコン_ベイビーりぼんドール_1month_samune.jpg,NG,607030,0,decode/reencode failed
2025-10-02T21:11:28,imagesnew1/samune/samune1/MT0032_ベイビーモテコン_ベイビーりぼんベイビー_1month_samune.jpg,https://raw.githubusercontent.com/y4m4usr/HL001-quiz-karacon-academia-new/e2cbacf2d8d24222662151e6c4ed3edab7444774/imagesnew1/samune/samune1/MT0032_ベイビーモテコン_ベイビーりぼんベイビー_1month_samune.jpg,NG,607063,0,decode/reencode failed
2025-10-02T21:11:29,imagesnew1/samune/samune1/NCOL0001_エヌズコレクション_サバテイショク_1day_samune.jpg,https://raw.githubusercontent.com/y4m4usr/HL001-quiz-karacon-academia-new/e2cbacf2d8d24222662151e6c4ed3edab7444774/imagesnew1/samune/samune1/NCOL0001_エヌズコレクション_サバテイショク_1day_samune.jpg,NG,606565,0,decode/reencode failed
2025-10-02T21:11:29,imagesnew1/samune/samune1/NCOL0001_エヌズコレクション_ずんだ餅_1day_samune.jpg,https://raw.githubusercontent.com/y4m4usr/HL001-quiz-karacon-academia-new/e2cbacf2d8d24222662151e6c4ed3edab7444774/imagesnew1/samune/samune1/NCOL0001_エヌズコレクション_ずんだ餅_1day_samune.jpg,NG,608085,0,decode/reencode failed
2025-10-02T21:11:29,imagesnew1/samune/samune1/NCOL0001_エヌズコレクション_どら焼き_1day_samune.jpg,https://raw.githubusercontent.com/y4m4usr/HL001-quiz-karacon-academia-new/e2cbacf2d8d24222662151e6c4ed3edab7444774/imagesnew1/samune/samune1/NCOL0001_エヌズコレクション_どら焼き_1day_samune.jpg,NG,607267,0,decode/reencode failed
2025-10-02T21:11:30,imagesnew1/samune/samune1/NCOL0001_エヌズコレクション_ブルーベリージャム_1day_samune.jpg,https://raw.githubusercontent.com/y4m4usr/HL001-quiz-karacon-academia-new/e2cbacf2d8d24222662151e6c4ed3edab7444774/imagesnew1/samune/samune1/NCOL0001_エヌズコレクション_ブルーベリージャム_1day_samune.jpg,NG,606628,0,decode/reencode failed
2025-10-02T21:11:30,imagesnew1/samune/samune1/NCOL0001_エヌズコレクション_ほうじ茶ラテ_1day_samune.jpg,https://raw.githubusercontent.com/y4m4usr/HL001-quiz-karacon-academia-new/e2cbacf2d8d24222662151e6c4ed3edab7444774/imagesnew1/samune/samune1/NCOL0001_エヌズコレクション_ほうじ茶ラテ_1day_samune.jpg,NG,606314,0,decode/reencode failed
2025-10-02T21:11:30,imagesnew1/samune/samune1/NCOL0001_エヌズコレクション_ヤキソバパン_1day_samune.jpg,https://raw.githubusercontent.com/y4m4usr/HL001-quiz-karacon-academia-new/e2cbacf2d8d24222662151e6c4ed3edab7444774/imagesnew1/samune/samune1/NCOL0001_エヌズコレクション_ヤキソバパン_1day_samune.jpg,NG,606527,0,decode/reencode failed
2025-10-02T21:11:30,imagesnew1/samune/samune1/NCOL0001_エヌズコレクション_海_1day_samune.jpg,https://raw.githubusercontent.com/y4m4usr/HL001-quiz-karacon-academia-new/e2cbacf2d8d24222662151e6c4ed3edab7444774/imagesnew1/samune/samune1/NCOL0001_エヌズコレクション_海_1day_samune.jpg,NG,607945,0,decode/reencode failed
2025-10-02T21:11:31,imagesnew1/samune/samune1/NCOL0001_エヌズコレクション_魚_1day_samune.jpg,https://raw.githubusercontent.com/y4m4usr/HL001-quiz-karacon-academia-new/e2cbacf2d8d24222662151e6c4ed3edab7444774/imagesnew1/samune/samune1/NCOL0001_エヌズコレクション_魚_1day_samune.jpg,NG,606886,0,decode/reencode failed
2025-10-02T21:11:31,imagesnew1/samune/samune1/NCOL0001_エヌズコレクション_玉こんにゃく_1day_samune.jpg,https://raw.githubusercontent.com/y4m4usr/HL001-quiz-karacon-academia-new/e2cbacf2d8d24222662151e6c4ed3edab7444774/imagesnew1/samune/samune1/NCOL0001_エヌズコレクション_玉こんにゃく_1day_samune.jpg,NG,606643,0,decode/reencode failed
2025-10-02T21:11:31,imagesnew1/samune/samune1/NCOL0001_エヌズコレクション_天ぷら_1day_samune.jpg,https://raw.githubusercontent.com/y4m4usr/HL001-quiz-karacon-academia-new/e2cbacf2d8d24222662151e6c4ed3edab7444774/imagesnew1/samune/samune1/NCOL0001_エヌズコレクション_天ぷら_1day_samune.jpg,NG,606665,0,decode/reencode failed
2025-10-02T21:11:32,imagesnew1/samune/samune1/OL0001_オーレンズ_エンディング オリーブ_1day_samune.jpg,https://raw.githubusercontent.com/y4m4usr/HL001-quiz-karacon-academia-new/e2cbacf2d8d24222662151e6c4ed3edab7444774/imagesnew1/samune/samune1/OL0001_オーレンズ_エンディング オリーブ_1day_samune.jpg,NG,606367,0,decode/reencode failed
2025-10-02T21:11:32,imagesnew1/samune/samune1/OL0001_オーレンズ_エンディング グレー_1day_samune.jpg,https://raw.githubusercontent.com/y4m4usr/HL001-quiz-karacon-academia-new/e2cbacf2d8d24222662151e6c4ed3edab7444774/imagesnew1/samune/samune1/OL0001_オーレンズ_エンディング グレー_1day_samune.jpg,NG,606730,0,decode/reencode failed
2025-10-02T21:11:33,imagesnew1/samune/samune1/OL0002_オーレンズ_グローイ アッシュグレー_1day_samune.jpg,https://raw.githubusercontent.com/y4m4usr/HL001-quiz-karacon-academia-new/e2cbacf2d8d24222662151e6c4ed3edab7444774/imagesnew1/samune/samune1/OL0002_オーレンズ_グローイ アッシュグレー_1day_samune.jpg,NG,606518,0,decode/reencode failed
2025-10-02T21:11:33,imagesnew1/samune/samune1/OL0002_オーレンズ_グローイ サファイアブルー_1day_samune.jpg,https://raw.githubusercontent.com/y4m4usr/HL001-quiz-karacon-academia-new/e2cbacf2d8d24222662151e6c4ed3edab7444774/imagesnew1/samune/samune1/OL0002_オーレンズ_グローイ サファイアブルー_1day_samune.jpg,NG,606444,0,decode/reencode failed
2025-10-02T21:11:33,imagesnew1/samune/samune1/OL0002_オーレンズ_グローイ ブラウン_1day_samune.jpg,https://raw.githubusercontent.com/y4m4usr/HL001-quiz-karacon-academia-new/e2cbacf2d8d24222662151e6c4ed3edab7444774/imagesnew1/samune/samune1/OL0002_オーレンズ_グローイ ブラウン_1day_samune.jpg,NG,606551,0,decode/reencode failed
2025-10-02T21:11:34,imagesnew1/samune/samune1/OL0002_オーレンズ_グローイ ブラック_1day_samune.jpg,https://raw.githubusercontent.com/y4m4usr/HL001-quiz-karacon-academia-new/e2cbacf2d8d24222662151e6c4ed3edab7444774/imagesnew1/samune/samune1/OL0002_オーレンズ_グローイ ブラック_1day_samune.jpg,NG,607174,0,decode/reencode failed
2025-10-02T21:11:34,imagesnew1/samune/samune1/OL0002_オーレンズ_グローイゴールデンオリーブ_1day_samune.jpg,https://raw.githubusercontent.com/y4m4usr/HL001-quiz-karacon-academia-new/e2cbacf2d8d24222662151e6c4ed3edab7444774/imagesnew1/samune/samune1/OL0002_オーレンズ_グローイゴールデンオリーブ_1day_samune.jpg,NG,606601,0,decode/reencode failed
2025-10-02T21:11:34,imagesnew1/samune/samune1/OL0003_オーレンズ_シャインタッチ ミルキーグレー_1day_samune.jpg,https://raw.githubusercontent.com/y4m4usr/HL001-quiz-karacon-academia-new/e2cbacf2d8d24222662151e6c4ed3edab7444774/imagesnew1/samune/samune1/OL0003_オーレンズ_シャインタッチ ミルキーグレー_1day_samune.jpg,NG,606627,0,decode/reencode failed
2025-10-02T21:11:35,imagesnew1/samune/samune1/OL0003_オーレンズ_シャインタッチ ミルキーチョコ_1day_samune.jpg,https://raw.githubusercontent.com/y4m4usr/HL001-quiz-karacon-academia-new/e2cbacf2d8d24222662151e6c4ed3edab7444774/imagesnew1/samune/samune1/OL0003_オーレンズ_シャインタッチ ミルキーチョコ_1day_samune.jpg,NG,606426,0,decode/reencode failed
2025-10-02T21:11:36,imagesnew1/samune/samune1/OL0005_オーレンズ_ダブルティント グレー_1day_samune.jpg,https://raw.githubusercontent.com/y4m4usr/HL001-quiz-karacon-academia-new/e2cbacf2d8d24222662151e6c4ed3edab7444774/imagesnew1/samune/samune1/OL0005_オーレンズ_ダブルティント グレー_1day_samune.jpg,NG,606977,0,decode/reencode failed
2025-10-02T21:11:36,imagesnew1/samune/samune1/OL0005_オーレンズ_ダブルティント ブラウン_1day_samune.jpg,https://raw.githubusercontent.com/y4m4usr/HL001-quiz-karacon-academia-new/e2cbacf2d8d24222662151e6c4ed3edab7444774/imagesnew1/samune/samune1/OL0005_オーレンズ_ダブルティント ブラウン_1day_samune.jpg,NG,606449,0,decode/reencode failed
2025-10-02T21:11:36,imagesnew1/samune/samune1/OL0006_オーレンズ_チェリームーン ブラウン_1day_samune.jpg,https://raw.githubusercontent.com/y4m4usr/HL001-quiz-karacon-academia-new/e2cbacf2d8d24222662151e6c4ed3edab7444774/imagesnew1/samune/samune1/OL0006_オーレンズ_チェリームーン ブラウン_1day_samune.jpg,NG,606668,0,decode/reencode failed
2025-10-02T21:11:37,imagesnew1/samune/samune1/OL0007_オーレンズ_ビッググローイ グレー_1day_samune.jpg,https://raw.githubusercontent.com/y4m4usr/HL001-quiz-karacon-academia-new/e2cbacf2d8d24222662151e6c4ed3edab7444774/imagesnew1/samune/samune1/OL0007_オーレンズ_ビッググローイ グレー_1day_samune.jpg,NG,606425,0,decode/reencode failed
2025-10-02T21:11:37,imagesnew1/samune/samune1/OL0007_オーレンズ_ビッググローイ ヘーゼル_1day_samune.jpg,https://raw.githubusercontent.com/y4m4usr/HL001-quiz-karacon-academia-new/e2cbacf2d8d24222662151e6c4ed3edab7444774/imagesnew1/samune/samune1/OL0007_オーレンズ_ビッググローイ ヘーゼル_1day_samune.jpg,NG,606419,0,decode/reencode failed
2025-10-02T21:11:37,imagesnew1/samune/samune1/OL0007_オーレンズ_ビッググローイ モカブラウン_1day_samune.jpg,https://raw.githubusercontent.com/y4m4usr/HL001-quiz-karacon-academia-new/e2cbacf2d8d24222662151e6c4ed3edab7444774/imagesnew1/samune/samune1/OL0007_オーレンズ_ビッググローイ モカブラウン_1day_samune.jpg,NG,606738,0,decode/reencode failed
2025-10-02T21:11:38,imagesnew1/samune/samune1/OL0007_オーレンズ_ビッググローイラベンダー_1day_samune.jpg,https://raw.githubusercontent.com/y4m4usr/HL001-quiz-karacon-academia-new/e2cbacf2d8d24222662151e6c4ed3edab7444774/imagesnew1/samune/samune1/OL0007_オーレンズ_ビッググローイラベンダー_1day_samune.jpg,NG,606684,0,decode/reencode failed
2025-10-02T21:11:38,imagesnew1/samune/samune1/OL0008_オーレンズ_ビビリング グレー_1day_samune.jpg,https://raw.githubusercontent.com/y4m4usr/HL001-quiz-karacon-academia-new/e2cbacf2d8d24222662151e6c4ed3edab7444774/imagesnew1/samune/samune1/OL0008_オーレンズ_ビビリング グレー_1day_samune.jpg,NG,606424,0,decode/reencode failed
2025-10-02T21:11:39,imagesnew1/samune/samune1/OL0008_オーレンズ_ビビリング チョコ_1day_samune.jpg,https://raw.githubusercontent.com/y4m4usr/HL001-quiz-karacon-academia-new/e2cbacf2d8d24222662151e6c4ed3edab7444774/imagesnew1/samune/samune1/OL0008_オーレンズ_ビビリング チョコ_1day_samune.jpg,NG,606320,0,decode/reencode failed
2025-10-02T21:11:39,imagesnew1/samune/samune1/OL0008_オーレンズ_ビビリング ブラウン_1day_samune.jpg,https://raw.githubusercontent.com/y4m4usr/HL001-quiz-karacon-academia-new/e2cbacf2d8d24222662151e6c4ed3edab7444774/imagesnew1/samune/samune1/OL0008_オーレンズ_ビビリング ブラウン_1day_samune.jpg,NG,606424,0,decode/reencode failed
2025-10-02T21:11:40,imagesnew1/samune/samune1/OL0008_オーレンズ_ビビリング ベージュ_1day_samune.jpg,https://raw.githubusercontent.com/y4m4usr/HL001-quiz-karacon-academia-new/e2cbacf2d8d24222662151e6c4ed3edab7444774/imagesnew1/samune/samune1/OL0008_オーレンズ_ビビリング ベージュ_1day_samune.jpg,NG,606693,0,decode/reencode failed
2025-10-02T21:11:40,imagesnew1/samune/samune1/OL0009_オーレンズ_リアルリング グレー_1day_samune.jpg,https://raw.githubusercontent.com/y4m4usr/HL001-quiz-karacon-academia-new/e2cbacf2d8d24222662151e6c4ed3edab7444774/imagesnew1/samune/samune1/OL0009_オーレンズ_リアルリング グレー_1day_samune.jpg,NG,606735,0,decode/reencode failed
2025-10-02T21:11:40,imagesnew1/samune/samune1/OL0009_オーレンズ_リアルリング ブラウン_1day_samune.jpg,https://raw.githubusercontent.com/y4m4usr/HL001-quiz-karacon-academia-new/e2cbacf2d8d24222662151e6c4ed3edab7444774/imagesnew1/samune/samune1/OL0009_オーレンズ_リアルリング ブラウン_1day_samune.jpg,NG,606897,0,decode/reencode failed
2025-10-02T21:11:41,imagesnew1/samune/samune1/OL0010_オーレンズ_ムードナイト ムードグレー_1day_samune.jpg,https://raw.githubusercontent.com/y4m4usr/HL001-quiz-karacon-academia-new/e2cbacf2d8d24222662151e6c4ed3edab7444774/imagesnew1/samune/samune1/OL0010_オーレンズ_ムードナイト ムードグレー_1day_samune.jpg,NG,606526,0,decode/reencode failed
2025-10-02T21:11:41,imagesnew1/samune/samune1/OL0010_オーレンズ_ムードナイト ムードブラウン_1day_samune.jpg,https://raw.githubusercontent.com/y4m4usr/HL001-quiz-karacon-academia-new/e2cbacf2d8d24222662151e6c4ed3edab7444774/imagesnew1/samune/samune1/OL0010_オーレンズ_ムードナイト ムードブラウン_1day_samune.jpg,NG,606629,0,decode/reencode failed
2025-10-02T21:11:42,imagesnew1/samune/samune1/OL0011_オーレンズ_リアリッシュグレー_1day_samune.jpg,https://raw.githubusercontent.com/y4m4usr/HL001-quiz-karacon-academia-new/e2cbacf2d8d24222662151e6c4ed3edab7444774/imagesnew1/samune/samune1/OL0011_オーレンズ_リアリッシュグレー_1day_samune.jpg,NG,606347,0,decode/reencode failed
2025-10-02T21:11:42,imagesnew1/samune/samune1/OL0011_オーレンズ_リアリッシュブラウン_1day_samune.jpg,https://raw.githubusercontent.com/y4m4usr/HL001-quiz-karacon-academia-new/e2cbacf2d8d24222662151e6c4ed3edab7444774/imagesnew1/samune/samune1/OL0011_オーレンズ_リアリッシュブラウン_1day_samune.jpg,NG,606309,0,decode/reencode failed
2025-10-02T21:11:43,imagesnew1/samune/samune1/OMO0002_オマイオ_イスルアールグレー_1month_samune.jpg,https://raw.githubusercontent.com/y4m4usr/HL001-quiz-karacon-academia-new/e2cbacf2d8d24222662151e6c4ed3edab7444774/imagesnew1/samune/samune1/OMO0002_オマイオ_イスルアールグレー_1month_samune.jpg,NG,606367,0,decode/reencode failed
2025-10-02T21:11:43,imagesnew1/samune/samune1/OMO0002_オマイオ_イスルウォーターブラウン_1month_samune.jpg,https://raw.githubusercontent.com/y4m4usr/HL001-quiz-karacon-academia-new/e2cbacf2d8d24222662151e6c4ed3edab7444774/imagesnew1/samune/samune1/OMO0002_オマイオ_イスルウォーターブラウン_1month_samune.jpg,NG,606210,0,decode/reencode failed
2025-10-02T21:11:44,imagesnew1/samune/samune1/OMO0002_オマイオ_キスブルー_1month_samune.jpg,https://raw.githubusercontent.com/y4m4usr/HL001-quiz-karacon-academia-new/e2cbacf2d8d24222662151e6c4ed3edab7444774/imagesnew1/samune/samune1/OMO0002_オマイオ_キスブルー_1month_samune.jpg,NG,607120,0,decode/reencode failed
2025-10-02T21:11:44,imagesnew1/samune/samune1/OMO0002_オマイオ_シークレットグレー_1month_samune.jpg,https://raw.githubusercontent.com/y4m4usr/HL001-quiz-karacon-academia-new/e2cbacf2d8d24222662151e6c4ed3edab7444774/imagesnew1/samune/samune1/OMO0002_オマイオ_シークレットグレー_1month_samune.jpg,NG,606394,0,decode/reencode failed
2025-10-02T21:11:44,imagesnew1/samune/samune1/OMO0002_オマイオ_シークレットピンクブラウン_1month_samune.jpg,https://raw.githubusercontent.com/y4m4usr/HL001-quiz-karacon-academia-new/e2cbacf2d8d24222662151e6c4ed3edab7444774/imagesnew1/samune/samune1/OMO0002_オマイオ_シークレットピンクブラウン_1month_samune.jpg,NG,606641,0,decode/reencode failed
2025-10-02T21:11:45,imagesnew1/samune/samune1/OMO0002_オマイオ_シークレットブラウン_1month_samune.jpg,https://raw.githubusercontent.com/y4m4usr/HL001-quiz-karacon-academia-new/e2cbacf2d8d24222662151e6c4ed3edab7444774/imagesnew1/samune/samune1/OMO0002_オマイオ_シークレットブラウン_1month_samune.jpg,NG,606781,0,decode/reencode failed
2025-10-02T21:11:45,imagesnew1/samune/samune1/OMO0002_オマイオ_シークレットベージュ_1month_samune.jpg,https://raw.githubusercontent.com/y4m4usr/HL001-quiz-karacon-academia-new/e2cbacf2d8d24222662151e6c4ed3edab7444774/imagesnew1/samune/samune1/OMO0002_オマイオ_シークレットベージュ_1month_samune.jpg,NG,607109,0,decode/reencode failed
2025-10-02T21:11:46,imagesnew1/samune/samune1/OMO0002_オマイオ_シスターアッシュブラウン_1month_samune.jpg,https://raw.githubusercontent.com/y4m4usr/HL001-quiz-karacon-academia-new/e2cbacf2d8d24222662151e6c4ed3edab7444774/imagesnew1/samune/samune1/OMO0002_オマイオ_シスターアッシュブラウン_1month_samune.jpg,NG,606899,0,decode/reencode failed
2025-10-02T21:11:46,imagesnew1/samune/samune1/OMO0002_オマイオ_シスターオリーブブラウン_1month_samune.jpg,https://raw.githubusercontent.com/y4m4usr/HL001-quiz-karacon-academia-new/e2cbacf2d8d24222662151e6c4ed3edab7444774/imagesnew1/samune/samune1/OMO0002_オマイオ_シスターオリーブブラウン_1month_samune.jpg,NG,606425,0,decode/reencode failed
2025-10-02T21:11:46,imagesnew1/samune/samune1/OMO0002_オマイオ_シスターチョコブラウン_1month_samune.jpg,https://raw.githubusercontent.com/y4m4usr/HL001-quiz-karacon-academia-new/e2cbacf2d8d24222662151e6c4ed3edab7444774/imagesnew1/samune/samune1/OMO0002_オマイオ_シスターチョコブラウン_1month_samune.jpg,NG,606161,0,decode/reencode failed
2025-10-02T21:11:47,imagesnew1/samune/samune1/PM0001_プリズメル_アイスオリーブ_1day_samune.jpg,https://raw.githubusercontent.com/y4m4usr/HL001-quiz-karacon-academia-new/e2cbacf2d8d24222662151e6c4ed3edab7444774/imagesnew1/samune/samune1/PM0001_プリズメル_アイスオリーブ_1day_samune.jpg,NG,606865,0,decode/reencode failed
2025-10-02T21:11:47,imagesnew1/samune/samune1/PM0001_プリズメル_ウォータードロップ_1day_samune.jpg,https://raw.githubusercontent.com/y4m4usr/HL001-quiz-karacon-academia-new/e2cbacf2d8d24222662151e6c4ed3edab7444774/imagesnew1/samune/samune1/PM0001_プリズメル_ウォータードロップ_1day_samune.jpg,NG,606511,0,decode/reencode failed
2025-10-02T21:11:47,imagesnew1/samune/samune1/PM0001_プリズメル_キャンディピンク_1day_samune.jpg,https://raw.githubusercontent.com/y4m4usr/HL001-quiz-karacon-academia-new/e2cbacf2d8d24222662151e6c4ed3edab7444774/imagesnew1/samune/samune1/PM0001_プリズメル_キャンディピンク_1day_samune.jpg,NG,606558,0,decode/reencode failed
2025-10-02T21:11:48,imagesnew1/samune/samune1/PM0001_プリズメル_コットングレージュ_1day_samune.jpg,https://raw.githubusercontent.com/y4m4usr/HL001-quiz-karacon-academia-new/e2cbacf2d8d24222662151e6c4ed3edab7444774/imagesnew1/samune/samune1/PM0001_プリズメル_コットングレージュ_1day_samune.jpg,NG,606906,0,decode/reencode failed
2025-10-02T21:11:49,imagesnew1/samune/samune1/PM0001_プリズメル_シュガーグレー_1day_samune.jpg,https://raw.githubusercontent.com/y4m4usr/HL001-quiz-karacon-academia-new/e2cbacf2d8d24222662151e6c4ed3edab7444774/imagesnew1/samune/samune1/PM0001_プリズメル_シュガーグレー_1day_samune.jpg,NG,606854,0,decode/reencode failed
2025-10-02T21:11:49,imagesnew1/samune/samune1/PM0001_プリズメル_シロップベージュ_1day_samune.jpg,https://raw.githubusercontent.com/y4m4usr/HL001-quiz-karacon-academia-new/e2cbacf2d8d24222662151e6c4ed3edab7444774/imagesnew1/samune/samune1/PM0001_プリズメル_シロップベージュ_1day_samune.jpg,NG,606812,0,decode/reencode failed
2025-10-02T21:11:49,imagesnew1/samune/samune1/PM0001_プリズメル_ミルクブラウン_1day_samune.jpg,https://raw.githubusercontent.com/y4m4usr/HL001-quiz-karacon-academia-new/e2cbacf2d8d24222662151e6c4ed3edab7444774/imagesnew1/samune/samune1/PM0001_プリズメル_ミルクブラウン_1day_samune.jpg,NG,606414,0,decode/reencode failed
2025-10-02T21:11:50,imagesnew1/samune/samune1/PR0003_ピュアリティ_エアブラウン_1day_samune.jpg,https://raw.githubusercontent.com/y4m4usr/HL001-quiz-karacon-academia-new/e2cbacf2d8d24222662151e6c4ed3edab7444774/imagesnew1/samune/samune1/PR0003_ピュアリティ_エアブラウン_1day_samune.jpg,NG,606640,0,decode/reencode failed
2025-10-02T21:11:50,imagesnew1/samune/samune1/PR0003_ピュアリティ_サークルブラウン_1day_samune.jpg,https://raw.githubusercontent.com/y4m4usr/HL001-quiz-karacon-academia-new/e2cbacf2d8d24222662151e6c4ed3edab7444774/imagesnew1/samune/samune1/PR0003_ピュアリティ_サークルブラウン_1day_samune.jpg,NG,606997,0,decode/reencode failed
2025-10-02T21:11:50,imagesnew1/samune/samune1/PR0003_ピュアリティ_ソフトブラウン_1day_samune.jpg,https://raw.githubusercontent.com/y4m4usr/HL001-quiz-karacon-academia-new/e2cbacf2d8d24222662151e6c4ed3edab7444774/imagesnew1/samune/samune1/PR0003_ピュアリティ_ソフトブラウン_1day_samune.jpg,NG,606535,0,decode/reencode failed
2025-10-02T21:11:51,imagesnew1/samune/samune1/PR0003_ピュアリティ_モアブラウン_1day_samune.jpg,https://raw.githubusercontent.com/y4m4usr/HL001-quiz-karacon-academia-new/e2cbacf2d8d24222662151e6c4ed3edab7444774/imagesnew1/samune/samune1/PR0003_ピュアリティ_モアブラウン_1day_samune.jpg,NG,606405,0,decode/reencode failed
2025-10-02T21:11:51,imagesnew1/samune/samune1/PRM0001_プリモア_プリガールキャメル_1day_samune.jpg,https://raw.githubusercontent.com/y4m4usr/HL001-quiz-karacon-academia-new/e2cbacf2d8d24222662151e6c4ed3edab7444774/imagesnew1/samune/samune1/PRM0001_プリモア_プリガールキャメル_1day_samune.jpg,NG,606652,0,decode/reencode failed
2025-10-02T21:11:51,imagesnew1/samune/samune1/PRM0001_プリモア_プリガールグレー_1day_samune.jpg,https://raw.githubusercontent.com/y4m4usr/HL001-quiz-karacon-academia-new/e2cbacf2d8d24222662151e6c4ed3edab7444774/imagesnew1/samune/samune1/PRM0001_プリモア_プリガールグレー_1day_samune.jpg,NG,606931,0,decode/reencode failed
2025-10-02T21:11:52,imagesnew1/samune/samune1/PRM0001_プリモア_プリガールローズ_1day_samune.jpg,https://raw.githubusercontent.com/y4m4usr/HL001-quiz-karacon-academia-new/e2cbacf2d8d24222662151e6c4ed3edab7444774/imagesnew1/samune/samune1/PRM0001_プリモア_プリガールローズ_1day_samune.jpg,NG,606589,0,decode/reencode failed
2025-10-02T21:11:52,imagesnew1/samune/samune1/PRM0001_プリモア_プリデートブラウン_1day_samune.jpg,https://raw.githubusercontent.com/y4m4usr/HL001-quiz-karacon-academia-new/e2cbacf2d8d24222662151e6c4ed3edab7444774/imagesnew1/samune/samune1/PRM0001_プリモア_プリデートブラウン_1day_samune.jpg,NG,606519,0,decode/reencode failed
2025-10-02T21:11:52,imagesnew1/samune/samune1/PRM0001_プリモア_プリドーリーブラウン_1day_samune.jpg,https://raw.githubusercontent.com/y4m4usr/HL001-quiz-karacon-academia-new/e2cbacf2d8d24222662151e6c4ed3edab7444774/imagesnew1/samune/samune1/PRM0001_プリモア_プリドーリーブラウン_1day_samune.jpg,NG,606595,0,decode/reencode failed
2025-10-02T21:11:53,imagesnew1/samune/samune1/PRM0001_プリモア_プリパールグレー_1day_samune.jpg,https://raw.githubusercontent.com/y4m4usr/HL001-quiz-karacon-academia-new/e2cbacf2d8d24222662151e6c4ed3edab7444774/imagesnew1/samune/samune1/PRM0001_プリモア_プリパールグレー_1day_samune.jpg,NG,606846,0,decode/reencode failed
2025-10-02T21:11:53,imagesnew1/samune/samune1/PRM0001_プリモア_プリパールブラウン_1day_samune.jpg,https://raw.githubusercontent.com/y4m4usr/HL001-quiz-karacon-academia-new/e2cbacf2d8d24222662151e6c4ed3edab7444774/imagesnew1/samune/samune1/PRM0001_プリモア_プリパールブラウン_1day_samune.jpg,NG,606368,0,decode/reencode failed
2025-10-02T21:11:53,imagesnew1/samune/samune1/PRM0001_プリモア_プリリングピンク_1day_samune.jpg,https://raw.githubusercontent.com/y4m4usr/HL001-quiz-karacon-academia-new/e2cbacf2d8d24222662151e6c4ed3edab7444774/imagesnew1/samune/samune1/PRM0001_プリモア_プリリングピンク_1day_samune.jpg,NG,606547,0,decode/reencode failed
2025-10-02T21:11:54,imagesnew1/samune/samune1/PRM0001_プリモア_プリリングベージュ_1day_samune.jpg,https://raw.githubusercontent.com/y4m4usr/HL001-quiz-karacon-academia-new/e2cbacf2d8d24222662151e6c4ed3edab7444774/imagesnew1/samune/samune1/PRM0001_プリモア_プリリングベージュ_1day_samune.jpg,NG,606506,0,decode/reencode failed
2025-10-02T21:11:54,imagesnew1/samune/samune1/QPR0001_キュプリエ_アムールロゼ_1day_samune.jpg,https://raw.githubusercontent.com/y4m4usr/HL001-quiz-karacon-academia-new/e2cbacf2d8d24222662151e6c4ed3edab7444774/imagesnew1/samune/samune1/QPR0001_キュプリエ_アムールロゼ_1day_samune.jpg,NG,606537,0,decode/reencode failed
2025-10-02T21:11:54,imagesnew1/samune/samune1/QPR0001_キュプリエ_エアルブラック_1day_samune.jpg,https://raw.githubusercontent.com/y4m4usr/HL001-quiz-karacon-academia-new/e2cbacf2d8d24222662151e6c4ed3edab7444774/imagesnew1/samune/samune1/QPR0001_キュプリエ_エアルブラック_1day_samune.jpg,NG,606732,0,decode/reencode failed
2025-10-02T21:11:54,imagesnew1/samune/samune1/QPR0001_キュプリエ_グレーシャトン_1day_samune.jpg,https://raw.githubusercontent.com/y4m4usr/HL001-quiz-karacon-academia-new/e2cbacf2d8d24222662151e6c4ed3edab7444774/imagesnew1/samune/samune1/QPR0001_キュプリエ_グレーシャトン_1day_samune.jpg,NG,606458,0,decode/reencode failed
2025-10-02T21:11:55,imagesnew1/samune/samune1/QPR0001_キュプリエ_シピベージュ_1day_samune.jpg,https://raw.githubusercontent.com/y4m4usr/HL001-quiz-karacon-academia-new/e2cbacf2d8d24222662151e6c4ed3edab7444774/imagesnew1/samune/samune1/QPR0001_キュプリエ_シピベージュ_1day_samune.jpg,NG,606646,0,decode/reencode failed
2025-10-02T21:11:55,imagesnew1/samune/samune1/QPR0001_キュプリエ_シャルムブラウン_1day_samune.jpg,https://raw.githubusercontent.com/y4m4usr/HL001-quiz-karacon-academia-new/e2cbacf2d8d24222662151e6c4ed3edab7444774/imagesnew1/samune/samune1/QPR0001_キュプリエ_シャルムブラウン_1day_samune.jpg,NG,606842,0,decode/reencode failed
2025-10-02T21:11:55,imagesnew1/samune/samune1/QPR0001_キュプリエ_ノワベージュ_1day_samune.jpg,https://raw.githubusercontent.com/y4m4usr/HL001-quiz-karacon-academia-new/e2cbacf2d8d24222662151e6c4ed3edab7444774/imagesnew1/samune/samune1/QPR0001_キュプリエ_ノワベージュ_1day_samune.jpg,NG,607043,0,decode/reencode failed
2025-10-02T21:11:56,imagesnew1/samune/samune1/QPR0001_キュプリエ_べべブラン_1day_samune.jpg,https://raw.githubusercontent.com/y4m4usr/HL001-quiz-karacon-academia-new/e2cbacf2d8d24222662151e6c4ed3edab7444774/imagesnew1/samune/samune1/QPR0001_キュプリエ_べべブラン_1day_samune.jpg,NG,606594,0,decode/reencode failed
2025-10-02T21:11:56,imagesnew1/samune/samune1/QPR0001_キュプリエ_ペルルグレー_1day_samune.jpg,https://raw.githubusercontent.com/y4m4usr/HL001-quiz-karacon-academia-new/e2cbacf2d8d24222662151e6c4ed3edab7444774/imagesnew1/samune/samune1/QPR0001_キュプリエ_ペルルグレー_1day_samune.jpg,NG,606427,0,decode/reencode failed
2025-10-02T21:11:56,imagesnew1/samune/samune1/QPR0001_キュプリエ_リュヌベージュ_1day_samune.jpg,https://raw.githubusercontent.com/y4m4usr/HL001-quiz-karacon-academia-new/e2cbacf2d8d24222662151e6c4ed3edab7444774/imagesnew1/samune/samune1/QPR0001_キュプリエ_リュヌベージュ_1day_samune.jpg,NG,606624,0,decode/reencode failed
2025-10-02T21:11:57,imagesnew1/samune/samune1/RAI0001_レイン_アジサイ_1day_samune.jpg,https://raw.githubusercontent.com/y4m4usr/HL001-quiz-karacon-academia-new/e2cbacf2d8d24222662151e6c4ed3edab7444774/imagesnew1/samune/samune1/RAI0001_レイン_アジサイ_1day_samune.jpg,NG,606626,0,decode/reencode failed
2025-10-02T21:11:57,imagesnew1/samune/samune1/RAI0001_レイン_シベリアンオリーブ_1day_samune.jpg,https://raw.githubusercontent.com/y4m4usr/HL001-quiz-karacon-academia-new/e2cbacf2d8d24222662151e6c4ed3edab7444774/imagesnew1/samune/samune1/RAI0001_レイン_シベリアンオリーブ_1day_samune.jpg,NG,606939,0,decode/reencode failed
2025-10-02T21:11:57,imagesnew1/samune/samune1/RAI0001_レイン_シベリアングレー_1day_samune.jpg,https://raw.githubusercontent.com/y4m4usr/HL001-quiz-karacon-academia-new/e2cbacf2d8d24222662151e6c4ed3edab7444774/imagesnew1/samune/samune1/RAI0001_レイン_シベリアングレー_1day_samune.jpg,NG,606578,0,decode/reencode failed
2025-10-02T21:11:58,imagesnew1/samune/samune1/RAI0001_レイン_シベリアンブルー_1day_samune.jpg,https://raw.githubusercontent.com/y4m4usr/HL001-quiz-karacon-academia-new/e2cbacf2d8d24222662151e6c4ed3edab7444774/imagesnew1/samune/samune1/RAI0001_レイン_シベリアンブルー_1day_samune.jpg,NG,606753,0,decode/reencode failed
2025-10-02T21:11:59,imagesnew1/samune/samune1/RAI0001_レイン_ドールグレー_1day_samune.jpg,https://raw.githubusercontent.com/y4m4usr/HL001-quiz-karacon-academia-new/e2cbacf2d8d24222662151e6c4ed3edab7444774/imagesnew1/samune/samune1/RAI0001_レイン_ドールグレー_1day_samune.jpg,NG,606466,0,decode/reencode failed
2025-10-02T21:11:59,imagesnew1/samune/samune1/RAI0001_レイン_ネモフィラ_1day_samune.jpg,https://raw.githubusercontent.com/y4m4usr/HL001-quiz-karacon-academia-new/e2cbacf2d8d24222662151e6c4ed3edab7444774/imagesnew1/samune/samune1/RAI0001_レイン_ネモフィラ_1day_samune.jpg,NG,606541,0,decode/reencode failed
2025-10-02T21:11:59,imagesnew1/samune/samune1/RAI0001_レイン_リリーグレージュ_1day_samune.jpg,https://raw.githubusercontent.com/y4m4usr/HL001-quiz-karacon-academia-new/e2cbacf2d8d24222662151e6c4ed3edab7444774/imagesnew1/samune/samune1/RAI0001_レイン_リリーグレージュ_1day_samune.jpg,NG,606564,0,decode/reencode failed
2025-10-02T21:12:00,imagesnew1/samune/samune1/RAI0001_レイン_リリーラテ_1day_samune.jpg,https://raw.githubusercontent.com/y4m4usr/HL001-quiz-karacon-academia-new/e2cbacf2d8d24222662151e6c4ed3edab7444774/imagesnew1/samune/samune1/RAI0001_レイン_リリーラテ_1day_samune.jpg,NG,606916,0,decode/reencode failed
2025-10-02T21:12:00,imagesnew1/samune/samune1/RAI0002_レイン_アジサイ_1month_samune.jpg,https://raw.githubusercontent.com/y4m4usr/HL001-quiz-karacon-academia-new/e2cbacf2d8d24222662151e6c4ed3edab7444774/imagesnew1/samune/samune1/RAI0002_レイン_アジサイ_1month_samune.jpg,NG,606786,0,decode/reencode failed
2025-10-02T21:12:00,imagesnew1/samune/samune1/RAI0002_レイン_ドールグレー_1month_samune.jpg,https://raw.githubusercontent.com/y4m4usr/HL001-quiz-karacon-academia-new/e2cbacf2d8d24222662151e6c4ed3edab7444774/imagesnew1/samune/samune1/RAI0002_レイン_ドールグレー_1month_samune.jpg,NG,606746,0,decode/reencode failed
2025-10-02T21:12:01,imagesnew1/samune/samune1/RAI0002_レイン_ネモフィラ_1month_samune.jpg,https://raw.githubusercontent.com/y4m4usr/HL001-quiz-karacon-academia-new/e2cbacf2d8d24222662151e6c4ed3edab7444774/imagesnew1/samune/samune1/RAI0002_レイン_ネモフィラ_1month_samune.jpg,NG,606802,0,decode/reencode failed
2025-10-02T21:12:01,imagesnew1/samune/samune1/RE0001_レヴィア_シアーセーブル_1day_samune.jpg,https://raw.githubusercontent.com/y4m4usr/HL001-quiz-karacon-academia-new/e2cbacf2d8d24222662151e6c4ed3edab7444774/imagesnew1/samune/samune1/RE0001_レヴィア_シアーセーブル_1day_samune.jpg,NG,606638,0,decode/reencode failed
2025-10-02T21:12:01,imagesnew1/samune/samune1/RE0001_レヴィア_ステイミー_1day_samune.jpg,https://raw.githubusercontent.com/y4m4usr/HL001-quiz-karacon-academia-new/e2cbacf2d8d24222662151e6c4ed3edab7444774/imagesnew1/samune/samune1/RE0001_レヴィア_ステイミー_1day_samune.jpg,NG,606658,0,decode/reencode failed
2025-10-02T21:12:02,imagesnew1/samune/samune1/RE0001_レヴィア_ディアマリン_1day_samune.jpg,https://raw.githubusercontent.com/y4m4usr/HL001-quiz-karacon-academia-new/e2cbacf2d8d24222662151e6c4ed3edab7444774/imagesnew1/samune/samune1/RE0001_レヴィア_ディアマリン_1day_samune.jpg,NG,606313,0,decode/reencode failed
2025-10-02T21:12:02,imagesnew1/samune/samune1/RE0001_レヴィア_ハグミー_1day_samune.jpg,https://raw.githubusercontent.com/y4m4usr/HL001-quiz-karacon-academia-new/e2cbacf2d8d24222662151e6c4ed3edab7444774/imagesnew1/samune/samune1/RE0001_レヴィア_ハグミー_1day_samune.jpg,NG,606697,0,decode/reencode failed
2025-10-02T21:12:02,imagesnew1/samune/samune1/RE0001_レヴィア_ビアンカ_1day_samune.jpg,https://raw.githubusercontent.com/y4m4usr/HL001-quiz-karacon-academia-new/e2cbacf2d8d24222662151e6c4ed3edab7444774/imagesnew1/samune/samune1/RE0001_レヴィア_ビアンカ_1day_samune.jpg,NG,606515,0,decode/reencode failed
2025-10-02T21:12:03,imagesnew1/samune/samune1/RE0001_レヴィア_プライベート03_1day_samune.jpg,https://raw.githubusercontent.com/y4m4usr/HL001-quiz-karacon-academia-new/e2cbacf2d8d24222662151e6c4ed3edab7444774/imagesnew1/samune/samune1/RE0001_レヴィア_プライベート03_1day_samune.jpg,NG,606766,0,decode/reencode failed
2025-10-02T21:12:03,imagesnew1/samune/samune1/RE0001_レヴィア_ベイビーバニラ_1day_samune.jpg,https://raw.githubusercontent.com/y4m4usr/HL001-quiz-karacon-academia-new/e2cbacf2d8d24222662151e6c4ed3edab7444774/imagesnew1/samune/samune1/RE0001_レヴィア_ベイビーバニラ_1day_samune.jpg,NG,607514,0,decode/reencode failed
2025-10-02T21:12:03,imagesnew1/samune/samune1/RE0001_レヴィア_ヘイリー_1day_samune.jpg,https://raw.githubusercontent.com/y4m4usr/HL001-quiz-karacon-academia-new/e2cbacf2d8d24222662151e6c4ed3edab7444774/imagesnew1/samune/samune1/RE0001_レヴィア_ヘイリー_1day_samune.jpg,NG,606597,0,decode/reencode failed
2025-10-02T21:12:04,imagesnew1/samune/samune1/RE0001_レヴィア_ペールミラージュ_1day_samune.jpg,https://raw.githubusercontent.com/y4m4usr/HL001-quiz-karacon-academia-new/e2cbacf2d8d24222662151e6c4ed3edab7444774/imagesnew1/samune/samune1/RE0001_レヴィア_ペールミラージュ_1day_samune.jpg,NG,607013,0,decode/reencode failed
2025-10-02T21:12:04,imagesnew1/samune/samune1/RE0001_レヴィア_ミストアイリス_1day_samune.jpg,https://raw.githubusercontent.com/y4m4usr/HL001-quiz-karacon-academia-new/e2cbacf2d8d24222662151e6c4ed3edab7444774/imagesnew1/samune/samune1/RE0001_レヴィア_ミストアイリス_1day_samune.jpg,NG,606699,0,decode/reencode failed
2025-10-02T21:12:04,imagesnew1/samune/samune1/RE0001_レヴィア_メルティベア_1day_samune.jpg,https://raw.githubusercontent.com/y4m4usr/HL001-quiz-karacon-academia-new/e2cbacf2d8d24222662151e6c4ed3edab7444774/imagesnew1/samune/samune1/RE0001_レヴィア_メルティベア_1day_samune.jpg,NG,606721,0,decode/reencode failed
2025-10-02T21:12:05,imagesnew1/samune/samune1/RE0001_レヴィア_ラスタージェム_1day_samune.jpg,https://raw.githubusercontent.com/y4m4usr/HL001-quiz-karacon-academia-new/e2cbacf2d8d24222662151e6c4ed3edab7444774/imagesnew1/samune/samune1/RE0001_レヴィア_ラスタージェム_1day_samune.jpg,NG,606673,0,decode/reencode failed
2025-10-02T21:12:05,imagesnew1/samune/samune1/RE0002_レヴィア_シャイブラウン_1day_samune.jpg,https://raw.githubusercontent.com/y4m4usr/HL001-quiz-karacon-academia-new/e2cbacf2d8d24222662151e6c4ed3edab7444774/imagesnew1/samune/samune1/RE0002_レヴィア_シャイブラウン_1day_samune.jpg,NG,607779,0,decode/reencode failed
2025-10-02T21:12:05,imagesnew1/samune/samune1/RE0002_レヴィア_ヌードブラウン_1day_samune.jpg,https://raw.githubusercontent.com/y4m4usr/HL001-quiz-karacon-academia-new/e2cbacf2d8d24222662151e6c4ed3edab7444774/imagesnew1/samune/samune1/RE0002_レヴィア_ヌードブラウン_1day_samune.jpg,NG,606411,0,decode/reencode failed
2025-10-02T21:12:06,imagesnew1/samune/samune1/RE0002_レヴィア_ブラウン_1day_samune.jpg,https://raw.githubusercontent.com/y4m4usr/HL001-quiz-karacon-academia-new/e2cbacf2d8d24222662151e6c4ed3edab7444774/imagesnew1/samune/samune1/RE0002_レヴィア_ブラウン_1day_samune.jpg,NG,606762,0,decode/reencode failed
2025-10-02T21:12:06,imagesnew1/samune/samune1/RE0002_レヴィア_ブラック_1day_samune.jpg,https://raw.githubusercontent.com/y4m4usr/HL001-quiz-karacon-academia-new/e2cbacf2d8d24222662151e6c4ed3edab7444774/imagesnew1/samune/samune1/RE0002_レヴィア_ブラック_1day_samune.jpg,NG,606745,0,decode/reencode failed
2025-10-02T21:12:06,imagesnew1/samune/samune1/RE0002_レヴィア_ムースブラウン_1day_samune.jpg,https://raw.githubusercontent.com/y4m4usr/HL001-quiz-karacon-academia-new/e2cbacf2d8d24222662151e6c4ed3edab7444774/imagesnew1/samune/samune1/RE0002_レヴィア_ムースブラウン_1day_samune.jpg,NG,606256,0,decode/reencode failed
2025-10-02T21:12:06,imagesnew1/samune/samune1/RE0014_レヴィア_スリークバリア_1day_samune.jpg,https://raw.githubusercontent.com/y4m4usr/HL001-quiz-karacon-academia-new/e2cbacf2d8d24222662151e6c4ed3edab7444774/imagesnew1/samune/samune1/RE0014_レヴィア_スリークバリア_1day_samune.jpg,NG,606754,0,decode/reencode failed
2025-10-02T21:12:07,imagesnew1/samune/samune1/RE0014_レヴィア_ピュアバリア_1day_samune.jpg,https://raw.githubusercontent.com/y4m4usr/HL001-quiz-karacon-academia-new/e2cbacf2d8d24222662151e6c4ed3edab7444774/imagesnew1/samune/samune1/RE0014_レヴィア_ピュアバリア_1day_samune.jpg,NG,606553,0,decode/reencode failed
2025-10-02T21:12:07,imagesnew1/samune/samune1/RE0014_レヴィア_フレアバリア_1day_samune.jpg,https://raw.githubusercontent.com/y4m4usr/HL001-quiz-karacon-academia-new/e2cbacf2d8d24222662151e6c4ed3edab7444774/imagesnew1/samune/samune1/RE0014_レヴィア_フレアバリア_1day_samune.jpg,NG,606702,0,decode/reencode failed
2025-10-02T21:12:07,imagesnew1/samune/samune1/RE0014_レヴィア_ベーシックバリア_1day_samune.jpg,https://raw.githubusercontent.com/y4m4usr/HL001-quiz-karacon-academia-new/e2cbacf2d8d24222662151e6c4ed3edab7444774/imagesnew1/samune/samune1/RE0014_レヴィア_ベーシックバリア_1day_samune.jpg,NG,606630,0,decode/reencode failed
2025-10-02T21:12:08,imagesnew1/samune/samune1/RFL0001_レフィネライト_アリスクラウディ_1day_samune.jpg,https://raw.githubusercontent.com/y4m4usr/HL001-quiz-karacon-academia-new/e2cbacf2d8d24222662151e6c4ed3edab7444774/imagesnew1/samune/samune1/RFL0001_レフィネライト_アリスクラウディ_1day_samune.jpg,NG,606467,0,decode/reencode failed
2025-10-02T21:12:08,imagesnew1/samune/samune1/RFL0001_レフィネライト_クリムゾンルビー_1day_samune.jpg,https://raw.githubusercontent.com/y4m4usr/HL001-quiz-karacon-academia-new/e2cbacf2d8d24222662151e6c4ed3edab7444774/imagesnew1/samune/samune1/RFL0001_レフィネライト_クリムゾンルビー_1day_samune.jpg,NG,606725,0,decode/reencode failed
2025-10-02T21:12:08,imagesnew1/samune/samune1/RFL0001_レフィネライト_シトラスクォーツ_1day_samune.jpg,https://raw.githubusercontent.com/y4m4usr/HL001-quiz-karacon-academia-new/e2cbacf2d8d24222662151e6c4ed3edab7444774/imagesnew1/samune/samune1/RFL0001_レフィネライト_シトラスクォーツ_1day_samune.jpg,NG,606713,0,decode/reencode failed
2025-10-02T21:12:09,imagesnew1/samune/samune1/RFL0001_レフィネライト_バイオレットラピス_1day_samune.jpg,https://raw.githubusercontent.com/y4m4usr/HL001-quiz-karacon-academia-new/e2cbacf2d8d24222662151e6c4ed3edab7444774/imagesnew1/samune/samune1/RFL0001_レフィネライト_バイオレットラピス_1day_samune.jpg,NG,606591,0,decode/reencode failed
2025-10-02T21:12:09,imagesnew1/samune/samune1/RFL0001_レフィネライト_ヨーロピアンアクア_1day_samune.jpg,https://raw.githubusercontent.com/y4m4usr/HL001-quiz-karacon-academia-new/e2cbacf2d8d24222662151e6c4ed3edab7444774/imagesnew1/samune/samune1/RFL0001_レフィネライト_ヨーロピアンアクア_1day_samune.jpg,NG,606444,0,decode/reencode failed
2025-10-02T21:12:09,imagesnew1/samune/samune1/RFL0001_レフィネライト_ラズベリームーン_1day_samune.jpg,https://raw.githubusercontent.com/y4m4usr/HL001-quiz-karacon-academia-new/e2cbacf2d8d24222662151e6c4ed3edab7444774/imagesnew1/samune/samune1/RFL0001_レフィネライト_ラズベリームーン_1day_samune.jpg,NG,607915,0,decode/reencode failed
2025-10-02T21:12:10,imagesnew1/samune/samune1/RFL0001_レフィネライト_ルシエルエメラルド_1day_samune.jpg,https://raw.githubusercontent.com/y4m4usr/HL001-quiz-karacon-academia-new/e2cbacf2d8d24222662151e6c4ed3edab7444774/imagesnew1/samune/samune1/RFL0001_レフィネライト_ルシエルエメラルド_1day_samune.jpg,NG,606861,0,decode/reencode failed
2025-10-02T21:12:10,imagesnew1/samune/samune1/STFM0001_フランミー_アールグレイパフェ_1day_samune.jpg,https://raw.githubusercontent.com/y4m4usr/HL001-quiz-karacon-academia-new/e2cbacf2d8d24222662151e6c4ed3edab7444774/imagesnew1/samune/samune1/STFM0001_フランミー_アールグレイパフェ_1day_samune.jpg,NG,606726,0,decode/reencode failed
2025-10-02T21:12:11,imagesnew1/samune/samune1/STFM0001_フランミー_カカオワッフル_1day_samune.jpg,https://raw.githubusercontent.com/y4m4usr/HL001-quiz-karacon-academia-new/e2cbacf2d8d24222662151e6c4ed3edab7444774/imagesnew1/samune/samune1/STFM0001_フランミー_カカオワッフル_1day_samune.jpg,NG,606417,0,decode/reencode failed
2025-10-02T21:12:11,imagesnew1/samune/samune1/STFM0001_フランミー_きなこロール_1day_samune.jpg,https://raw.githubusercontent.com/y4m4usr/HL001-quiz-karacon-academia-new/e2cbacf2d8d24222662151e6c4ed3edab7444774/imagesnew1/samune/samune1/STFM0001_フランミー_きなこロール_1day_samune.jpg,NG,606526,0,decode/reencode failed
2025-10-02T21:12:12,imagesnew1/samune/samune1/STFM0001_フランミー_キャラメルパイ_1day_samune.jpg,https://raw.githubusercontent.com/y4m4usr/HL001-quiz-karacon-academia-new/e2cbacf2d8d24222662151e6c4ed3edab7444774/imagesnew1/samune/samune1/STFM0001_フランミー_キャラメルパイ_1day_samune.jpg,NG,606889,0,decode/reencode failed
2025-10-02T21:12:12,imagesnew1/samune/samune1/STFM0001_フランミー_クリームマカロン_1day_samune.jpg,https://raw.githubusercontent.com/y4m4usr/HL001-quiz-karacon-academia-new/e2cbacf2d8d24222662151e6c4ed3edab7444774/imagesnew1/samune/samune1/STFM0001_フランミー_クリームマカロン_1day_samune.jpg,NG,606461,0,decode/reencode failed
2025-10-02T21:12:12,imagesnew1/samune/samune1/STFM0001_フランミー_ゴマバーム_1day_samune.jpg,https://raw.githubusercontent.com/y4m4usr/HL001-quiz-karacon-academia-new/e2cbacf2d8d24222662151e6c4ed3edab7444774/imagesnew1/samune/samune1/STFM0001_フランミー_ゴマバーム_1day_samune.jpg,NG,606499,0,decode/reencode failed
2025-10-02T21:12:13,imagesnew1/samune/samune1/STFM0001_フランミー_サクラロール_1day_samune.jpg,https://raw.githubusercontent.com/y4m4usr/HL001-quiz-karacon-academia-new/e2cbacf2d8d24222662151e6c4ed3edab7444774/imagesnew1/samune/samune1/STFM0001_フランミー_サクラロール_1day_samune.jpg,NG,606419,0,decode/reencode failed
2025-10-02T21:12:13,imagesnew1/samune/samune1/STFM0001_フランミー_ソルティーバニラ_1day_samune.jpg,https://raw.githubusercontent.com/y4m4usr/HL001-quiz-karacon-academia-new/e2cbacf2d8d24222662151e6c4ed3edab7444774/imagesnew1/samune/samune1/STFM0001_フランミー_ソルティーバニラ_1day_samune.jpg,NG,606814,0,decode/reencode failed
2025-10-02T21:12:13,imagesnew1/samune/samune1/STFM0001_フランミー_ダークモカ_1day_samune.jpg,https://raw.githubusercontent.com/y4m4usr/HL001-quiz-karacon-academia-new/e2cbacf2d8d24222662151e6c4ed3edab7444774/imagesnew1/samune/samune1/STFM0001_フランミー_ダークモカ_1day_samune.jpg,NG,606756,0,decode/reencode failed
2025-10-02T21:12:13,imagesnew1/samune/samune1/STFM0001_フランミー_チュールロゼ_1day_samune.jpg,https://raw.githubusercontent.com/y4m4usr/HL001-quiz-karacon-academia-new/e2cbacf2d8d24222662151e6c4ed3edab7444774/imagesnew1/samune/samune1/STFM0001_フランミー_チュールロゼ_1day_samune.jpg,NG,606515,0,decode/reencode failed
2025-10-02T21:12:14,imagesnew1/samune/samune1/STFM0001_フランミー_チョコタルト_1day_samune.jpg,https://raw.githubusercontent.com/y4m4usr/HL001-quiz-karacon-academia-new/e2cbacf2d8d24222662151e6c4ed3edab7444774/imagesnew1/samune/samune1/STFM0001_フランミー_チョコタルト_1day_samune.jpg,NG,606526,0,decode/reencode failed
2025-10-02T21:12:14,imagesnew1/samune/samune1/STFM0001_フランミー_ドーナツブラウン_1day_samune.jpg,https://raw.githubusercontent.com/y4m4usr/HL001-quiz-karacon-academia-new/e2cbacf2d8d24222662151e6c4ed3edab7444774/imagesnew1/samune/samune1/STFM0001_フランミー_ドーナツブラウン_1day_samune.jpg,NG,606649,0,decode/reencode failed
2025-10-02T21:12:14,imagesnew1/samune/samune1/STFM0001_フランミー_バターファッジ_1day_samune.jpg,https://raw.githubusercontent.com/y4m4usr/HL001-quiz-karacon-academia-new/e2cbacf2d8d24222662151e6c4ed3edab7444774/imagesnew1/samune/samune1/STFM0001_フランミー_バターファッジ_1day_samune.jpg,NG,606702,0,decode/reencode failed
2025-10-02T21:12:15,imagesnew1/samune/samune1/STFM0001_フランミー_ハニートースト_1day_samune.jpg,https://raw.githubusercontent.com/y4m4usr/HL001-quiz-karacon-academia-new/e2cbacf2d8d24222662151e6c4ed3edab7444774/imagesnew1/samune/samune1/STFM0001_フランミー_ハニートースト_1day_samune.jpg,NG,606691,0,decode/reencode failed
2025-10-02T21:12:15,imagesnew1/samune/samune1/STFM0001_フランミー_フラワームーン_1day_samune.jpg,https://raw.githubusercontent.com/y4m4usr/HL001-quiz-karacon-academia-new/e2cbacf2d8d24222662151e6c4ed3edab7444774/imagesnew1/samune/samune1/STFM0001_フランミー_フラワームーン_1day_samune.jpg,NG,606602,0,decode/reencode failed
2025-10-02T21:12:15,imagesnew1/samune/samune1/STFM0001_フランミー_ホウジチャバーム_1day_samune.jpg,https://raw.githubusercontent.com/y4m4usr/HL001-quiz-karacon-academia-new/e2cbacf2d8d24222662151e6c4ed3edab7444774/imagesnew1/samune/samune1/STFM0001_フランミー_ホウジチャバーム_1day_samune.jpg,NG,606753,0,decode/reencode failed
2025-10-02T21:12:16,imagesnew1/samune/samune1/STFM0001_フランミー_マッチャタルト_1day_samune.jpg,https://raw.githubusercontent.com/y4m4usr/HL001-quiz-karacon-academia-new/e2cbacf2d8d24222662151e6c4ed3edab7444774/imagesnew1/samune/samune1/STFM0001_フランミー_マッチャタルト_1day_samune.jpg,NG,606213,0,decode/reencode failed
2025-10-02T21:12:16,imagesnew1/samune/samune1/STFM0001_フランミー_ミルクプリン_1day_samune.jpg,https://raw.githubusercontent.com/y4m4usr/HL001-quiz-karacon-academia-new/e2cbacf2d8d24222662151e6c4ed3edab7444774/imagesnew1/samune/samune1/STFM0001_フランミー_ミルクプリン_1day_samune.jpg,NG,606858,0,decode/reencode failed
2025-10-02T21:12:16,imagesnew1/samune/samune1/STFM0001_フランミー_メープルシフォン_1day_samune.jpg,https://raw.githubusercontent.com/y4m4usr/HL001-quiz-karacon-academia-new/e2cbacf2d8d24222662151e6c4ed3edab7444774/imagesnew1/samune/samune1/STFM0001_フランミー_メープルシフォン_1day_samune.jpg,NG,606389,0,decode/reencode failed
2025-10-02T21:12:17,imagesnew1/samune/samune1/TP0001_トパーズ_ガーネット_1day_samune.jpg,https://raw.githubusercontent.com/y4m4usr/HL001-quiz-karacon-academia-new/e2cbacf2d8d24222662151e6c4ed3edab7444774/imagesnew1/samune/samune1/TP0001_トパーズ_ガーネット_1day_samune.jpg,NG,606642,0,decode/reencode failed
2025-10-02T21:12:17,imagesnew1/samune/samune1/TP0001_トパーズ_クリームローズ_1day_samune.jpg,https://raw.githubusercontent.com/y4m4usr/HL001-quiz-karacon-academia-new/e2cbacf2d8d24222662151e6c4ed3edab7444774/imagesnew1/samune/samune1/TP0001_トパーズ_クリームローズ_1day_samune.jpg,NG,606526,0,decode/reencode failed
2025-10-02T21:12:18,imagesnew1/samune/samune1/TP0001_トパーズ_クリスタルブルーム_1day_samune.jpg,https://raw.githubusercontent.com/y4m4usr/HL001-quiz-karacon-academia-new/e2cbacf2d8d24222662151e6c4ed3edab7444774/imagesnew1/samune/samune1/TP0001_トパーズ_クリスタルブルーム_1day_samune.jpg,NG,606659,0,decode/reencode failed
2025-10-02T21:12:18,imagesnew1/samune/samune1/TP0001_トパーズ_グレージュクォーツ_1day_samune.jpg,https://raw.githubusercontent.com/y4m4usr/HL001-quiz-karacon-academia-new/e2cbacf2d8d24222662151e6c4ed3edab7444774/imagesnew1/samune/samune1/TP0001_トパーズ_グレージュクォーツ_1day_samune.jpg,NG,606366,0,decode/reencode failed
2025-10-02T21:12:19,imagesnew1/samune/samune1/TP0001_トパーズ_グローブラウン_1day_samune.jpg,https://raw.githubusercontent.com/y4m4usr/HL001-quiz-karacon-academia-new/e2cbacf2d8d24222662151e6c4ed3edab7444774/imagesnew1/samune/samune1/TP0001_トパーズ_グローブラウン_1day_samune.jpg,NG,606738,0,decode/reencode failed
2025-10-02T21:12:19,imagesnew1/samune/samune1/TP0001_トパーズ_ストロベリークォーツ_1day_samune.jpg,https://raw.githubusercontent.com/y4m4usr/HL001-quiz-karacon-academia-new/e2cbacf2d8d24222662151e6c4ed3edab7444774/imagesnew1/samune/samune1/TP0001_トパーズ_ストロベリークォーツ_1day_samune.jpg,NG,606661,0,decode/reencode failed
2025-10-02T21:12:19,imagesnew1/samune/samune1/TP0001_トパーズ_デートトパーズ_1day_samune.jpg,https://raw.githubusercontent.com/y4m4usr/HL001-quiz-karacon-academia-new/e2cbacf2d8d24222662151e6c4ed3edab7444774/imagesnew1/samune/samune1/TP0001_トパーズ_デートトパーズ_1day_samune.jpg,NG,606823,0,decode/reencode failed
2025-10-02T21:12:20,imagesnew1/samune/samune1/TP0002_トパーズ_オパール_1day_samune.jpg,https://raw.githubusercontent.com/y4m4usr/HL001-quiz-karacon-academia-new/e2cbacf2d8d24222662151e6c4ed3edab7444774/imagesnew1/samune/samune1/TP0002_トパーズ_オパール_1day_samune.jpg,NG,606677,0,decode/reencode failed
2025-10-02T21:12:20,imagesnew1/samune/samune1/TP0002_トパーズ_キャットパール_1day_samune.jpg,https://raw.githubusercontent.com/y4m4usr/HL001-quiz-karacon-academia-new/e2cbacf2d8d24222662151e6c4ed3edab7444774/imagesnew1/samune/samune1/TP0002_トパーズ_キャットパール_1day_samune.jpg,NG,606425,0,decode/reencode failed
2025-10-02T21:12:20,imagesnew1/samune/samune1/TP0002_トパーズ_ココトパーズ_1day_samune.jpg,https://raw.githubusercontent.com/y4m4usr/HL001-quiz-karacon-academia-new/e2cbacf2d8d24222662151e6c4ed3edab7444774/imagesnew1/samune/samune1/TP0002_トパーズ_ココトパーズ_1day_samune.jpg,NG,607699,0,decode/reencode failed
2025-10-02T21:12:21,imagesnew1/samune/samune1/TP0002_トパーズ_ベイビーエスプレッソ_1day_samune.jpg,https://raw.githubusercontent.com/y4m4usr/HL001-quiz-karacon-academia-new/e2cbacf2d8d24222662151e6c4ed3edab7444774/imagesnew1/samune/samune1/TP0002_トパーズ_ベイビーエスプレッソ_1day_samune.jpg,NG,606629,0,decode/reencode failed
2025-10-02T21:12:21,imagesnew1/samune/samune1/TP0002_トパーズ_ムーンメルトブラウン_1day_samune.jpg,https://raw.githubusercontent.com/y4m4usr/HL001-quiz-karacon-academia-new/e2cbacf2d8d24222662151e6c4ed3edab7444774/imagesnew1/samune/samune1/TP0002_トパーズ_ムーンメルトブラウン_1day_samune.jpg,NG,606736,0,decode/reencode failed
2025-10-02T21:12:21,imagesnew1/samune/samune1/TP0002_トパーズ_モカリング_1day_samune.jpg,https://raw.githubusercontent.com/y4m4usr/HL001-quiz-karacon-academia-new/e2cbacf2d8d24222662151e6c4ed3edab7444774/imagesnew1/samune/samune1/TP0002_トパーズ_モカリング_1day_samune.jpg,NG,606545,0,decode/reencode failed
2025-10-02T21:12:22,imagesnew1/samune/samune1/TP0002_トパーズ_ラテパール_1day_samune.jpg,https://raw.githubusercontent.com/y4m4usr/HL001-quiz-karacon-academia-new/e2cbacf2d8d24222662151e6c4ed3edab7444774/imagesnew1/samune/samune1/TP0002_トパーズ_ラテパール_1day_samune.jpg,NG,606513,0,decode/reencode failed
2025-10-02T21:12:22,imagesnew1/samune/samune1/TP0003_トパーズ トーリック_オパール CYL-0.75_1day_samune.jpg,https://raw.githubusercontent.com/y4m4usr/HL001-quiz-karacon-academia-new/e2cbacf2d8d24222662151e6c4ed3edab7444774/imagesnew1/samune/samune1/TP0003_トパーズ トーリック_オパール CYL-0.75_1day_samune.jpg,NG,606749,0,decode/reencode failed
2025-10-02T21:12:22,imagesnew1/samune/samune1/TP0003_トパーズ トーリック_ストロベリークォーツ CYL-0.75_1day_samune.jpg,https://raw.githubusercontent.com/y4m4usr/HL001-quiz-karacon-academia-new/e2cbacf2d8d24222662151e6c4ed3edab7444774/imagesnew1/samune/samune1/TP0003_トパーズ トーリック_ストロベリークォーツ CYL-0.75_1day_samune.jpg,NG,607089,0,decode/reencode failed
2025-10-02T21:12:23,imagesnew1/samune/samune1/TP0003_トパーズ トーリック_デートトパーズ CYL-0.75_1day_samune.jpg,https://raw.githubusercontent.com/y4m4usr/HL001-quiz-karacon-academia-new/e2cbacf2d8d24222662151e6c4ed3edab7444774/imagesnew1/samune/samune1/TP0003_トパーズ トーリック_デートトパーズ CYL-0.75_1day_samune.jpg,NG,606396,0,decode/reencode failed
2025-10-02T21:12:23,imagesnew1/samune/samune1/TP0004_トパーズ トーリック_オパール CYL-1.25_1day_samune.jpg,https://raw.githubusercontent.com/y4m4usr/HL001-quiz-karacon-academia-new/e2cbacf2d8d24222662151e6c4ed3edab7444774/imagesnew1/samune/samune1/TP0004_トパーズ トーリック_オパール CYL-1.25_1day_samune.jpg,NG,606355,0,decode/reencode failed
2025-10-02T21:12:23,imagesnew1/samune/samune1/TP0004_トパーズ トーリック_ストロベリークォーツ CYL-1.25_1day_samune.jpg,https://raw.githubusercontent.com/y4m4usr/HL001-quiz-karacon-academia-new/e2cbacf2d8d24222662151e6c4ed3edab7444774/imagesnew1/samune/samune1/TP0004_トパーズ トーリック_ストロベリークォーツ CYL-1.25_1day_samune.jpg,NG,606479,0,decode/reencode failed
2025-10-02T21:12:24,imagesnew1/samune/samune1/TP0004_トパーズ トーリック_デートトパーズ CYL-1.25_1day_samune.jpg,https://raw.githubusercontent.com/y4m4usr/HL001-quiz-karacon-academia-new/e2cbacf2d8d24222662151e6c4ed3edab7444774/imagesnew1/samune/samune1/TP0004_トパーズ トーリック_デートトパーズ CYL-1.25_1day_samune.jpg,NG,606566,0,decode/reencode failed
2025-10-02T21:12:24,imagesnew1/samune/samune1/TP0005_トパーズ_ガーネット_1month_samune.jpg,https://raw.githubusercontent.com/y4m4usr/HL001-quiz-karacon-academia-new/e2cbacf2d8d24222662151e6c4ed3edab7444774/imagesnew1/samune/samune1/TP0005_トパーズ_ガーネット_1month_samune.jpg,NG,606602,0,decode/reencode failed
2025-10-02T21:12:24,imagesnew1/samune/samune1/TP0005_トパーズ_クリームローズ_1month_samune.jpg,https://raw.githubusercontent.com/y4m4usr/HL001-quiz-karacon-academia-new/e2cbacf2d8d24222662151e6c4ed3edab7444774/imagesnew1/samune/samune1/TP0005_トパーズ_クリームローズ_1month_samune.jpg,NG,606645,0,decode/reencode failed
2025-10-02T21:12:25,imagesnew1/samune/samune1/TP0005_トパーズ_ストロベリークォーツ_1month_samune.jpg,https://raw.githubusercontent.com/y4m4usr/HL001-quiz-karacon-academia-new/e2cbacf2d8d24222662151e6c4ed3edab7444774/imagesnew1/samune/samune1/TP0005_トパーズ_ストロベリークォーツ_1month_samune.jpg,NG,606519,0,decode/reencode failed
2025-10-02T21:12:25,imagesnew1/samune/samune1/TP0005_トパーズ_デートトパーズ_1month_samune.jpg,https://raw.githubusercontent.com/y4m4usr/HL001-quiz-karacon-academia-new/e2cbacf2d8d24222662151e6c4ed3edab7444774/imagesnew1/samune/samune1/TP0005_トパーズ_デートトパーズ_1month_samune.jpg,NG,606390,0,decode/reencode failed
2025-10-02T21:12:25,imagesnew1/samune/samune1/TP0006_トパーズ_ベイビーエスプレッソ_1month_samune.jpg,https://raw.githubusercontent.com/y4m4usr/HL001-quiz-karacon-academia-new/e2cbacf2d8d24222662151e6c4ed3edab7444774/imagesnew1/samune/samune1/TP0006_トパーズ_ベイビーエスプレッソ_1month_samune.jpg,NG,606682,0,decode/reencode failed
2025-10-02T21:12:26,imagesnew1/samune/samune1/TP0006_トパーズ_モカリング_1month_samune.jpg,https://raw.githubusercontent.com/y4m4usr/HL001-quiz-karacon-academia-new/e2cbacf2d8d24222662151e6c4ed3edab7444774/imagesnew1/samune/samune1/TP0006_トパーズ_モカリング_1month_samune.jpg,NG,606622,0,decode/reencode failed
2025-10-02T21:12:26,imagesnew1/samune/samune1/TRC0001_トリコニナル_ゾッコンブラウン_1day_samune.jpg,https://raw.githubusercontent.com/y4m4usr/HL001-quiz-karacon-academia-new/e2cbacf2d8d24222662151e6c4ed3edab7444774/imagesnew1/samune/samune1/TRC0001_トリコニナル_ゾッコンブラウン_1day_samune.jpg,NG,606650,0,decode/reencode failed
2025-10-02T21:12:26,imagesnew1/samune/samune1/TRC0001_トリコニナル_トリコグレー_1day_samune.jpg,https://raw.githubusercontent.com/y4m4usr/HL001-quiz-karacon-academia-new/e2cbacf2d8d24222662151e6c4ed3edab7444774/imagesnew1/samune/samune1/TRC0001_トリコニナル_トリコグレー_1day_samune.jpg,NG,606597,0,decode/reencode failed
2025-10-02T21:12:26,imagesnew1/samune/samune1/TRC0001_トリコニナル_トリコベージュ_1day_samune.jpg,https://raw.githubusercontent.com/y4m4usr/HL001-quiz-karacon-academia-new/e2cbacf2d8d24222662151e6c4ed3edab7444774/imagesnew1/samune/samune1/TRC0001_トリコニナル_トリコベージュ_1day_samune.jpg,NG,606281,0,decode/reencode failed
2025-10-02T21:12:27,imagesnew1/samune/samune1/TRC0001_トリコニナル_メロメロブラウン_1day_samune.jpg,https://raw.githubusercontent.com/y4m4usr/HL001-quiz-karacon-academia-new/e2cbacf2d8d24222662151e6c4ed3edab7444774/imagesnew1/samune/samune1/TRC0001_トリコニナル_メロメロブラウン_1day_samune.jpg,NG,606844,0,decode/reencode failed
2025-10-02T21:12:27,imagesnew1/samune/samune1/TRC0001_トリコニナル_溺愛グレー_1day_samune.jpg,https://raw.githubusercontent.com/y4m4usr/HL001-quiz-karacon-academia-new/e2cbacf2d8d24222662151e6c4ed3edab7444774/imagesnew1/samune/samune1/TRC0001_トリコニナル_溺愛グレー_1day_samune.jpg,NG,606765,0,decode/reencode failed
2025-10-02T21:12:27,imagesnew1/samune/samune1/TRC0001_トリコニナル_溺愛ベージュ_1day_samune.jpg,https://raw.githubusercontent.com/y4m4usr/HL001-quiz-karacon-academia-new/e2cbacf2d8d24222662151e6c4ed3edab7444774/imagesnew1/samune/samune1/TRC0001_トリコニナル_溺愛ベージュ_1day_samune.jpg,NG,606852,0,decode/reencode failed
2025-10-02T21:12:28,imagesnew1/samune/samune1/TT0001_とりーてぃー_ごまぷりん_1day_samune.jpg,https://raw.githubusercontent.com/y4m4usr/HL001-quiz-karacon-academia-new/e2cbacf2d8d24222662151e6c4ed3edab7444774/imagesnew1/samune/samune1/TT0001_とりーてぃー_ごまぷりん_1day_samune.jpg,NG,606624,0,decode/reencode failed
2025-10-02T21:12:28,imagesnew1/samune/samune1/TT0001_とりーてぃー_しめさば_1day_samune.jpg,https://raw.githubusercontent.com/y4m4usr/HL001-quiz-karacon-academia-new/e2cbacf2d8d24222662151e6c4ed3edab7444774/imagesnew1/samune/samune1/TT0001_とりーてぃー_しめさば_1day_samune.jpg,NG,606694,0,decode/reencode failed
2025-10-02T21:12:28,imagesnew1/samune/samune1/TT0001_とりーてぃー_たぴおか_1day_samune.jpg,https://raw.githubusercontent.com/y4m4usr/HL001-quiz-karacon-academia-new/e2cbacf2d8d24222662151e6c4ed3edab7444774/imagesnew1/samune/samune1/TT0001_とりーてぃー_たぴおか_1day_samune.jpg,NG,606668,0,decode/reencode failed
2025-10-02T21:12:29,imagesnew1/samune/samune1/TT0001_とりーてぃー_なまちょこ_1day_samune.jpg,https://raw.githubusercontent.com/y4m4usr/HL001-quiz-karacon-academia-new/e2cbacf2d8d24222662151e6c4ed3edab7444774/imagesnew1/samune/samune1/TT0001_とりーてぃー_なまちょこ_1day_samune.jpg,NG,606969,0,decode/reencode failed
2025-10-02T21:12:29,imagesnew1/samune/samune1/TT0001_とりーてぃー_にくじゃが_1day_samune.jpg,https://raw.githubusercontent.com/y4m4usr/HL001-quiz-karacon-academia-new/e2cbacf2d8d24222662151e6c4ed3edab7444774/imagesnew1/samune/samune1/TT0001_とりーてぃー_にくじゃが_1day_samune.jpg,NG,606395,0,decode/reencode failed
2025-10-02T21:12:29,imagesnew1/samune/samune1/TT0001_とりーてぃー_ばさし_1day_samune.jpg,https://raw.githubusercontent.com/y4m4usr/HL001-quiz-karacon-academia-new/e2cbacf2d8d24222662151e6c4ed3edab7444774/imagesnew1/samune/samune1/TT0001_とりーてぃー_ばさし_1day_samune.jpg,NG,606669,0,decode/reencode failed
2025-10-02T21:12:30,imagesnew1/samune/samune1/VC0002_ヴィクトリア_シルキーヴェール_1day_samune.jpg,https://raw.githubusercontent.com/y4m4usr/HL001-quiz-karacon-academia-new/e2cbacf2d8d24222662151e6c4ed3edab7444774/imagesnew1/samune/samune1/VC0002_ヴィクトリア_シルキーヴェール_1day_samune.jpg,NG,606783,0,decode/reencode failed
2025-10-02T21:12:30,imagesnew1/samune/samune1/VC0002_ヴィクトリア_ダスティグレー_1day_samune.jpg,https://raw.githubusercontent.com/y4m4usr/HL001-quiz-karacon-academia-new/e2cbacf2d8d24222662151e6c4ed3edab7444774/imagesnew1/samune/samune1/VC0002_ヴィクトリア_ダスティグレー_1day_samune.jpg,NG,606795,0,decode/reencode failed
2025-10-02T21:12:30,imagesnew1/samune/samune1/VC0002_ヴィクトリア_チョコレート_1day_samune.jpg,https://raw.githubusercontent.com/y4m4usr/HL001-quiz-karacon-academia-new/e2cbacf2d8d24222662151e6c4ed3edab7444774/imagesnew1/samune/samune1/VC0002_ヴィクトリア_チョコレート_1day_samune.jpg,NG,606643,0,decode/reencode failed
2025-10-02T21:12:31,imagesnew1/samune/samune1/VC0002_ヴィクトリア_ピュアトレンチ_1day_samune.jpg,https://raw.githubusercontent.com/y4m4usr/HL001-quiz-karacon-academia-new/e2cbacf2d8d24222662151e6c4ed3edab7444774/imagesnew1/samune/samune1/VC0002_ヴィクトリア_ピュアトレンチ_1day_samune.jpg,NG,606486,0,decode/reencode failed
2025-10-02T21:12:31,imagesnew1/samune/samune1/VC0002_ヴィクトリア_ブラウン_1day_samune.jpg,https://raw.githubusercontent.com/y4m4usr/HL001-quiz-karacon-academia-new/e2cbacf2d8d24222662151e6c4ed3edab7444774/imagesnew1/samune/samune1/VC0002_ヴィクトリア_ブラウン_1day_samune.jpg,NG,606430,0,decode/reencode failed
2025-10-02T21:12:31,imagesnew1/samune/samune1/VC0002_ヴィクトリア_ブラック_1day_samune.jpg,https://raw.githubusercontent.com/y4m4usr/HL001-quiz-karacon-academia-new/e2cbacf2d8d24222662151e6c4ed3edab7444774/imagesnew1/samune/samune1/VC0002_ヴィクトリア_ブラック_1day_samune.jpg,NG,606863,0,decode/reencode failed
2025-10-02T21:12:31,imagesnew1/samune/samune1/VC0002_ヴィクトリア_ベルベットモカ_1day_samune.jpg,https://raw.githubusercontent.com/y4m4usr/HL001-quiz-karacon-academia-new/e2cbacf2d8d24222662151e6c4ed3edab7444774/imagesnew1/samune/samune1/VC0002_ヴィクトリア_ベルベットモカ_1day_samune.jpg,NG,606730,0,decode/reencode failed
2025-10-02T21:12:32,imagesnew1/samune/samune1/VG0001_ビクトリアガーデン_チョコレートブラウン_1month_samune.jpg,https://raw.githubusercontent.com/y4m4usr/HL001-quiz-karacon-academia-new/e2cbacf2d8d24222662151e6c4ed3edab7444774/imagesnew1/samune/samune1/VG0001_ビクトリアガーデン_チョコレートブラウン_1month_samune.jpg,NG,606967,0,decode/reencode failed
2025-10-02T21:12:32,imagesnew1/samune/samune1/VG0001_ビクトリアガーデン_ヘーゼルクラッシュ_1month_samune.jpg,https://raw.githubusercontent.com/y4m4usr/HL001-quiz-karacon-academia-new/e2cbacf2d8d24222662151e6c4ed3edab7444774/imagesnew1/samune/samune1/VG0001_ビクトリアガーデン_ヘーゼルクラッシュ_1month_samune.jpg,NG,606260,0,decode/reencode failed
2025-10-02T21:12:32,imagesnew1/samune/samune1/VG0002_ビクトリアガーデン_スプライトグレー_1day_samune.jpg,https://raw.githubusercontent.com/y4m4usr/HL001-quiz-karacon-academia-new/e2cbacf2d8d24222662151e6c4ed3edab7444774/imagesnew1/samune/samune1/VG0002_ビクトリアガーデン_スプライトグレー_1day_samune.jpg,NG,606825,0,decode/reencode failed
2025-10-02T21:12:33,imagesnew1/samune/samune1/VG0002_ビクトリアガーデン_チーキーベア_1day_samune.jpg,https://raw.githubusercontent.com/y4m4usr/HL001-quiz-karacon-academia-new/e2cbacf2d8d24222662151e6c4ed3edab7444774/imagesnew1/samune/samune1/VG0002_ビクトリアガーデン_チーキーベア_1day_samune.jpg,NG,606377,0,decode/reencode failed
2025-10-02T21:12:33,imagesnew1/samune/samune1/VG0002_ビクトリアガーデン_ディップピンク_1day_samune.jpg,https://raw.githubusercontent.com/y4m4usr/HL001-quiz-karacon-academia-new/e2cbacf2d8d24222662151e6c4ed3edab7444774/imagesnew1/samune/samune1/VG0002_ビクトリアガーデン_ディップピンク_1day_samune.jpg,NG,606811,0,decode/reencode failed
2025-10-02T21:12:33,imagesnew1/samune/samune1/VG0002_ビクトリアガーデン_バニラベージュ_1day_samune.jpg,https://raw.githubusercontent.com/y4m4usr/HL001-quiz-karacon-academia-new/e2cbacf2d8d24222662151e6c4ed3edab7444774/imagesnew1/samune/samune1/VG0002_ビクトリアガーデン_バニラベージュ_1day_samune.jpg,NG,606138,0,decode/reencode failed
2025-10-02T21:12:34,imagesnew1/samune/samune1/VG0002_ビクトリアガーデン_ブレイジーグレー_1day_samune.jpg,https://raw.githubusercontent.com/y4m4usr/HL001-quiz-karacon-academia-new/e2cbacf2d8d24222662151e6c4ed3edab7444774/imagesnew1/samune/samune1/VG0002_ビクトリアガーデン_ブレイジーグレー_1day_samune.jpg,NG,606830,0,decode/reencode failed
2025-10-02T21:12:34,imagesnew1/samune/samune1/VG0002_ビクトリアガーデン_ブレイジーベージュ_1day_samune.jpg,https://raw.githubusercontent.com/y4m4usr/HL001-quiz-karacon-academia-new/e2cbacf2d8d24222662151e6c4ed3edab7444774/imagesnew1/samune/samune1/VG0002_ビクトリアガーデン_ブレイジーベージュ_1day_samune.jpg,NG,606489,0,decode/reencode failed
2025-10-02T21:12:34,imagesnew1/samune/samune1/VL0001_ヴィレジェ_インシャンパープル_1day_samune.jpg,https://raw.githubusercontent.com/y4m4usr/HL001-quiz-karacon-academia-new/e2cbacf2d8d24222662151e6c4ed3edab7444774/imagesnew1/samune/samune1/VL0001_ヴィレジェ_インシャンパープル_1day_samune.jpg,NG,606681,0,decode/reencode failed
2025-10-02T21:12:35,imagesnew1/samune/samune1/VL0001_ヴィレジェ_メイリーネイビー_1day_samune.jpg,https://raw.githubusercontent.com/y4m4usr/HL001-quiz-karacon-academia-new/e2cbacf2d8d24222662151e6c4ed3edab7444774/imagesnew1/samune/samune1/VL0001_ヴィレジェ_メイリーネイビー_1day_samune.jpg,NG,606346,0,decode/reencode failed
2025-10-02T21:12:35,imagesnew1/samune/samune1/VL0002_ヴィレジェ_アイニーピンク_1day_samune.jpg,https://raw.githubusercontent.com/y4m4usr/HL001-quiz-karacon-academia-new/e2cbacf2d8d24222662151e6c4ed3edab7444774/imagesnew1/samune/samune1/VL0002_ヴィレジェ_アイニーピンク_1day_samune.jpg,NG,606521,0,decode/reencode failed
2025-10-02T21:12:35,imagesnew1/samune/samune1/VL0002_ヴィレジェ_チークグレー_1day_samune.jpg,https://raw.githubusercontent.com/y4m4usr/HL001-quiz-karacon-academia-new/e2cbacf2d8d24222662151e6c4ed3edab7444774/imagesnew1/samune/samune1/VL0002_ヴィレジェ_チークグレー_1day_samune.jpg,NG,606605,0,decode/reencode failed
2025-10-02T21:12:36,imagesnew1/samune/samune1/VL0002_ヴィレジェ_トゥミングレージュ_1day_samune.jpg,https://raw.githubusercontent.com/y4m4usr/HL001-quiz-karacon-academia-new/e2cbacf2d8d24222662151e6c4ed3edab7444774/imagesnew1/samune/samune1/VL0002_ヴィレジェ_トゥミングレージュ_1day_samune.jpg,NG,606844,0,decode/reencode failed
2025-10-02T21:12:36,imagesnew1/samune/samune1/VL0002_ヴィレジェ_モウタンブラウン_1day_samune.jpg,https://raw.githubusercontent.com/y4m4usr/HL001-quiz-karacon-academia-new/e2cbacf2d8d24222662151e6c4ed3edab7444774/imagesnew1/samune/samune1/VL0002_ヴィレジェ_モウタンブラウン_1day_samune.jpg,NG,606526,0,decode/reencode failed
2025-10-02T21:12:36,imagesnew1/samune/samune1/VM0003_ビューム_レディショコラ_1day_samune.jpg,https://raw.githubusercontent.com/y4m4usr/HL001-quiz-karacon-academia-new/e2cbacf2d8d24222662151e6c4ed3edab7444774/imagesnew1/samune/samune1/VM0003_ビューム_レディショコラ_1day_samune.jpg,NG,606416,0,decode/reencode failed
2025-10-02T21:12:36,imagesnew1/samune/samune1/VM0003_ビューム_星屑キャンディー_1day_samune.jpg,https://raw.githubusercontent.com/y4m4usr/HL001-quiz-karacon-academia-new/e2cbacf2d8d24222662151e6c4ed3edab7444774/imagesnew1/samune/samune1/VM0003_ビューム_星屑キャンディー_1day_samune.jpg,NG,607146,0,decode/reencode failed
2025-10-02T21:12:37,imagesnew1/samune/samune1/VM0003_ビューム_淡雪うさぎ_1day_samune.jpg,https://raw.githubusercontent.com/y4m4usr/HL001-quiz-karacon-academia-new/e2cbacf2d8d24222662151e6c4ed3edab7444774/imagesnew1/samune/samune1/VM0003_ビューム_淡雪うさぎ_1day_samune.jpg,NG,606401,0,decode/reencode failed
2025-10-02T21:12:38,imagesnew1/samune/samune1/VM0003_ビューム_天使のなみだ_1day_samune.jpg,https://raw.githubusercontent.com/y4m4usr/HL001-quiz-karacon-academia-new/e2cbacf2d8d24222662151e6c4ed3edab7444774/imagesnew1/samune/samune1/VM0003_ビューム_天使のなみだ_1day_samune.jpg,NG,606861,0,decode/reencode failed
2025-10-02T21:12:38,imagesnew1/samune/samune1/VM0003_ビューム_満月パンケーキ_1day_samune.jpg,https://raw.githubusercontent.com/y4m4usr/HL001-quiz-karacon-academia-new/e2cbacf2d8d24222662151e6c4ed3edab7444774/imagesnew1/samune/samune1/VM0003_ビューム_満月パンケーキ_1day_samune.jpg,NG,607177,0,decode/reencode failed
2025-10-02T21:12:38,imagesnew1/samune/samune1/VV0001_ヴェルヴェティア_ブーケブラウン_1day_samune.jpg,https://raw.githubusercontent.com/y4m4usr/HL001-quiz-karacon-academia-new/e2cbacf2d8d24222662151e6c4ed3edab7444774/imagesnew1/samune/samune1/VV0001_ヴェルヴェティア_ブーケブラウン_1day_samune.jpg,NG,606512,0,decode/reencode failed
2025-10-02T21:12:39,imagesnew1/samune/samune1/VV0001_ヴェルヴェティア_ミストグレージュ_1day_samune.jpg,https://raw.githubusercontent.com/y4m4usr/HL001-quiz-karacon-academia-new/e2cbacf2d8d24222662151e6c4ed3edab7444774/imagesnew1/samune/samune1/VV0001_ヴェルヴェティア_ミストグレージュ_1day_samune.jpg,NG,606622,0,decode/reencode failed
2025-10-02T21:12:39,imagesnew1/samune/samune1/VV0001_ヴェルヴェティア_モカヴェール_1day_samune.jpg,https://raw.githubusercontent.com/y4m4usr/HL001-quiz-karacon-academia-new/e2cbacf2d8d24222662151e6c4ed3edab7444774/imagesnew1/samune/samune1/VV0001_ヴェルヴェティア_モカヴェール_1day_samune.jpg,NG,607630,0,decode/reencode failed
2025-10-02T21:12:39,imagesnew1/samune/samune1/VV0001_ヴェルヴェティア_ロゼフィルム_1day_samune.jpg,https://raw.githubusercontent.com/y4m4usr/HL001-quiz-karacon-academia-new/e2cbacf2d8d24222662151e6c4ed3edab7444774/imagesnew1/samune/samune1/VV0001_ヴェルヴェティア_ロゼフィルム_1day_samune.jpg,NG,606463,0,decode/reencode failed
2025-10-02T21:12:39,imagesnew1/samune/samune1/WN0001_ワナフ_クッショングロー_1day_samune.jpg,https://raw.githubusercontent.com/y4m4usr/HL001-quiz-karacon-academia-new/e2cbacf2d8d24222662151e6c4ed3edab7444774/imagesnew1/samune/samune1/WN0001_ワナフ_クッショングロー_1day_samune.jpg,NG,606409,0,decode/reencode failed
2025-10-02T21:12:40,imagesnew1/samune/samune1/WN0001_ワナフ_グラスミラー_1day_samune.jpg,https://raw.githubusercontent.com/y4m4usr/HL001-quiz-karacon-academia-new/e2cbacf2d8d24222662151e6c4ed3edab7444774/imagesnew1/samune/samune1/WN0001_ワナフ_グラスミラー_1day_samune.jpg,NG,607143,0,decode/reencode failed
2025-10-02T21:12:40,imagesnew1/samune/samune1/WN0001_ワナフ_シャイルージュ_1day_samune.jpg,https://raw.githubusercontent.com/y4m4usr/HL001-quiz-karacon-academia-new/e2cbacf2d8d24222662151e6c4ed3edab7444774/imagesnew1/samune/samune1/WN0001_ワナフ_シャイルージュ_1day_samune.jpg,NG,606763,0,decode/reencode failed
2025-10-02T21:12:40,imagesnew1/samune/samune1/WN0001_ワナフ_セレングロー_1day_samune.jpg,https://raw.githubusercontent.com/y4m4usr/HL001-quiz-karacon-academia-new/e2cbacf2d8d24222662151e6c4ed3edab7444774/imagesnew1/samune/samune1/WN0001_ワナフ_セレングロー_1day_samune.jpg,NG,606898,0,decode/reencode failed
